Filtering the log data using "subsystem == "com.apple.bluetooth""
Timestamp               Ty Process[PID:TID]
2025-07-21 17:05:15.175 Df bluetoothd[154:454ef4b] [com.apple.bluetooth:Server.Core] Le [0x44]: time  12, coex   0, rssi -41, tx [S=  0:F=  0], rx [S= 89:F=  0], 1M {rx 0, tx 0}, 2M {rx 0, tx 89}
2025-07-21 17:05:15.175 Df bluetoothd[154:454f3e5] [com.apple.bluetooth:Server.Core] HID Latency Statistics events indicated HID lag issue is detected on connection handle 0x0044, vid = 1133 (0x046d), pid = 45105 (0xb031)
2025-07-21 17:05:15.175 Df bluetoothd[154:454f3e5] [com.apple.bluetooth:Server.Core] BT Stats for metric '<private>' sent to CoreAnalytics with result 0
2025-07-21 17:05:15.176 Df bluetoothd[154:b9c] [com.apple.bluetooth:BTServicesClient] TargetUserSession kylemathewson 501
2025-07-21 17:05:15.178 Df audioaccessoryd[4247:454f78a] [com.apple.bluetooth:BTServicesDaemon] DiagnosticControl: { "IsDeviceStatisticEnabled" : true, "NumberOfRSSIDecreasedMoreThan30dBm" : 0, "FWVersion" : "0.0.0", "HFPSessionState" : 3, "DeviceLowestRSSI" : -54, "AverageHIDLatencyInMSec" : 20, "PID" : 45105, "SniffInterval_Bin_01_11.25ms" : 0, "WiFiOnWhichBand" : 0, "TotalAnomaliesInBins" : 3, "SniffInterval_Bin_11_750ms" : 0, "DisconnectReason" : 0, "LEASessionState" : 3, "SniffInterval_Bin_02_15ms" : 1, "PER" : 0, "RSSI" : 0, "SniffIntervalSkippedPercentage" : 0, "SniffInterval_Bin_10_500ms" : 2, "DSniffOffset" : 2, "SniffInterval_Bin_12_>750ms" : 0, "ConnectedClassicDevice" : 0, "SniffInterval_Bin_05_45ms" : 1, "IsHFPActive" : false, "TriggerReason" : "Anomaly", "WiFiPowerState" : 2, "IsLEAStreaming" : false, "SniffIntervalSkipped" : 0, "NumberOfRSSIIncreasedMoreThan30dBm" : 0, "MaxHIDLatencyInMSec" : "120ms", "NumberOfAppleMouseOrTrackpadConnected" : 1, "StatisticsCollectedInSeconds" : 1, "SniffIntervalServicedPercentage" : 201, "_input" : "HIDLagDetected", "SniffInterval_Bin_09_150ms" :<…>
2025-07-21 17:05:15.178 Df audioaccessoryd[4247:454f78a] [com.apple.bluetooth:BTServicesDaemon] A2DPSessionState" : 3, "NumberOfRSSIDecreasedBetween26To30dBm" : 0, "ConnectedLEDevice" : 0, }
2025-07-21 17:05:15.178 Df audioaccessoryd[4247:454f78a] [com.apple.bluetooth:BTServicesDaemon] Diag: Bluetooth HID lag banner not shown due to throttle
2025-07-21 17:05:15.178 Df bluetoothd[154:b9c] [com.apple.bluetooth:BTServicesClient] Invalidating
2025-07-21 17:05:15.421 Df bluetoothd[154:454f3e5] [com.apple.bluetooth:Server.Core] Classic [0x10]: time   2, coex   0, rssi -43, tx [S=  0:F=  0], rx [S=  0:F=  0], Pkt Tx{0 0 0}{0 0 0}{0 0 0} Rx{0 0 0}{0 0 0}{0 0 0}
2025-07-21 17:05:15.421 Df bluetoothd[154:11d8] [com.apple.bluetooth:Server.Core] Desense: WLAN Status: ON, isWiFiAssociated: No, wiFiAssociatedBand2GHz: No, wiFiAssociatedBand5GHz: No
2025-07-21 17:05:15.421 Df bluetoothd[154:454f3e5] [com.apple.bluetooth:Server.MacCoex] Desense Detection: Current Minimum NF Value for Core0 is -112 and Core1 is -112, current state is Off, current number of connected USBs is 2 and USB Detected is True
2025-07-21 17:05:16.174 Df bluetoothd[154:454e48a] [com.apple.bluetooth:Server.Core] Le [0x44]: time   3, coex   0, rssi -46, tx [S=  0:F=  0], rx [S=118:F=  0], 1M {rx 0, tx 0}, 2M {rx 0, tx 118}
2025-07-21 17:05:16.174 Df bluetoothd[154:454f3e5] [com.apple.bluetooth:Server.Core] HID Latency Statistics events indicated HID lag issue is detected on connection handle 0x0044, vid = 1133 (0x046d), pid = 45105 (0xb031)
2025-07-21 17:05:16.174 Df bluetoothd[154:454f3e5] [com.apple.bluetooth:Server.Core] BT Stats for metric '<private>' sent to CoreAnalytics with result 0
2025-07-21 17:05:16.174 Df bluetoothd[154:b9c] [com.apple.bluetooth:BTServicesClient] TargetUserSession kylemathewson 501
2025-07-21 17:05:16.176 Df audioaccessoryd[4247:454f78a] [com.apple.bluetooth:BTServicesDaemon] DiagnosticControl: { "IsDeviceStatisticEnabled" : true, "NumberOfRSSIDecreasedMoreThan30dBm" : 0, "FWVersion" : "0.0.0", "HFPSessionState" : 3, "DeviceLowestRSSI" : -54, "AverageHIDLatencyInMSec" : 9, "PID" : 45105, "SniffInterval_Bin_01_11.25ms" : 0, "WiFiOnWhichBand" : 0, "TotalAnomaliesInBins" : 1, "SniffInterval_Bin_11_750ms" : 0, "DisconnectReason" : 0, "LEASessionState" : 3, "SniffInterval_Bin_02_15ms" : 2, "PER" : 0, "RSSI" : 0, "SniffIntervalSkippedPercentage" : 0, "SniffInterval_Bin_10_500ms" : 0, "DSniffOffset" : 2, "SniffInterval_Bin_12_>750ms" : 0, "ConnectedClassicDevice" : 0, "SniffInterval_Bin_05_45ms" : 0, "IsHFPActive" : false, "TriggerReason" : "Anomaly", "WiFiPowerState" : 2, "IsLEAStreaming" : false, "SniffIntervalSkipped" : 0, "NumberOfRSSIIncreasedMoreThan30dBm" : 0, "MaxHIDLatencyInMSec" : "120ms", "NumberOfAppleMouseOrTrackpadConnected" : 1, "StatisticsCollectedInSeconds" : 1, "SniffIntervalServicedPercentage" : 200, "_input" : "HIDLagDetected", "SniffInterval_Bin_09_150ms" : <…>
2025-07-21 17:05:16.176 Df audioaccessoryd[4247:454f78a] [com.apple.bluetooth:BTServicesDaemon] A2DPSessionState" : 3, "NumberOfRSSIDecreasedBetween26To30dBm" : 0, "ConnectedLEDevice" : 0, }
2025-07-21 17:05:16.176 Df audioaccessoryd[4247:454f78a] [com.apple.bluetooth:BTServicesDaemon] Diag: Bluetooth HID lag banner not shown due to throttle
2025-07-21 17:05:16.177 Df bluetoothd[154:b9c] [com.apple.bluetooth:BTServicesClient] Invalidating
2025-07-21 17:05:16.421 Df bluetoothd[154:454e48a] [com.apple.bluetooth:Server.Core] Classic [0x10]: time   2, coex   0, rssi -43, tx [S=  0:F=  0], rx [S=  0:F=  0], Pkt Tx{0 0 0}{0 0 0}{0 0 0} Rx{0 0 0}{0 0 0}{0 0 0}
2025-07-21 17:05:16.421 Df bluetoothd[154:11d8] [com.apple.bluetooth:Server.Core] Desense: WLAN Status: ON, isWiFiAssociated: No, wiFiAssociatedBand2GHz: No, wiFiAssociatedBand5GHz: No
2025-07-21 17:05:16.866 Df bluetoothd[154:454e48a] [com.apple.bluetooth:Server.MacCoex] Adding LE Connection <private>
2025-07-21 17:05:16.867 Df bluetoothd[154:454e48a] [com.apple.bluetooth:Server.MacCoex] Posting Bluetooth Status Notification <private>
2025-07-21 17:05:17.176 Df bluetoothd[154:454f0e9] [com.apple.bluetooth:Server.Core] Le [0x44]: time   6, coex   0, rssi -49, tx [S=  0:F=  0], rx [S=108:F=  0], 1M {rx 0, tx 0}, 2M {rx 0, tx 108}
2025-07-21 17:05:17.391 Df identityservicesd[4146:4a76e] [com.apple.bluetooth:WirelessProximity] Continuity start advertising with data: advertising request of type 12, priority 7, UseFG 48 (30.00 ms), data {length = 14, bytes = 0x086c1d80bda4e5dcd35baa6ac953}, connectable 1, addr change 1, options {
}, advertisementRequestedAt 0
2025-07-21 17:05:17.391 Df bluetoothd[154:454f0e9] [com.apple.bluetooth:WirelessProximity] Start advertising for process identityservicesd (4146) of type 12 with advertising interval 48 (30.00 ms)
2025-07-21 17:05:17.392 Df bluetoothd[154:454f0e9] [com.apple.bluetooth:WirelessProximity] Setting advert timer for client 12 with time 2.00
2025-07-21 17:05:17.392 Df bluetoothd[154:454f0e9] [com.apple.bluetooth:WirelessProximity] [Privacy] removeAdvertisingRequest: 12, <private>
2025-07-21 17:05:17.392 Df bluetoothd[154:454f0e9] [com.apple.bluetooth:WirelessProximity] Adding data of type: 9, advData: {length = 8, bytes = 0x132ec0a801411b58} advInterval: 290 EPA:0
2025-07-21 17:05:17.392 Df bluetoothd[154:454f0e9] [com.apple.bluetooth:WirelessProximity] Current advertisement packet: {length = 10, bytes = 0x0908132ec0a801411b58} advertRate: 290 EPA:0
2025-07-21 17:05:17.392 Df bluetoothd[154:454f0e9] [com.apple.bluetooth:WirelessProximity] Adding data of type: 12, advData: {length = 14, bytes = 0x086c1d80bda4e5dcd35baa6ac953} advInterval: 48 EPA:0
2025-07-21 17:05:17.392 Df bluetoothd[154:454f0e9] [com.apple.bluetooth:WirelessProximity] Current advertisement packet: {length = 16, bytes = 0x0c0e086c1d80bda4e5dcd35baa6ac953} advertRate: 48 EPA:0
2025-07-21 17:05:17.392 Df bluetoothd[154:454f0e9] [com.apple.bluetooth:WirelessProximity] Adding data of type: 16, advData: {length = 6, bytes = 0x4b1d3a805f58} advInterval: 432 EPA:0
2025-07-21 17:05:17.392 Df bluetoothd[154:454f0e9] [com.apple.bluetooth:WirelessProximity] Current advertisement packet: {length = 24, bytes = 0x0c0e086c1d80bda4e5dcd35baa6ac95310064b1d3a805f58} advertRate: 48 EPA:0
2025-07-21 17:05:17.392 Df bluetoothd[154:454f0e9] [com.apple.bluetooth:WirelessProximity] Adding data of type: 22, advData: {length = 8, bytes = 0x0095ed5ad776ba42} advInterval: 290 EPA:0
2025-07-21 17:05:17.392 Df bluetoothd[154:454f0e9] [com.apple.bluetooth:WirelessProximity] Current advertisement packet: {length = 20, bytes = 0x0908132ec0a801411b5816080095ed5ad776ba42} advertRate: 290 EPA:0
2025-07-21 17:05:17.392 Df bluetoothd[154:454f0e9] [com.apple.bluetooth:WirelessProximity] [Privacy] AdvertisingRulesiOS: current connectable advertisers: <private>, current clients for address change notification: <private>
2025-07-21 17:05:17.392 Df bluetoothd[154:454f0e9] [com.apple.bluetooth:WirelessProximity] [Privacy] AdvertisingRulesiOS: remaining connectable advertisers: <private>, notification clients: <private>
2025-07-21 17:05:17.392 Df bluetoothd[154:454f0e9] [com.apple.bluetooth:WirelessProximity] [Privacy] AdvertisingRulesiOS: current non-connectable advertisers: <private>, current clients for address change notification: <private>
2025-07-21 17:05:17.392 Df bluetoothd[154:454f0e9] [com.apple.bluetooth:WirelessProximity] [Privacy] AdvertisingRulesiOS: remaining non-connectable advertisers: <private>, notification clients: <private>
2025-07-21 17:05:17.392 Df bluetoothd[154:454f0e9] [com.apple.bluetooth:WirelessProximity] AdvertisingRulesiOS - current advertisers: 9 12 16 22
2025-07-21 17:05:17.392 Df bluetoothd[154:454f0e9] [com.apple.bluetooth:WirelessProximity] [Privacy] AdvertisingRulesiOS: AddrChangeNotificationNeeded adv packet:  <private>
2025-07-21 17:05:17.392 Df bluetoothd[154:454f0e9] [com.apple.bluetooth:WirelessProximity] [Privacy] AdvertisingRulesiOS: AddrChangeNotificationNeeded adv packet:  <private>
2025-07-21 17:05:17.392 Df bluetoothd[154:454f0e9] [com.apple.bluetooth:WirelessProximity] AdvertisingRulesiOS - advertising packets: (
        {
        kCBAdvDataAppleMfgData = {length = 28, bytes = 0x1bff4c00 0c0e086c 1d80bda4 e5dcd35b ... 10064b1d 3a805f58 };
        kCBAdvDataIsConnectable = 1;
        kCBAdvOptionAdvertisingInterval = 48;
        kCBAdvOptionStopOnAdvertisingAddressChange = 1;
        kCBManagerListOfClients =         (
            "com.apple.identityservicesd",
            "com.apple.sharingd"
        );
        kCBMsgArgIsPrivilegedDaemon = 1;
    },
        {
        kCBAdvDataAppleMfgData = {length = 24, bytes = 0x17ff4c000908132ec0a801411b5816080095ed5ad776ba42};
        kCBAdvDataIsConnectable = 0;
        kCBAdvOptionAdvertisingInterval = 290;
        kCBAdvOptionStopOnAdvertisingAddressChange = 1;
        kCBMsgArgIsPrivilegedDaemon = 1;
    }
)
2025-07-21 17:05:17.392 Df bluetoothd[154:454f0e9] [com.apple.bluetooth:WirelessProximity] Requesting to start advertising for clients 9 12 16 22  with (
        {
        kCBAdvDataAppleMfgData = {length = 28, bytes = 0x1bff4c00 0c0e086c 1d80bda4 e5dcd35b ... 10064b1d 3a805f58 };
        kCBAdvDataIsConnectable = 1;
        kCBAdvOptionAdvertisingInterval = 48;
        kCBAdvOptionStopOnAdvertisingAddressChange = 1;
        kCBManagerListOfClients =         (
            "com.apple.identityservicesd",
            "com.apple.sharingd"
        );
        kCBMsgArgIsPrivilegedDaemon = 1;
    },
        {
        kCBAdvDataAppleMfgData = {length = 24, bytes = 0x17ff4c000908132ec0a801411b5816080095ed5ad776ba42};
        kCBAdvDataIsConnectable = 0;
        kCBAdvOptionAdvertisingInterval = 290;
        kCBAdvOptionStopOnAdvertisingAddressChange = 1;
        kCBMsgArgIsPrivilegedDaemon = 1;
    }
)
2025-07-21 17:05:17.393 Df bluetoothd[154:454e48a] [com.apple.bluetooth:Server.XPC] Received XPC message "CBMsgIdStopAdvertising" from session "com.apple.bluetoothd-peripheral-154-4"
2025-07-21 17:05:17.393 Df bluetoothd[154:454e48a] [com.apple.bluetooth:Server.LE.Advertise] Received 'stop advertising' request from session "com.apple.bluetoothd-peripheral-154-4"
2025-07-21 17:05:17.393 Df bluetoothd[154:454e48a] [com.apple.bluetooth:Server.Core] BT Stats for metric '<private>' sent to CoreAnalytics with result 0
2025-07-21 17:05:17.393 Df bluetoothd[154:454e48a] [com.apple.bluetooth:Server.Core] BT Stats for metric '<private>' sent to CoreAnalytics with result 0
2025-07-21 17:05:17.393 Df bluetoothd[154:454e48a] [com.apple.bluetooth:Server.XPC] Received XPC message "CBMsgIdStopAdvertising" from session "com.apple.bluetoothd-peripheral-154-5"
2025-07-21 17:05:17.393 Df bluetoothd[154:454f0e9] [com.apple.bluetooth:Server.LE.Advertise] background advertising sessions:AppleMFG:0 Extended:0
2025-07-21 17:05:17.393 Df bluetoothd[154:454f3e5] [com.apple.bluetooth:WirelessProximity] [Privacy] Did stop advertising with error: (null)
2025-07-21 17:05:17.393 Df bluetoothd[154:454f0e9] [com.apple.bluetooth:Stack.LE]  StopAdvertising tech=1
2025-07-21 17:05:17.393 Df bluetoothd[154:454f0e9] [com.apple.bluetooth:Stack.LE]  Address rotation in progress:NO
2025-07-21 17:05:17.393 Df bluetoothd[154:454f0e9] [com.apple.bluetooth:Server.LE.Advertise] Advertising state change:  Advertising(2) --> Stopping(3) stack:ON
2025-07-21 17:05:17.393 Df bluetoothd[154:454e48a] [com.apple.bluetooth:Server.LE.Advertise] Received 'stop advertising' request from session "com.apple.bluetoothd-peripheral-154-5"
2025-07-21 17:05:17.393 Df bluetoothd[154:454e48a] [com.apple.bluetooth:Server.Core] BT Stats for metric '<private>' sent to CoreAnalytics with result 0
2025-07-21 17:05:17.394 Df bluetoothd[154:454e48a] [com.apple.bluetooth:Server.XPC] Received XPC message "CBMsgIdStartAdvertising" from session "com.apple.bluetoothd-peripheral-154-4"
2025-07-21 17:05:17.394 Df bluetoothd[154:454e48b] [com.apple.bluetooth:WirelessProximity] [Privacy] Did stop advertising with error: (null)
2025-07-21 17:05:17.394 Df bluetoothd[154:454e48a] [com.apple.bluetooth:Server.XPC] Setting client list to <private>
2025-07-21 17:05:17.394 Df bluetoothd[154:454e48a] [com.apple.bluetooth:Server.LE.Advertise] Received 'start advertising' request from session "com.apple.bluetoothd-peripheral-154-4", with manufacturer data [ 1B FF 4C 00 0C 0E 08 6C 1D 80 BD A4 E5 DC D3 5B AA 6A C9 53 10 06 4B 1D 3A 80 5F 58 ], interval 30, no name
2025-07-21 17:05:17.394 Df bluetoothd[154:454e48a] [com.apple.bluetooth:Server.LE.Advertise] Calling updateAdvertisement
2025-07-21 17:05:17.394 Df bluetoothd[154:454e48a] [com.apple.bluetooth:Server.XPC] Received XPC message "CBMsgIdStartAdvertising" from session "com.apple.bluetoothd-peripheral-154-5"
2025-07-21 17:05:17.394 Df bluetoothd[154:454e48a] [com.apple.bluetooth:Server.XPC] Setting client list to <private>
2025-07-21 17:05:17.394 Df bluetoothd[154:454e48b] [com.apple.bluetooth:WirelessProximity] Started to advertise for type 9 with error (null)
2025-07-21 17:05:17.394 Df bluetoothd[154:454e48a] [com.apple.bluetooth:Server.LE.Advertise] Received 'start advertising' request from session "com.apple.bluetoothd-peripheral-154-5", with manufacturer data [ 17 FF 4C 00 09 08 13 2E C0 A8 01 41 1B 58 16 08 00 95 ED 5A D7 76 BA 42 ], interval 122, no name
2025-07-21 17:05:17.394 Df bluetoothd[154:454e48b] [com.apple.bluetooth:WirelessProximity] Started to advertise for type 12 with error (null)
2025-07-21 17:05:17.394 Df bluetoothd[154:454e48a] [com.apple.bluetooth:Server.LE.Advertise] Calling updateAdvertisement
2025-07-21 17:05:17.394 Df bluetoothd[154:454e48b] [com.apple.bluetooth:WirelessProximity] Advertising started for client <private> (4146) of type 12
2025-07-21 17:05:17.394 Df bluetoothd[154:454e48b] [com.apple.bluetooth:WirelessProximity] Started to advertise for type 16 with error (null)
2025-07-21 17:05:17.394 Df bluetoothd[154:454e48b] [com.apple.bluetooth:WirelessProximity] Advertising started for client <private> (4170) of type 16
2025-07-21 17:05:17.394 Df bluetoothd[154:454e48b] [com.apple.bluetooth:WirelessProximity] Started to advertise for type 22 with error (null)
2025-07-21 17:05:17.398 Df bluetoothd[154:11d8] [com.apple.bluetooth:Stack.LE]  Address rotation in progress:NO
2025-07-21 17:05:17.398 Df bluetoothd[154:454e48b] [com.apple.bluetooth:Server.LE.Advertise] Stopped advertising successfully status=0
2025-07-21 17:05:17.398 Df bluetoothd[154:454e48b] [com.apple.bluetooth:Server.LE.Advertise] Advertising state change:  Stopping(3) --> Idle(0) stack:ON
2025-07-21 17:05:17.398 Df bluetoothd[154:454e48b] [com.apple.bluetooth:Server.LE.Advertise] background advertising sessions:AppleMFG:0 Extended:0
2025-07-21 17:05:17.398 Df bluetoothd[154:454e48b] [com.apple.bluetooth:Stack.LE]  StartAdvertising tech=1 handle=0
2025-07-21 17:05:17.398 Df bluetoothd[154:454e48b] [com.apple.bluetooth:Stack.LE]  Address rotation in progress:NO
2025-07-21 17:05:17.398 Df bluetoothd[154:454e48b] [com.apple.bluetooth:Server.LE.Advertise] Advertising state change:  Idle(0) --> Starting(1) stack:ON
2025-07-21 17:05:17.411 Df bluetoothd[154:11d8] [com.apple.bluetooth:Stack.LE]  Address rotation in progress:NO
2025-07-21 17:05:17.411 Df bluetoothd[154:11d8] [com.apple.bluetooth:Stack.LE]  StartAdvertising tech=1 handle=2
2025-07-21 17:05:17.411 Df bluetoothd[154:11d8] [com.apple.bluetooth:Stack.LE]  Address rotation in progress:NO
2025-07-21 17:05:17.420 Df bluetoothd[154:454f3e5] [com.apple.bluetooth:Server.Core] Classic [0x10]: time   2, coex   0, rssi -43, tx [S=  0:F=  0], rx [S=  0:F=  0], Pkt Tx{0 0 0}{0 0 0}{0 0 0} Rx{0 0 0}{0 0 0}{0 0 0}
2025-07-21 17:05:17.420 Df bluetoothd[154:11d8] [com.apple.bluetooth:Server.Core] Desense: WLAN Status: ON, isWiFiAssociated: No, wiFiAssociatedBand2GHz: No, wiFiAssociatedBand5GHz: No
2025-07-21 17:05:17.420 Df bluetoothd[154:454f3e5] [com.apple.bluetooth:Server.MacCoex] Desense Detection: Current Minimum NF Value for Core0 is -112 and Core1 is -112, current state is Off, current number of connected USBs is 2 and USB Detected is True
2025-07-21 17:05:17.424 Df bluetoothd[154:11d8] [com.apple.bluetooth:Stack.LE]  Address rotation in progress:NO
2025-07-21 17:05:17.424 Df bluetoothd[154:11d8] [com.apple.bluetooth:Stack.LE]  StartAdvertising tech=1 handle=3
2025-07-21 17:05:17.424 Df bluetoothd[154:11d8] [com.apple.bluetooth:Stack.LE]  Address rotation in progress:NO
2025-07-21 17:05:17.439 Df bluetoothd[154:11d8] [com.apple.bluetooth:Stack.LE]  Address rotation in progress:NO
2025-07-21 17:05:17.439 Df bluetoothd[154:11d8] [com.apple.bluetooth:Stack.LE]  StartAdvertising tech=1 handle=4
2025-07-21 17:05:17.439 Df bluetoothd[154:11d8] [com.apple.bluetooth:Stack.LE]  Address rotation in progress:NO
2025-07-21 17:05:17.451 Df bluetoothd[154:11d8] [com.apple.bluetooth:Stack.LE]  Address rotation in progress:NO
2025-07-21 17:05:17.451 Df bluetoothd[154:454f3e5] [com.apple.bluetooth:Server.LE.Advertise] Started advertising successfully status=0
2025-07-21 17:05:17.451 Df bluetoothd[154:454f3e5] [com.apple.bluetooth:Server.LE.Advertise] Advertising state change:  Starting(1) --> Advertising(2) stack:ON
2025-07-21 17:05:17.452 Df bluetoothd[154:454f3e5] [com.apple.bluetooth:Server.LE.Advertise] background advertising sessions:AppleMFG:0 Extended:0
2025-07-21 17:05:17.599 Df bluetoothd[154:454f3e5] [com.apple.bluetooth:Server.LE.Advertise] background advertising sessions:AppleMFG:0 Extended:0
2025-07-21 17:05:18.173 Df bluetoothd[154:454f3e5] [com.apple.bluetooth:Server.Core] BT Stats for metric '<private>' sent to CoreAnalytics with result 0
2025-07-21 17:05:18.173 Df bluetoothd[154:454f3e5] [com.apple.bluetooth:Server.Core] HID Latency Statistics events indicated HID lag issue is detected on connection handle 0x0044, vid = 1133 (0x046d), pid = 45105 (0xb031)
2025-07-21 17:05:18.174 Df bluetoothd[154:454f3e5] [com.apple.bluetooth:Server.Core] BT Stats for metric '<private>' sent to CoreAnalytics with result 0
2025-07-21 17:05:18.174 Df bluetoothd[154:b9c] [com.apple.bluetooth:BTServicesClient] TargetUserSession kylemathewson 501
2025-07-21 17:05:18.175 Df bluetoothd[154:454f3e5] [com.apple.bluetooth:Server.Core] Le [0x44]: time  21, coex   0, rssi -41, tx [S=  0:F=  0], rx [S= 61:F=  0], 1M {rx 0, tx 0}, 2M {rx 0, tx 61}
2025-07-21 17:05:18.176 Df audioaccessoryd[4247:454f78a] [com.apple.bluetooth:BTServicesDaemon] DiagnosticControl: { "IsDeviceStatisticEnabled" : true, "NumberOfRSSIDecreasedMoreThan30dBm" : 0, "FWVersion" : "0.0.0", "HFPSessionState" : 3, "DeviceLowestRSSI" : -54, "AverageHIDLatencyInMSec" : 18, "PID" : 45105, "SniffInterval_Bin_01_11.25ms" : 0, "WiFiOnWhichBand" : 0, "TotalAnomaliesInBins" : 2, "SniffInterval_Bin_11_750ms" : 0, "DisconnectReason" : 0, "LEASessionState" : 3, "SniffInterval_Bin_02_15ms" : 1, "PER" : 0, "RSSI" : 0, "SniffIntervalSkippedPercentage" : 0, "SniffInterval_Bin_10_500ms" : 1, "DSniffOffset" : 2, "SniffInterval_Bin_12_>750ms" : 0, "ConnectedClassicDevice" : 0, "SniffInterval_Bin_05_45ms" : 0, "IsHFPActive" : false, "TriggerReason" : "Anomaly", "WiFiPowerState" : 2, "IsLEAStreaming" : false, "SniffIntervalSkipped" : 0, "NumberOfRSSIIncreasedMoreThan30dBm" : 0, "MaxHIDLatencyInMSec" : "120ms", "NumberOfAppleMouseOrTrackpadConnected" : 1, "StatisticsCollectedInSeconds" : 1, "SniffIntervalServicedPercentage" : 201, "_input" : "HIDLagDetected", "SniffInterval_Bin_09_150ms" :<…>
2025-07-21 17:05:18.176 Df audioaccessoryd[4247:454f78a] [com.apple.bluetooth:BTServicesDaemon] A2DPSessionState" : 3, "NumberOfRSSIDecreasedBetween26To30dBm" : 0, "ConnectedLEDevice" : 0, }
2025-07-21 17:05:18.177 Df audioaccessoryd[4247:454f78a] [com.apple.bluetooth:BTServicesDaemon] Diag: Bluetooth HID lag banner not shown due to throttle
2025-07-21 17:05:18.177 Df bluetoothd[154:b9c] [com.apple.bluetooth:BTServicesClient] Invalidating
2025-07-21 17:05:18.422 Df bluetoothd[154:454e48b] [com.apple.bluetooth:Server.Core] Classic [0x10]: time   2, coex   0, rssi -43, tx [S=  0:F=  0], rx [S=  0:F=  0], Pkt Tx{0 0 0}{0 0 0}{0 0 0} Rx{0 0 0}{0 0 0}{0 0 0}
2025-07-21 17:05:18.422 Df bluetoothd[154:11d8] [com.apple.bluetooth:Server.Core] Desense: WLAN Status: ON, isWiFiAssociated: No, wiFiAssociatedBand2GHz: No, wiFiAssociatedBand5GHz: No
2025-07-21 17:05:18.422 Df bluetoothd[154:454e48b] [com.apple.bluetooth:Server.MacCoex] Desense Detection: Current Minimum NF Value for Core0 is -112 and Core1 is -112, current state is Off, current number of connected USBs is 2 and USB Detected is True
2025-07-21 17:05:19.020 Df sharingd[4170:4a85b] [com.apple.bluetooth:WirelessProximity] Nearby clear duplicate filter cache type 1
2025-07-21 17:05:19.021 Df bluetoothd[154:454e48b] [com.apple.bluetooth:WirelessProximity] clear dup filter cache for process sharingd (4170) with scan request of type 16, blob: {length = 0, bytes = 0x}, mask {length = 0, bytes = 0x}, active: 0, duplicates: 0, screen on: No Scan, screen off: No Scan, locked: 1,  rssi: -90, peers: (
) nearby scan mode: 10, advbuf: 0, priority critical: 0, range: 0, usecases:
2025-07-21 17:05:19.021 Df bluetoothd[154:454e48b] [com.apple.bluetooth:WirelessProximity] About to clearDuplicateFilterCache for type: 16
2025-07-21 17:05:19.021 Df bluetoothd[154:454e48b] [com.apple.bluetooth:Server.XPC] Received XPC message "CBMsgIdClearDuplicateFilterCache" from session "com.apple.bluetoothd-central-154-3"
2025-07-21 17:05:19.026 Df bluetoothd[154:454e48b] [com.apple.bluetooth:Server.App] clearDuplicateFilterCache for session "com.apple.bluetoothd" type 16
2025-07-21 17:05:19.175 Df bluetoothd[154:454f3e5] [com.apple.bluetooth:Server.Core] Le [0x44]: time  29, coex   0, rssi -43, tx [S=  0:F=  0], rx [S= 38:F=  0], 1M {rx 0, tx 0}, 2M {rx 0, tx 38}
2025-07-21 17:05:19.175 Df bluetoothd[154:454e48b] [com.apple.bluetooth:Server.Core] HID Latency Statistics events indicated HID lag issue is detected on connection handle 0x0044, vid = 1133 (0x046d), pid = 45105 (0xb031)
2025-07-21 17:05:19.175 Df bluetoothd[154:454e48b] [com.apple.bluetooth:Server.Core] BT Stats for metric '<private>' sent to CoreAnalytics with result 0
2025-07-21 17:05:19.175 Df bluetoothd[154:b9c] [com.apple.bluetooth:BTServicesClient] TargetUserSession kylemathewson 501
2025-07-21 17:05:19.176 Df audioaccessoryd[4247:454f78a] [com.apple.bluetooth:BTServicesDaemon] DiagnosticControl: { "IsDeviceStatisticEnabled" : true, "NumberOfRSSIDecreasedMoreThan30dBm" : 0, "FWVersion" : "0.0.0", "HFPSessionState" : 3, "DeviceLowestRSSI" : -54, "AverageHIDLatencyInMSec" : 40, "PID" : 45105, "SniffInterval_Bin_01_11.25ms" : 0, "WiFiOnWhichBand" : 0, "TotalAnomaliesInBins" : 2, "SniffInterval_Bin_11_750ms" : 1, "DisconnectReason" : 0, "LEASessionState" : 3, "SniffInterval_Bin_02_15ms" : 1, "PER" : 0, "RSSI" : 0, "SniffIntervalSkippedPercentage" : 0, "SniffInterval_Bin_10_500ms" : 1, "DSniffOffset" : 2, "SniffInterval_Bin_12_>750ms" : 0, "ConnectedClassicDevice" : 0, "SniffInterval_Bin_05_45ms" : 0, "IsHFPActive" : false, "TriggerReason" : "Anomaly", "WiFiPowerState" : 2, "IsLEAStreaming" : false, "SniffIntervalSkipped" : 0, "NumberOfRSSIIncreasedMoreThan30dBm" : 0, "MaxHIDLatencyInMSec" : "750ms", "NumberOfAppleMouseOrTrackpadConnected" : 1, "StatisticsCollectedInSeconds" : 1, "SniffIntervalServicedPercentage" : 200, "_input" : "HIDLagDetected", "SniffInterval_Bin_09_150ms" :<…>
2025-07-21 17:05:19.176 Df audioaccessoryd[4247:454f78a] [com.apple.bluetooth:BTServicesDaemon] A2DPSessionState" : 3, "NumberOfRSSIDecreasedBetween26To30dBm" : 0, "ConnectedLEDevice" : 0, }
2025-07-21 17:05:19.177 Df audioaccessoryd[4247:454f78a] [com.apple.bluetooth:BTServicesDaemon] Diag: Bluetooth HID lag banner not shown due to throttle
2025-07-21 17:05:19.177 Df bluetoothd[154:b9c] [com.apple.bluetooth:BTServicesClient] Invalidating
2025-07-21 17:05:19.393 Df bluetoothd[154:454e48b] [com.apple.bluetooth:WirelessProximity] Advert timer expired for client 12 after 2.00 seconds
2025-07-21 17:05:19.393 Df identityservicesd[4146:4a76e] [com.apple.bluetooth:WirelessProximity] Continuity update advertising with data: advertising request of type 12, priority 7, UseFG 290 (181.25 ms), data {length = 14, bytes = 0x086c1d80bda4e5dcd35baa6ac953}, connectable 1, addr change 1, options {
}, advertisementRequestedAt 0
2025-07-21 17:05:19.394 Df bluetoothd[154:454e48b] [com.apple.bluetooth:WirelessProximity] Updating advert request for client 12 after 2.00 seconds
2025-07-21 17:05:19.394 Df bluetoothd[154:454e48b] [com.apple.bluetooth:WirelessProximity] Start advertising for process identityservicesd (4146) of type 12 with advertising interval 290 (181.25 ms)
2025-07-21 17:05:19.394 Df bluetoothd[154:454e48b] [com.apple.bluetooth:WirelessProximity] [Privacy] removeAdvertisingRequest: 12, <private>
2025-07-21 17:05:19.394 Df bluetoothd[154:454e48b] [com.apple.bluetooth:WirelessProximity] Adding data of type: 9, advData: {length = 8, bytes = 0x132ec0a801411b58} advInterval: 290 EPA:0
2025-07-21 17:05:19.394 Df bluetoothd[154:454e48b] [com.apple.bluetooth:WirelessProximity] Current advertisement packet: {length = 10, bytes = 0x0908132ec0a801411b58} advertRate: 290 EPA:0
2025-07-21 17:05:19.394 Df bluetoothd[154:454e48b] [com.apple.bluetooth:WirelessProximity] Adding data of type: 12, advData: {length = 14, bytes = 0x086c1d80bda4e5dcd35baa6ac953} advInterval: 290 EPA:0
2025-07-21 17:05:19.394 Df bluetoothd[154:454e48b] [com.apple.bluetooth:WirelessProximity] Current advertisement packet: {length = 16, bytes = 0x0c0e086c1d80bda4e5dcd35baa6ac953} advertRate: 290 EPA:0
2025-07-21 17:05:19.394 Df bluetoothd[154:454e48b] [com.apple.bluetooth:WirelessProximity] Adding data of type: 16, advData: {length = 6, bytes = 0x4b1d3a805f58} advInterval: 432 EPA:0
2025-07-21 17:05:19.394 Df bluetoothd[154:454e48b] [com.apple.bluetooth:WirelessProximity] Current advertisement packet: {length = 24, bytes = 0x0c0e086c1d80bda4e5dcd35baa6ac95310064b1d3a805f58} advertRate: 290 EPA:0
2025-07-21 17:05:19.395 Df bluetoothd[154:454e48b] [com.apple.bluetooth:WirelessProximity] Adding data of type: 22, advData: {length = 8, bytes = 0x0095ed5ad776ba42} advInterval: 290 EPA:0
2025-07-21 17:05:19.395 Df bluetoothd[154:454e48b] [com.apple.bluetooth:WirelessProximity] Current advertisement packet: {length = 20, bytes = 0x0908132ec0a801411b5816080095ed5ad776ba42} advertRate: 290 EPA:0
2025-07-21 17:05:19.395 Df bluetoothd[154:454e48b] [com.apple.bluetooth:WirelessProximity] [Privacy] AdvertisingRulesiOS: current connectable advertisers: <private>, current clients for address change notification: <private>
2025-07-21 17:05:19.395 Df bluetoothd[154:454e48b] [com.apple.bluetooth:WirelessProximity] [Privacy] AdvertisingRulesiOS: remaining connectable advertisers: <private>, notification clients: <private>
2025-07-21 17:05:19.395 Df bluetoothd[154:454e48b] [com.apple.bluetooth:WirelessProximity] [Privacy] AdvertisingRulesiOS: current non-connectable advertisers: <private>, current clients for address change notification: <private>
2025-07-21 17:05:19.395 Df bluetoothd[154:454e48b] [com.apple.bluetooth:WirelessProximity] [Privacy] AdvertisingRulesiOS: remaining non-connectable advertisers: <private>, notification clients: <private>
2025-07-21 17:05:19.395 Df bluetoothd[154:454e48b] [com.apple.bluetooth:WirelessProximity] AdvertisingRulesiOS - current advertisers: 9 12 16 22
2025-07-21 17:05:19.395 Df bluetoothd[154:454e48b] [com.apple.bluetooth:WirelessProximity] [Privacy] AdvertisingRulesiOS: AddrChangeNotificationNeeded adv packet:  <private>
2025-07-21 17:05:19.395 Df bluetoothd[154:454e48b] [com.apple.bluetooth:WirelessProximity] [Privacy] AdvertisingRulesiOS: AddrChangeNotificationNeeded adv packet:  <private>
2025-07-21 17:05:19.395 Df bluetoothd[154:454e48b] [com.apple.bluetooth:WirelessProximity] AdvertisingRulesiOS - advertising packets: (
        {
        kCBAdvDataAppleMfgData = {length = 28, bytes = 0x1bff4c00 0c0e086c 1d80bda4 e5dcd35b ... 10064b1d 3a805f58 };
        kCBAdvDataIsConnectable = 1;
        kCBAdvOptionAdvertisingInterval = 290;
        kCBAdvOptionStopOnAdvertisingAddressChange = 1;
        kCBManagerListOfClients =         (
            "com.apple.identityservicesd",
            "com.apple.sharingd"
        );
        kCBMsgArgIsPrivilegedDaemon = 1;
    },
        {
        kCBAdvDataAppleMfgData = {length = 24, bytes = 0x17ff4c000908132ec0a801411b5816080095ed5ad776ba42};
        kCBAdvDataIsConnectable = 0;
        kCBAdvOptionAdvertisingInterval = 290;
        kCBAdvOptionStopOnAdvertisingAddressChange = 1;
        kCBMsgArgIsPrivilegedDaemon = 1;
    }
)
2025-07-21 17:05:19.395 Df bluetoothd[154:454e48b] [com.apple.bluetooth:WirelessProximity] Requesting to start advertising for clients 9 12 16 22  with (
        {
        kCBAdvDataAppleMfgData = {length = 28, bytes = 0x1bff4c00 0c0e086c 1d80bda4 e5dcd35b ... 10064b1d 3a805f58 };
        kCBAdvDataIsConnectable = 1;
        kCBAdvOptionAdvertisingInterval = 290;
        kCBAdvOptionStopOnAdvertisingAddressChange = 1;
        kCBManagerListOfClients =         (
            "com.apple.identityservicesd",
            "com.apple.sharingd"
        );
        kCBMsgArgIsPrivilegedDaemon = 1;
    },
        {
        kCBAdvDataAppleMfgData = {length = 24, bytes = 0x17ff4c000908132ec0a801411b5816080095ed5ad776ba42};
        kCBAdvDataIsConnectable = 0;
        kCBAdvOptionAdvertisingInterval = 290;
        kCBAdvOptionStopOnAdvertisingAddressChange = 1;
        kCBMsgArgIsPrivilegedDaemon = 1;
    }
)
2025-07-21 17:05:19.395 Df bluetoothd[154:454f3e5] [com.apple.bluetooth:Server.XPC] Received XPC message "CBMsgIdStopAdvertising" from session "com.apple.bluetoothd-peripheral-154-4"
2025-07-21 17:05:19.395 Df bluetoothd[154:454f3e5] [com.apple.bluetooth:Server.LE.Advertise] Received 'stop advertising' request from session "com.apple.bluetoothd-peripheral-154-4"
2025-07-21 17:05:19.395 Df bluetoothd[154:454f3e5] [com.apple.bluetooth:Server.Core] BT Stats for metric '<private>' sent to CoreAnalytics with result 0
2025-07-21 17:05:19.396 Df bluetoothd[154:454f3e5] [com.apple.bluetooth:Server.Core] BT Stats for metric '<private>' sent to CoreAnalytics with result 0
2025-07-21 17:05:19.396 Df bluetoothd[154:454f3e5] [com.apple.bluetooth:Server.XPC] Received XPC message "CBMsgIdStopAdvertising" from session "com.apple.bluetoothd-peripheral-154-5"
2025-07-21 17:05:19.396 Df bluetoothd[154:454e48b] [com.apple.bluetooth:Server.LE.Advertise] background advertising sessions:AppleMFG:0 Extended:0
2025-07-21 17:05:19.396 Df bluetoothd[154:454f0e9] [com.apple.bluetooth:WirelessProximity] [Privacy] Did stop advertising with error: (null)
2025-07-21 17:05:19.396 Df bluetoothd[154:454e48b] [com.apple.bluetooth:Stack.LE]  StopAdvertising tech=1
2025-07-21 17:05:19.396 Df bluetoothd[154:454e48b] [com.apple.bluetooth:Stack.LE]  Address rotation in progress:NO
2025-07-21 17:05:19.396 Df bluetoothd[154:454e48b] [com.apple.bluetooth:Server.LE.Advertise] Advertising state change:  Advertising(2) --> Stopping(3) stack:ON
2025-07-21 17:05:19.396 Df bluetoothd[154:454f3e5] [com.apple.bluetooth:Server.LE.Advertise] Received 'stop advertising' request from session "com.apple.bluetoothd-peripheral-154-5"
2025-07-21 17:05:19.396 Df bluetoothd[154:454f3e5] [com.apple.bluetooth:Server.Core] BT Stats for metric '<private>' sent to CoreAnalytics with result 0
2025-07-21 17:05:19.396 Df bluetoothd[154:454f3e5] [com.apple.bluetooth:Server.XPC] Received XPC message "CBMsgIdStartAdvertising" from session "com.apple.bluetoothd-peripheral-154-4"
2025-07-21 17:05:19.396 Df bluetoothd[154:454f0e9] [com.apple.bluetooth:WirelessProximity] [Privacy] Did stop advertising with error: (null)
2025-07-21 17:05:19.396 Df bluetoothd[154:454f3e5] [com.apple.bluetooth:Server.XPC] Setting client list to <private>
2025-07-21 17:05:19.397 Df bluetoothd[154:454f3e5] [com.apple.bluetooth:Server.LE.Advertise] Received 'start advertising' request from session "com.apple.bluetoothd-peripheral-154-4", with manufacturer data [ 1B FF 4C 00 0C 0E 08 6C 1D 80 BD A4 E5 DC D3 5B AA 6A C9 53 10 06 4B 1D 3A 80 5F 58 ], interval 122, no name
2025-07-21 17:05:19.397 Df bluetoothd[154:454f3e5] [com.apple.bluetooth:Server.LE.Advertise] Calling updateAdvertisement
2025-07-21 17:05:19.397 Df bluetoothd[154:454f3e5] [com.apple.bluetooth:Server.XPC] Received XPC message "CBMsgIdStartAdvertising" from session "com.apple.bluetoothd-peripheral-154-5"
2025-07-21 17:05:19.397 Df bluetoothd[154:454f0e9] [com.apple.bluetooth:WirelessProximity] Started to advertise for type 9 with error (null)
2025-07-21 17:05:19.397 Df bluetoothd[154:454f3e5] [com.apple.bluetooth:Server.XPC] Setting client list to <private>
2025-07-21 17:05:19.397 Df bluetoothd[154:454f0e9] [com.apple.bluetooth:WirelessProximity] Started to advertise for type 12 with error (null)
2025-07-21 17:05:19.397 Df bluetoothd[154:454f3e5] [com.apple.bluetooth:Server.LE.Advertise] Received 'start advertising' request from session "com.apple.bluetoothd-peripheral-154-5", with manufacturer data [ 17 FF 4C 00 09 08 13 2E C0 A8 01 41 1B 58 16 08 00 95 ED 5A D7 76 BA 42 ], interval 122, no name
2025-07-21 17:05:19.397 Df bluetoothd[154:454f0e9] [com.apple.bluetooth:WirelessProximity] Advertising started for client <private> (4146) of type 12
2025-07-21 17:05:19.397 Df bluetoothd[154:454f3e5] [com.apple.bluetooth:Server.LE.Advertise] Calling updateAdvertisement
2025-07-21 17:05:19.397 Df bluetoothd[154:454f0e9] [com.apple.bluetooth:WirelessProximity] Started to advertise for type 16 with error (null)
2025-07-21 17:05:19.397 Df bluetoothd[154:454f0e9] [com.apple.bluetooth:WirelessProximity] Advertising started for client <private> (4170) of type 16
2025-07-21 17:05:19.398 Df bluetoothd[154:454f0e9] [com.apple.bluetooth:WirelessProximity] Started to advertise for type 22 with error (null)
2025-07-21 17:05:19.399 Df bluetoothd[154:11d8] [com.apple.bluetooth:Stack.LE]  Address rotation in progress:NO
2025-07-21 17:05:19.399 Df bluetoothd[154:454f0e9] [com.apple.bluetooth:Server.LE.Advertise] Stopped advertising successfully status=0
2025-07-21 17:05:19.399 Df bluetoothd[154:454f0e9] [com.apple.bluetooth:Server.LE.Advertise] Advertising state change:  Stopping(3) --> Idle(0) stack:ON
2025-07-21 17:05:19.399 Df bluetoothd[154:454f0e9] [com.apple.bluetooth:Server.LE.Advertise] background advertising sessions:AppleMFG:0 Extended:0
2025-07-21 17:05:19.399 Df bluetoothd[154:454f0e9] [com.apple.bluetooth:Stack.LE]  StartAdvertising tech=1 handle=0
2025-07-21 17:05:19.399 Df bluetoothd[154:454f0e9] [com.apple.bluetooth:Stack.LE]  Address rotation in progress:NO
2025-07-21 17:05:19.399 Df bluetoothd[154:454f0e9] [com.apple.bluetooth:Server.LE.Advertise] Advertising state change:  Idle(0) --> Starting(1) stack:ON
2025-07-21 17:05:19.412 Df bluetoothd[154:11d8] [com.apple.bluetooth:Stack.LE]  Address rotation in progress:NO
2025-07-21 17:05:19.412 Df bluetoothd[154:11d8] [com.apple.bluetooth:Stack.LE]  StartAdvertising tech=1 handle=2
2025-07-21 17:05:19.412 Df bluetoothd[154:11d8] [com.apple.bluetooth:Stack.LE]  Address rotation in progress:NO
2025-07-21 17:05:19.422 Df bluetoothd[154:454f0e9] [com.apple.bluetooth:Server.Core] Classic [0x10]: time   2, coex   0, rssi -43, tx [S=  0:F=  0], rx [S=  0:F=  0], Pkt Tx{0 0 0}{0 0 0}{0 0 0} Rx{0 0 0}{0 0 0}{0 0 0}
2025-07-21 17:05:19.422 Df bluetoothd[154:11d8] [com.apple.bluetooth:Server.Core] Desense: WLAN Status: ON, isWiFiAssociated: No, wiFiAssociatedBand2GHz: No, wiFiAssociatedBand5GHz: No
2025-07-21 17:05:19.423 Df bluetoothd[154:454f0e9] [com.apple.bluetooth:Server.MacCoex] Desense Detection: Current Minimum NF Value for Core0 is -112 and Core1 is -112, current state is Off, current number of connected USBs is 2 and USB Detected is True
2025-07-21 17:05:19.425 Df bluetoothd[154:11d8] [com.apple.bluetooth:Stack.LE]  Address rotation in progress:NO
2025-07-21 17:05:19.425 Df bluetoothd[154:11d8] [com.apple.bluetooth:Stack.LE]  StartAdvertising tech=1 handle=3
2025-07-21 17:05:19.425 Df bluetoothd[154:11d8] [com.apple.bluetooth:Stack.LE]  Address rotation in progress:NO
2025-07-21 17:05:19.440 Df bluetoothd[154:11d8] [com.apple.bluetooth:Stack.LE]  Address rotation in progress:NO
2025-07-21 17:05:19.440 Df bluetoothd[154:11d8] [com.apple.bluetooth:Stack.LE]  StartAdvertising tech=1 handle=4
2025-07-21 17:05:19.440 Df bluetoothd[154:11d8] [com.apple.bluetooth:Stack.LE]  Address rotation in progress:NO
2025-07-21 17:05:19.454 Df bluetoothd[154:11d8] [com.apple.bluetooth:Stack.LE]  Address rotation in progress:NO
2025-07-21 17:05:19.455 Df bluetoothd[154:454f0e9] [com.apple.bluetooth:Server.LE.Advertise] Started advertising successfully status=0
2025-07-21 17:05:19.455 Df bluetoothd[154:454f0e9] [com.apple.bluetooth:Server.LE.Advertise] Advertising state change:  Starting(1) --> Advertising(2) stack:ON
2025-07-21 17:05:19.455 Df bluetoothd[154:454f0e9] [com.apple.bluetooth:Server.LE.Advertise] background advertising sessions:AppleMFG:0 Extended:0
2025-07-21 17:05:19.605 Df bluetoothd[154:454f0e9] [com.apple.bluetooth:Server.LE.Advertise] background advertising sessions:AppleMFG:0 Extended:0
2025-07-21 17:05:20.176 Df bluetoothd[154:454f0e9] [com.apple.bluetooth:Server.Core] Le [0x44]: time  21, coex   0, rssi -38, tx [S=  0:F=  0], rx [S= 42:F=  0], 1M {rx 0, tx 0}, 2M {rx 0, tx 42}
2025-07-21 17:05:20.176 Df bluetoothd[154:454f3e6] [com.apple.bluetooth:Server.Core] HID Latency Statistics events indicated HID lag issue is detected on connection handle 0x0044, vid = 1133 (0x046d), pid = 45105 (0xb031)
2025-07-21 17:05:20.176 Df bluetoothd[154:454f3e6] [com.apple.bluetooth:Server.Core] BT Stats for metric '<private>' sent to CoreAnalytics with result 0
2025-07-21 17:05:20.177 Df bluetoothd[154:b9c] [com.apple.bluetooth:BTServicesClient] TargetUserSession kylemathewson 501
2025-07-21 17:05:20.179 Df audioaccessoryd[4247:454f78a] [com.apple.bluetooth:BTServicesDaemon] DiagnosticControl: { "IsDeviceStatisticEnabled" : true, "NumberOfRSSIDecreasedMoreThan30dBm" : 0, "FWVersion" : "0.0.0", "HFPSessionState" : 3, "DeviceLowestRSSI" : -54, "AverageHIDLatencyInMSec" : 31, "PID" : 45105, "SniffInterval_Bin_01_11.25ms" : 0, "WiFiOnWhichBand" : 0, "TotalAnomaliesInBins" : 4, "SniffInterval_Bin_11_750ms" : 0, "DisconnectReason" : 0, "LEASessionState" : 3, "SniffInterval_Bin_02_15ms" : 8, "PER" : 0, "RSSI" : 0, "SniffIntervalSkippedPercentage" : 0, "SniffInterval_Bin_10_500ms" : 1, "DSniffOffset" : 2, "SniffInterval_Bin_12_>750ms" : 0, "ConnectedClassicDevice" : 0, "SniffInterval_Bin_05_45ms" : 1, "IsHFPActive" : false, "TriggerReason" : "Anomaly", "WiFiPowerState" : 2, "IsLEAStreaming" : false, "SniffIntervalSkipped" : 0, "NumberOfRSSIIncreasedMoreThan30dBm" : 0, "MaxHIDLatencyInMSec" : "120ms", "NumberOfAppleMouseOrTrackpadConnected" : 1, "StatisticsCollectedInSeconds" : 1, "SniffIntervalServicedPercentage" : 200, "_input" : "HIDLagDetected", "SniffInterval_Bin_09_150ms" :<…>
2025-07-21 17:05:20.179 Df audioaccessoryd[4247:454f78a] [com.apple.bluetooth:BTServicesDaemon] A2DPSessionState" : 3, "NumberOfRSSIDecreasedBetween26To30dBm" : 0, "ConnectedLEDevice" : 0, }
2025-07-21 17:05:20.180 Df audioaccessoryd[4247:454f78a] [com.apple.bluetooth:BTServicesDaemon] Diag: Bluetooth HID lag banner not shown due to throttle
2025-07-21 17:05:20.180 Df bluetoothd[154:b9c] [com.apple.bluetooth:BTServicesClient] Invalidating
2025-07-21 17:05:20.424 Df bluetoothd[154:454f3e6] [com.apple.bluetooth:Server.Core] Classic [0x10]: time   2, coex   0, rssi -43, tx [S=  0:F=  0], rx [S=  0:F=  0], Pkt Tx{0 0 0}{0 0 0}{0 0 0} Rx{0 0 0}{0 0 0}{0 0 0}
2025-07-21 17:05:20.424 Df bluetoothd[154:11d8] [com.apple.bluetooth:Server.Core] Desense: WLAN Status: ON, isWiFiAssociated: No, wiFiAssociatedBand2GHz: No, wiFiAssociatedBand5GHz: No
2025-07-21 17:05:20.425 Df bluetoothd[154:454f3e6] [com.apple.bluetooth:Server.MacCoex] Desense Detection: Current Minimum NF Value for Core0 is -112 and Core1 is -112, current state is Off, current number of connected USBs is 2 and USB Detected is True
2025-07-21 17:05:20.504 Df bluetoothd[154:454f0e9] [com.apple.bluetooth:Server.MacCoex] Adding LE Connection <private>
2025-07-21 17:05:20.504 Df bluetoothd[154:454f0e9] [com.apple.bluetooth:Server.MacCoex] Posting Bluetooth Status Notification <private>
2025-07-21 17:05:21.178 Df bluetoothd[154:454f0e9] [com.apple.bluetooth:Server.Core] Le [0x44]: time  15, coex   0, rssi -39, tx [S=  0:F=  0], rx [S= 81:F=  0], 1M {rx 0, tx 0}, 2M {rx 0, tx 81}
2025-07-21 17:05:21.178 Df bluetoothd[154:454e48b] [com.apple.bluetooth:Server.Core] HID Latency Statistics events indicated HID lag issue is detected on connection handle 0x0044, vid = 1133 (0x046d), pid = 45105 (0xb031)
2025-07-21 17:05:21.178 Df bluetoothd[154:454e48b] [com.apple.bluetooth:Server.Core] BT Stats for metric '<private>' sent to CoreAnalytics with result 0
2025-07-21 17:05:21.178 Df bluetoothd[154:b9c] [com.apple.bluetooth:BTServicesClient] TargetUserSession kylemathewson 501
2025-07-21 17:05:21.180 Df audioaccessoryd[4247:454f78a] [com.apple.bluetooth:BTServicesDaemon] DiagnosticControl: { "IsDeviceStatisticEnabled" : true, "NumberOfRSSIDecreasedMoreThan30dBm" : 0, "FWVersion" : "0.0.0", "HFPSessionState" : 3, "DeviceLowestRSSI" : -54, "AverageHIDLatencyInMSec" : 15, "PID" : 45105, "SniffInterval_Bin_01_11.25ms" : 0, "WiFiOnWhichBand" : 0, "TotalAnomaliesInBins" : 2, "SniffInterval_Bin_11_750ms" : 0, "DisconnectReason" : 0, "LEASessionState" : 3, "SniffInterval_Bin_02_15ms" : 1, "PER" : 0, "RSSI" : 0, "SniffIntervalSkippedPercentage" : 0, "SniffInterval_Bin_10_500ms" : 1, "DSniffOffset" : 2, "SniffInterval_Bin_12_>750ms" : 0, "ConnectedClassicDevice" : 0, "SniffInterval_Bin_05_45ms" : 0, "IsHFPActive" : false, "TriggerReason" : "Anomaly", "WiFiPowerState" : 2, "IsLEAStreaming" : false, "SniffIntervalSkipped" : 0, "NumberOfRSSIIncreasedMoreThan30dBm" : 0, "MaxHIDLatencyInMSec" : "90ms", "NumberOfAppleMouseOrTrackpadConnected" : 1, "StatisticsCollectedInSeconds" : 1, "SniffIntervalServicedPercentage" : 201, "_input" : "HIDLagDetected", "SniffInterval_Bin_09_150ms" : <…>
2025-07-21 17:05:21.180 Df audioaccessoryd[4247:454f78a] [com.apple.bluetooth:BTServicesDaemon] A2DPSessionState" : 3, "NumberOfRSSIDecreasedBetween26To30dBm" : 0, "ConnectedLEDevice" : 0, }
2025-07-21 17:05:21.181 Df audioaccessoryd[4247:454f78a] [com.apple.bluetooth:BTServicesDaemon] Diag: Bluetooth HID lag banner not shown due to throttle
2025-07-21 17:05:21.181 Df bluetoothd[154:b9c] [com.apple.bluetooth:BTServicesClient] Invalidating
2025-07-21 17:05:21.425 Df bluetoothd[154:454e48b] [com.apple.bluetooth:Server.Core] Classic [0x10]: time   2, coex   0, rssi -43, tx [S=  0:F=  0], rx [S=  0:F=  0], Pkt Tx{0 0 0}{0 0 0}{0 0 0} Rx{0 0 0}{0 0 0}{0 0 0}
2025-07-21 17:05:21.425 Df bluetoothd[154:11d8] [com.apple.bluetooth:Server.Core] Desense: WLAN Status: ON, isWiFiAssociated: No, wiFiAssociatedBand2GHz: No, wiFiAssociatedBand5GHz: No
2025-07-21 17:05:21.426 Df bluetoothd[154:454e48b] [com.apple.bluetooth:Server.MacCoex] Desense Detection: Current Minimum NF Value for Core0 is -113 and Core1 is -111, current state is Off, current number of connected USBs is 2 and USB Detected is True
2025-07-21 17:05:21.970 Df bluetoothd[154:454f3e6] [com.apple.bluetooth:CBDaemonServer] BLE Scanner Device Found: CBDevice DC41C4B4-EB4A-47B0-4FC8-173D225D2F8F, BDA 60:2B:A2:E3:FF:15, Nm 'Bluetooth Device', DsFl 0x40 < NearbyInfo >, DvF 0x40000000000 < Connectable >, RSSI -50, Ch 38, AdTsMC <1318714736114>, AMfD <4c 00 10 06 2f 1e 47 a8 0a de>, nbIAT <47 a8 0a>, nbIF 0x3C2 < Ranging AT Duet WiFiP2P HtSp >, CF 0x200000000 < RSSI >
2025-07-21 17:05:21.985 Df bluetoothd[154:11d8] [com.apple.bluetooth:Server.Core] vseAdvStatsEvent - ver 2 duration 60 (secs) instance 0 num ADVs [total 1735 NonExtended 1735 Extended 0] Ch [37 592 38 609 39 534] FailedOnAllCh 0 Denied by [Coex 0 BT 0 Others 0] txPower [min 12 max 12 mode 12]
2025-07-21 17:05:22.178 Df bluetoothd[154:454f3e6] [com.apple.bluetooth:Server.Core] Le [0x44]: time  11, coex   0, rssi -40, tx [S=  0:F=  0], rx [S= 94:F=  0], 1M {rx 0, tx 0}, 2M {rx 0, tx 94}
2025-07-21 17:05:22.283 Df bluetoothd[154:454e48b] [com.apple.bluetooth:CBDaemonServer] BLE Scanner Device Found: CBDevice 897294C0-EA5C-A355-A37F-8E59E42833BF, BDA 51:F7:56:CB:2F:CC, Nm 'Bluetooth Device', DsFl 0x40 < NearbyInfo >, DvF 0x40000000000 < Connectable >, RSSI -71, Ch 39, AdTsMC <1318715050115>, AMfD <4c 00 10 02 03 00>, CF 0x200000000 < RSSI >
2025-07-21 17:05:22.426 Df bluetoothd[154:454e48b] [com.apple.bluetooth:Server.Core] Classic [0x10]: time   2, coex   0, rssi -43, tx [S=  0:F=  0], rx [S=  0:F=  0], Pkt Tx{0 0 0}{0 0 0}{0 0 0} Rx{0 0 0}{0 0 0}{0 0 0}
2025-07-21 17:05:22.426 Df bluetoothd[154:11d8] [com.apple.bluetooth:Server.Core] Desense: WLAN Status: ON, isWiFiAssociated: No, wiFiAssociatedBand2GHz: No, wiFiAssociatedBand5GHz: No
2025-07-21 17:05:22.426 Df bluetoothd[154:454e48b] [com.apple.bluetooth:Server.MacCoex] Desense Detection: Current Minimum NF Value for Core0 is -113 and Core1 is -112, current state is Off, current number of connected USBs is 2 and USB Detected is True
2025-07-21 17:05:23.178 Df bluetoothd[154:454e48b] [com.apple.bluetooth:Server.Core] Le [0x44]: time  17, coex   0, rssi -39, tx [S=  0:F=  0], rx [S= 71:F=  0], 1M {rx 0, tx 0}, 2M {rx 0, tx 71}
2025-07-21 17:05:23.427 Df bluetoothd[154:454e48b] [com.apple.bluetooth:Server.Core] Classic [0x10]: time   2, coex   0, rssi -43, tx [S=  0:F=  0], rx [S=  0:F=  0], Pkt Tx{0 0 0}{0 0 0}{0 0 0} Rx{0 0 0}{0 0 0}{0 0 0}
2025-07-21 17:05:23.427 Df bluetoothd[154:11d8] [com.apple.bluetooth:Server.Core] Desense: WLAN Status: ON, isWiFiAssociated: No, wiFiAssociatedBand2GHz: No, wiFiAssociatedBand5GHz: No
2025-07-21 17:05:23.428 Df bluetoothd[154:454e48b] [com.apple.bluetooth:Server.MacCoex] Desense Detection: Current Minimum NF Value for Core0 is -113 and Core1 is -112, current state is Off, current number of connected USBs is 2 and USB Detected is True
2025-07-21 17:05:24.181 Df bluetoothd[154:454f0e9] [com.apple.bluetooth:Server.Core] Le [0x44]: time  20, coex   0, rssi -41, tx [S=  0:F=  0], rx [S= 60:F=  0], 1M {rx 0, tx 0}, 2M {rx 0, tx 60}
2025-07-21 17:05:24.182 Df bluetoothd[154:454f3e6] [com.apple.bluetooth:Server.Core] BT Stats for metric '<private>' sent to CoreAnalytics with result 0
2025-07-21 17:05:24.184 Df bluetoothd[154:454f3e6] [com.apple.bluetooth:Server.Core] HID Latency Statistics events indicated HID lag issue is detected on connection handle 0x0044, vid = 1133 (0x046d), pid = 45105 (0xb031)
2025-07-21 17:05:24.184 Df bluetoothd[154:454f3e6] [com.apple.bluetooth:Server.Core] BT Stats for metric '<private>' sent to CoreAnalytics with result 0
2025-07-21 17:05:24.185 Df bluetoothd[154:b9c] [com.apple.bluetooth:BTServicesClient] TargetUserSession kylemathewson 501
2025-07-21 17:05:24.186 Df audioaccessoryd[4247:454f78a] [com.apple.bluetooth:BTServicesDaemon] DiagnosticControl: { "IsDeviceStatisticEnabled" : true, "NumberOfRSSIDecreasedMoreThan30dBm" : 0, "FWVersion" : "0.0.0", "HFPSessionState" : 3, "DeviceLowestRSSI" : -54, "AverageHIDLatencyInMSec" : 28, "PID" : 45105, "SniffInterval_Bin_01_11.25ms" : 0, "WiFiOnWhichBand" : 0, "TotalAnomaliesInBins" : 3, "SniffInterval_Bin_11_750ms" : 0, "DisconnectReason" : 0, "LEASessionState" : 3, "SniffInterval_Bin_02_15ms" : 1, "PER" : 0, "RSSI" : 0, "SniffIntervalSkippedPercentage" : 0, "SniffInterval_Bin_10_500ms" : 2, "DSniffOffset" : 2, "SniffInterval_Bin_12_>750ms" : 0, "ConnectedClassicDevice" : 0, "SniffInterval_Bin_05_45ms" : 0, "IsHFPActive" : false, "TriggerReason" : "Anomaly", "WiFiPowerState" : 2, "IsLEAStreaming" : false, "SniffIntervalSkipped" : 0, "NumberOfRSSIIncreasedMoreThan30dBm" : 0, "MaxHIDLatencyInMSec" : "150ms", "NumberOfAppleMouseOrTrackpadConnected" : 1, "StatisticsCollectedInSeconds" : 1, "SniffIntervalServicedPercentage" : 200, "_input" : "HIDLagDetected", "SniffInterval_Bin_09_150ms" :<…>
2025-07-21 17:05:24.186 Df audioaccessoryd[4247:454f78a] [com.apple.bluetooth:BTServicesDaemon] A2DPSessionState" : 3, "NumberOfRSSIDecreasedBetween26To30dBm" : 0, "ConnectedLEDevice" : 0, }
2025-07-21 17:05:24.187 Df audioaccessoryd[4247:454f78a] [com.apple.bluetooth:BTServicesDaemon] Diag: Bluetooth HID lag banner not shown due to throttle
2025-07-21 17:05:24.187 Df bluetoothd[154:b9c] [com.apple.bluetooth:BTServicesClient] Invalidating
2025-07-21 17:05:24.427 Df bluetoothd[154:454e48b] [com.apple.bluetooth:Server.Core] Classic [0x10]: time   2, coex   0, rssi -43, tx [S=  0:F=  0], rx [S=  0:F=  0], Pkt Tx{0 0 0}{0 0 0}{0 0 0} Rx{0 0 0}{0 0 0}{0 0 0}
2025-07-21 17:05:24.427 Df bluetoothd[154:11d8] [com.apple.bluetooth:Server.Core] Desense: WLAN Status: ON, isWiFiAssociated: No, wiFiAssociatedBand2GHz: No, wiFiAssociatedBand5GHz: No
2025-07-21 17:05:25.183 Df bluetoothd[154:454e48b] [com.apple.bluetooth:Server.Core] HID Latency Statistics events indicated HID lag issue is detected on connection handle 0x0044, vid = 1133 (0x046d), pid = 45105 (0xb031)
2025-07-21 17:05:25.183 Df bluetoothd[154:454e48a] [com.apple.bluetooth:Server.Core] Le [0x44]: time  14, coex   0, rssi -42, tx [S=  0:F=  0], rx [S= 76:F=  0], 1M {rx 0, tx 0}, 2M {rx 0, tx 76}
2025-07-21 17:05:25.183 Df bluetoothd[154:454e48b] [com.apple.bluetooth:Server.Core] BT Stats for metric '<private>' sent to CoreAnalytics with result 0
2025-07-21 17:05:25.183 Df bluetoothd[154:b9c] [com.apple.bluetooth:BTServicesClient] TargetUserSession kylemathewson 501
2025-07-21 17:05:25.185 Df audioaccessoryd[4247:454f78a] [com.apple.bluetooth:BTServicesDaemon] DiagnosticControl: { "IsDeviceStatisticEnabled" : true, "NumberOfRSSIDecreasedMoreThan30dBm" : 0, "FWVersion" : "0.0.0", "HFPSessionState" : 3, "DeviceLowestRSSI" : -54, "AverageHIDLatencyInMSec" : 17, "PID" : 45105, "SniffInterval_Bin_01_11.25ms" : 0, "WiFiOnWhichBand" : 0, "TotalAnomaliesInBins" : 2, "SniffInterval_Bin_11_750ms" : 0, "DisconnectReason" : 0, "LEASessionState" : 3, "SniffInterval_Bin_02_15ms" : 5, "PER" : 0, "RSSI" : 0, "SniffIntervalSkippedPercentage" : 0, "SniffInterval_Bin_10_500ms" : 1, "DSniffOffset" : 2, "SniffInterval_Bin_12_>750ms" : 0, "ConnectedClassicDevice" : 0, "SniffInterval_Bin_05_45ms" : 0, "IsHFPActive" : false, "TriggerReason" : "Anomaly", "WiFiPowerState" : 2, "IsLEAStreaming" : false, "SniffIntervalSkipped" : 0, "NumberOfRSSIIncreasedMoreThan30dBm" : 0, "MaxHIDLatencyInMSec" : "90ms", "NumberOfAppleMouseOrTrackpadConnected" : 1, "StatisticsCollectedInSeconds" : 1, "SniffIntervalServicedPercentage" : 201, "_input" : "HIDLagDetected", "SniffInterval_Bin_09_150ms" : <…>
2025-07-21 17:05:25.185 Df audioaccessoryd[4247:454f78a] [com.apple.bluetooth:BTServicesDaemon] A2DPSessionState" : 3, "NumberOfRSSIDecreasedBetween26To30dBm" : 0, "ConnectedLEDevice" : 0, }
2025-07-21 17:05:25.186 Df audioaccessoryd[4247:454f78a] [com.apple.bluetooth:BTServicesDaemon] Diag: Bluetooth HID lag banner not shown due to throttle
2025-07-21 17:05:25.186 Df bluetoothd[154:b9c] [com.apple.bluetooth:BTServicesClient] Invalidating
2025-07-21 17:05:25.427 Df bluetoothd[154:454f0e9] [com.apple.bluetooth:Server.Core] Classic [0x10]: time   3, coex   0, rssi -43, tx [S=  0:F=  0], rx [S=  0:F=  0], Pkt Tx{0 0 0}{0 0 0}{0 0 0} Rx{0 0 0}{0 0 0}{0 0 0}
2025-07-21 17:05:25.427 Df bluetoothd[154:11d8] [com.apple.bluetooth:Server.Core] Desense: WLAN Status: ON, isWiFiAssociated: No, wiFiAssociatedBand2GHz: No, wiFiAssociatedBand5GHz: No
2025-07-21 17:05:25.428 Df bluetoothd[154:454f0e9] [com.apple.bluetooth:Server.MacCoex] Desense Detection: Current Minimum NF Value for Core0 is -113 and Core1 is -112, current state is Off, current number of connected USBs is 2 and USB Detected is True
2025-07-21 17:05:25.754 Df bluetoothd[154:454f0e9] [com.apple.bluetooth:Server.MacCoex] Adding LE Connection <private>
2025-07-21 17:05:25.754 Df bluetoothd[154:454f0e9] [com.apple.bluetooth:Server.MacCoex] Posting Bluetooth Status Notification <private>
2025-07-21 17:05:26.182 Df bluetoothd[154:454e48a] [com.apple.bluetooth:Server.Core] HID Latency Statistics events indicated HID lag issue is detected on connection handle 0x0044, vid = 1133 (0x046d), pid = 45105 (0xb031)
2025-07-21 17:05:26.182 Df bluetoothd[154:454e48a] [com.apple.bluetooth:Server.Core] BT Stats for metric '<private>' sent to CoreAnalytics with result 0
2025-07-21 17:05:26.183 Df bluetoothd[154:b9c] [com.apple.bluetooth:BTServicesClient] TargetUserSession kylemathewson 501
2025-07-21 17:05:26.183 Df bluetoothd[154:454e48a] [com.apple.bluetooth:Server.Core] Le [0x44]: time  20, coex   0, rssi -39, tx [S=  0:F=  0], rx [S= 54:F=  0], 1M {rx 0, tx 0}, 2M {rx 0, tx 54}
2025-07-21 17:05:26.184 Df audioaccessoryd[4247:454f78a] [com.apple.bluetooth:BTServicesDaemon] DiagnosticControl: { "IsDeviceStatisticEnabled" : true, "NumberOfRSSIDecreasedMoreThan30dBm" : 0, "FWVersion" : "0.0.0", "HFPSessionState" : 3, "DeviceLowestRSSI" : -54, "AverageHIDLatencyInMSec" : 13, "PID" : 45105, "SniffInterval_Bin_01_11.25ms" : 0, "WiFiOnWhichBand" : 0, "TotalAnomaliesInBins" : 2, "SniffInterval_Bin_11_750ms" : 0, "DisconnectReason" : 0, "LEASessionState" : 3, "SniffInterval_Bin_02_15ms" : 3, "PER" : 0, "RSSI" : 0, "SniffIntervalSkippedPercentage" : 0, "SniffInterval_Bin_10_500ms" : 0, "DSniffOffset" : 2, "SniffInterval_Bin_12_>750ms" : 0, "ConnectedClassicDevice" : 0, "SniffInterval_Bin_05_45ms" : 0, "IsHFPActive" : false, "TriggerReason" : "Anomaly", "WiFiPowerState" : 2, "IsLEAStreaming" : false, "SniffIntervalSkipped" : 0, "NumberOfRSSIIncreasedMoreThan30dBm" : 0, "MaxHIDLatencyInMSec" : "120ms", "NumberOfAppleMouseOrTrackpadConnected" : 1, "StatisticsCollectedInSeconds" : 1, "SniffIntervalServicedPercentage" : 200, "_input" : "HIDLagDetected", "SniffInterval_Bin_09_150ms" :<…>
2025-07-21 17:05:26.185 Df audioaccessoryd[4247:454f78a] [com.apple.bluetooth:BTServicesDaemon] A2DPSessionState" : 3, "NumberOfRSSIDecreasedBetween26To30dBm" : 0, "ConnectedLEDevice" : 0, }
2025-07-21 17:05:26.185 Df audioaccessoryd[4247:454f78a] [com.apple.bluetooth:BTServicesDaemon] Diag: Bluetooth HID lag banner not shown due to throttle
2025-07-21 17:05:26.186 Df bluetoothd[154:b9c] [com.apple.bluetooth:BTServicesClient] Invalidating
2025-07-21 17:05:26.428 Df bluetoothd[154:454f0e9] [com.apple.bluetooth:Server.Core] Classic [0x10]: time   2, coex   0, rssi -43, tx [S=  0:F=  0], rx [S=  0:F=  0], Pkt Tx{0 0 0}{0 0 0}{0 0 0} Rx{0 0 0}{0 0 0}{0 0 0}
2025-07-21 17:05:26.428 Df bluetoothd[154:11d8] [com.apple.bluetooth:Server.Core] Desense: WLAN Status: ON, isWiFiAssociated: No, wiFiAssociatedBand2GHz: No, wiFiAssociatedBand5GHz: No
2025-07-21 17:05:26.429 Df bluetoothd[154:454f0e9] [com.apple.bluetooth:Server.MacCoex] Desense Detection: Current Minimum NF Value for Core0 is -113 and Core1 is -112, current state is Off, current number of connected USBs is 2 and USB Detected is True
2025-07-21 17:05:27.184 Df bluetoothd[154:454e48a] [com.apple.bluetooth:Server.Core] Le [0x44]: time  19, coex   0, rssi -39, tx [S=  0:F=  0], rx [S= 57:F=  0], 1M {rx 0, tx 0}, 2M {rx 0, tx 57}
2025-07-21 17:05:27.184 Df bluetoothd[154:454f0e9] [com.apple.bluetooth:Server.Core] HID Latency Statistics events indicated HID lag issue is detected on connection handle 0x0044, vid = 1133 (0x046d), pid = 45105 (0xb031)
2025-07-21 17:05:27.185 Df bluetoothd[154:454f0e9] [com.apple.bluetooth:Server.Core] BT Stats for metric '<private>' sent to CoreAnalytics with result 0
2025-07-21 17:05:27.185 Df bluetoothd[154:b9c] [com.apple.bluetooth:BTServicesClient] TargetUserSession kylemathewson 501
2025-07-21 17:05:27.187 Df audioaccessoryd[4247:454f78a] [com.apple.bluetooth:BTServicesDaemon] DiagnosticControl: { "IsDeviceStatisticEnabled" : true, "NumberOfRSSIDecreasedMoreThan30dBm" : 0, "FWVersion" : "0.0.0", "HFPSessionState" : 3, "DeviceLowestRSSI" : -54, "AverageHIDLatencyInMSec" : 31, "PID" : 45105, "SniffInterval_Bin_01_11.25ms" : 0, "WiFiOnWhichBand" : 0, "TotalAnomaliesInBins" : 2, "SniffInterval_Bin_11_750ms" : 1, "DisconnectReason" : 0, "LEASessionState" : 3, "SniffInterval_Bin_02_15ms" : 5, "PER" : 0, "RSSI" : 0, "SniffIntervalSkippedPercentage" : 0, "SniffInterval_Bin_10_500ms" : 1, "DSniffOffset" : 2, "SniffInterval_Bin_12_>750ms" : 0, "ConnectedClassicDevice" : 0, "SniffInterval_Bin_05_45ms" : 1, "IsHFPActive" : false, "TriggerReason" : "Anomaly", "WiFiPowerState" : 2, "IsLEAStreaming" : false, "SniffIntervalSkipped" : 0, "NumberOfRSSIIncreasedMoreThan30dBm" : 0, "MaxHIDLatencyInMSec" : "750ms", "NumberOfAppleMouseOrTrackpadConnected" : 1, "StatisticsCollectedInSeconds" : 1, "SniffIntervalServicedPercentage" : 201, "_input" : "HIDLagDetected", "SniffInterval_Bin_09_150ms" :<…>
2025-07-21 17:05:27.187 Df audioaccessoryd[4247:454f78a] [com.apple.bluetooth:BTServicesDaemon] A2DPSessionState" : 3, "NumberOfRSSIDecreasedBetween26To30dBm" : 0, "ConnectedLEDevice" : 0, }
2025-07-21 17:05:27.188 Df audioaccessoryd[4247:454f78a] [com.apple.bluetooth:BTServicesDaemon] Diag: Bluetooth HID lag banner not shown due to throttle
2025-07-21 17:05:27.188 Df bluetoothd[154:b9c] [com.apple.bluetooth:BTServicesClient] Invalidating
2025-07-21 17:05:27.201 Df bluetoothd[154:454e48a] [com.apple.bluetooth:CBStackBLEScanner] Scan start: rescan, DsFl 0x18D642A08040 < NearbyInfo WxStatus Connections Pairing ScreenOff BLEAdvertisementData RSSI Ensemble Identify AirPlaySource AirPlayTarget Attributes Leech >, DsTy <AirDrop, MacMigrate>, ScreenOn yes, 30/300 ms (10%), Filters: {Type 5, Dups no, RSSI -90}, {Type 10, Dups no, RSSI -75}, {Type 9, Dups no, RSSI -90}, {Type 15, Dups no, RSSI -15}, {Type 21, Dups no, RSSI -80, NoConsolidateRule, Blob [01 26 3A 80 5F], Mask [01 26 FF FF FF]}, {Type 16, Dups no, RSSI -90}, {Type 7, Dups no, RSSI -75}
2025-07-21 17:05:27.201 Df bluetoothd[154:454e48a] [com.apple.bluetooth:Server.Core] BT Stats for metric '<private>' sent to CoreAnalytics with result 0
2025-07-21 17:05:27.201 Df bluetoothd[154:454e48a] [com.apple.bluetooth:Server.Core] BT Stats for metric '<private>' sent to CoreAnalytics with result 0
2025-07-21 17:05:27.201 Df bluetoothd[154:454e48a] [com.apple.bluetooth:Server.Core] BT Stats for metric '<private>' sent to CoreAnalytics with result 0
2025-07-21 17:05:27.201 Df bluetoothd[154:454e48a] [com.apple.bluetooth:Server.Core] BT Stats for metric '<private>' sent to CoreAnalytics with result 0
2025-07-21 17:05:27.201 Df bluetoothd[154:454e48a] [com.apple.bluetooth:Server.Core] BT Stats for metric '<private>' sent to CoreAnalytics with result 0
2025-07-21 17:05:27.201 Df bluetoothd[154:454e48a] [com.apple.bluetooth:Server.Core] BT Stats for metric '<private>' sent to CoreAnalytics with result 0
2025-07-21 17:05:27.201 Df bluetoothd[154:454e48a] [com.apple.bluetooth:Server.Core] BT Stats for metric '<private>' sent to CoreAnalytics with result 0
2025-07-21 17:05:27.201 Df bluetoothd[154:454e48a] [com.apple.bluetooth:Server.LE.Scan] Received 'stop scan' request from session "CBDaemon-0xCB2E0006" (CBDaemon) updateScanParams:YES shouldUpdateState:YES
2025-07-21 17:05:27.202 Df bluetoothd[154:454e48a] [com.apple.bluetooth:Server.LE.Scan] ShouldScan=1 AnyValidScanRequests=1 anyValidScanRequestInPaused=0 fObserverState=Active ClientScanPowerAssertRequired=0 fScanFiltersNeedUpdagint=1
2025-07-21 17:05:27.202 Df bluetoothd[154:454e48a] [com.apple.bluetooth:Server.LE.Scan] updateADVBufferConfig current:00 new:00 configChanged:00
2025-07-21 17:05:27.202 Df bluetoothd[154:454e48a] [com.apple.bluetooth:Server.LE.Scan] state 32
2025-07-21 17:05:27.202 Df bluetoothd[154:454e48a] [com.apple.bluetooth:Server.LE.Scan] Findmy usecase "FindMyNotOptedIn" is asking for duplicates? No
2025-07-21 17:05:27.202 Df bluetoothd[154:454e48a] [com.apple.bluetooth:Server.LE.Scan] <private> allowDupes:0, agentAllowDupes:0, active:0
2025-07-21 17:05:27.202 Df bluetoothd[154:454e48a] [com.apple.bluetooth:Server.LE.Scan] <private> active 0
2025-07-21 17:05:27.202 Df bluetoothd[154:454e48a] [com.apple.bluetooth:Server.LE.Scan] state 32
2025-07-21 17:05:27.202 Df bluetoothd[154:454e48a] [com.apple.bluetooth:Server.LE.Scan] <private> allowDupes:0, agentAllowDupes:0, active:0
2025-07-21 17:05:27.202 Df bluetoothd[154:454e48a] [com.apple.bluetooth:Server.LE.Scan] <private> active 0
2025-07-21 17:05:27.203 Df bluetoothd[154:454e48a] [com.apple.bluetooth:Server.LE.Scan] state 32
2025-07-21 17:05:27.203 Df bluetoothd[154:454e48a] [com.apple.bluetooth:Server.LE.Scan] Findmy usecase "FindMyNotOptedIn" is asking for duplicates? No
2025-07-21 17:05:27.203 Df bluetoothd[154:454e48a] [com.apple.bluetooth:Server.LE.Scan] <private> allowDupes:0, agentAllowDupes:0, active:0
2025-07-21 17:05:27.203 Df bluetoothd[154:454e48a] [com.apple.bluetooth:Server.LE.Scan] <private> active 0
2025-07-21 17:05:27.203 Df bluetoothd[154:454e48a] [com.apple.bluetooth:Server.LE.Scan] ScanParams: numScanAgents 3, combined params AD:0 AS:0 MSL:3 (30/300) PSV:1
2025-07-21 17:05:27.203 Df bluetoothd[154:454e48a] [com.apple.bluetooth:Server.LE.Scan] ScanParams: [com.apple.locationd-central-139-0] AP:0 AD:0(30/300) AS:0 RAS:0 DMN:1 FG:0 ADVBF:0 pBT:0|[com.apple.bluetoothd-central-154-3] AP:0 AD:0(30/300) AS:0 RAS:0 DMN:1 FG:0 ADVBF:0 pBT:0|[com.apple.locationd-central-139-13] AP:0 AD:0(30/300) AS:0 RAS:0 DMN:1 FG:0 ADVBF:0 pBT:0
2025-07-21 17:05:27.203 Df bluetoothd[154:454e48a] [com.apple.bluetooth:Server.LE.Scan] Returning scan parameters: Main:30.00ms/300.00ms LP:0.00ms/300.00ms(supported) SC:0.00ms/50.00ms/non-concurrent(supported) Dm:(m:30/300) Cond:0:1:0 Sc:1 (passive) Dupfilter:Enabled minScanLevel:3 ENAssertion:N Pri:0/0
2025-07-21 17:05:27.203 Df bluetoothd[154:454e48a] [com.apple.bluetooth:Server.LE.Scan] needToRestart=1
2025-07-21 17:05:27.203 Df bluetoothd[154:454e48a] [com.apple.bluetooth:Server.LE.Scan] fShouldRetainDupsNextUpdate 0, screen? 1, retaindup? 0, EN scans? 0, created[EN]=0
2025-07-21 17:05:27.203 Df bluetoothd[154:454e48a] [com.apple.bluetooth:Server.LE.Scan] EN is not active - new retain dups value 0
2025-07-21 17:05:27.203 Df bluetoothd[154:454e48a] [com.apple.bluetooth:Server.LE.Scan] Received 'start UnspecifiedUnspecified SharingDefault SharingAirDrop scan' request  , without duplicates, duration:unlimited, on 1M PHY scan timing 30/300  scanLevel=3 from session "CBDaemon-0xCB2E0006"
2025-07-21 17:05:27.204 Df bluetoothd[154:454e48a] [com.apple.bluetooth:Server.LE.Scan] Waiting for scan state to settle before updating scan
2025-07-21 17:05:27.204 Df bluetoothd[154:454e48a] [com.apple.bluetooth:Server.LE.Scan] TryReadMatchAndADVBuffers reason:2 fMatchBufferExpectedEntries:0x255 fScreenState:On fMatchActionTableRulesCount:0 supportedADVBuffers:0 haveAnyHwObjectDiscoveryRequests:0 fADVBufferExpectedEntries:255 readInProgress[Wild]:0 readInProgress[NearOwner]:0 fMatchBufferReadInProgress:0
2025-07-21 17:05:27.208 Df bluetoothd[154:454f0e9] [com.apple.bluetooth:Server.LE.Scan] Scanning stopped successfully.  12 Advertising Events, 0 dropped pkts
2025-07-21 17:05:27.208 Df bluetoothd[154:454f0e9] [com.apple.bluetooth:Server.LE.Scan] Trying to remove scan filters with forceRemove=NO fHaveZoneFilters:NO fZoneScansHaveChanged:NO fHaveUUIDFilters:YES fHaveRuleFilters:YES
2025-07-21 17:05:27.227 Df bluetoothd[154:454f0e9] [com.apple.bluetooth:Server.LE.Scan] Scan state change:  Stopping(4) --> Idle(1)
2025-07-21 17:05:27.227 Df bluetoothd[154:454f0e9] [com.apple.bluetooth:Server.LE.Scan] handleScanStoppedEvent state=Idle observerState=Active
2025-07-21 17:05:27.228 Df bluetoothd[154:454f0e9] [com.apple.bluetooth:Server.LE.Scan] ShouldScan=1 AnyValidScanRequests=1 anyValidScanRequestInPaused=0 fObserverState=Active ClientScanPowerAssertRequired=0 fScanFiltersNeedUpdagint=1
2025-07-21 17:05:27.228 Df bluetoothd[154:454f0e9] [com.apple.bluetooth:Server.LE.Scan] updateADVBufferConfig current:00 new:00 configChanged:00
2025-07-21 17:05:27.228 Df bluetoothd[154:454f0e9] [com.apple.bluetooth:Server.LE.Scan] state 32
2025-07-21 17:05:27.228 Df bluetoothd[154:454f0e9] [com.apple.bluetooth:Server.LE.Scan] Findmy usecase "FindMyNotOptedIn" is asking for duplicates? No
2025-07-21 17:05:27.228 Df bluetoothd[154:454f0e9] [com.apple.bluetooth:Server.LE.Scan] <private> allowDupes:0, agentAllowDupes:0, active:0
2025-07-21 17:05:27.228 Df bluetoothd[154:454f0e9] [com.apple.bluetooth:Server.LE.Scan] <private> active 0
2025-07-21 17:05:27.228 Df bluetoothd[154:454f0e9] [com.apple.bluetooth:Server.LE.Scan] state 32
2025-07-21 17:05:27.228 Df bluetoothd[154:454f0e9] [com.apple.bluetooth:Server.LE.Scan] <private> allowDupes:0, agentAllowDupes:0, active:0
2025-07-21 17:05:27.228 Df bluetoothd[154:454f0e9] [com.apple.bluetooth:Server.LE.Scan] <private> active 0
2025-07-21 17:05:27.228 Df bluetoothd[154:454f0e9] [com.apple.bluetooth:Server.LE.Scan] state 32
2025-07-21 17:05:27.228 Df bluetoothd[154:454f0e9] [com.apple.bluetooth:Server.LE.Scan] Findmy usecase "FindMyNotOptedIn" is asking for duplicates? No
2025-07-21 17:05:27.228 Df bluetoothd[154:454f0e9] [com.apple.bluetooth:Server.LE.Scan] <private> allowDupes:0, agentAllowDupes:0, active:0
2025-07-21 17:05:27.228 Df bluetoothd[154:454f0e9] [com.apple.bluetooth:Server.LE.Scan] <private> active 0
2025-07-21 17:05:27.228 Df bluetoothd[154:454f0e9] [com.apple.bluetooth:Server.LE.Scan] state 32
2025-07-21 17:05:27.228 Df bluetoothd[154:454f0e9] [com.apple.bluetooth:Server.LE.Scan] <private> allowDupes:0, agentAllowDupes:0, active:0
2025-07-21 17:05:27.229 Df bluetoothd[154:454f0e9] [com.apple.bluetooth:Server.LE.Scan] <private> active 0
2025-07-21 17:05:27.229 Df bluetoothd[154:454f0e9] [com.apple.bluetooth:Server.LE.Scan] ScanParams: numScanAgents 4, combined params AD:0 AS:0 MSL:3 (30/300) PSV:1
2025-07-21 17:05:27.229 Df bluetoothd[154:454f0e9] [com.apple.bluetooth:Server.LE.Scan] ScanParams: [com.apple.locationd-central-139-0] AP:0 AD:0(30/300) AS:0 RAS:0 DMN:1 FG:0 ADVBF:0 pBT:0|[com.apple.bluetoothd-central-154-3] AP:0 AD:0(30/300) AS:0 RAS:0 DMN:1 FG:0 ADVBF:0 pBT:0|[com.apple.locationd-central-139-13] AP:0 AD:0(30/300) AS:0 RAS:0 DMN:1 FG:0 ADVBF:0 pBT:0
2025-07-21 17:05:27.229 Df bluetoothd[154:454f0e9] [com.apple.bluetooth:Server.LE.Scan] ScanParams: [CBDaemon-0xCB2E0006] AP:0 AD:0(30/300) AS:0 RAS:0 DMN:1 FG:0 ADVBF:0 pBT:0
2025-07-21 17:05:27.229 Df bluetoothd[154:454f0e9] [com.apple.bluetooth:Server.LE.Scan] Returning scan parameters: Main:30.00ms/300.00ms LP:0.00ms/300.00ms(supported) SC:0.00ms/50.00ms/non-concurrent(supported) Dm:(m:30/300) Cond:0:1:0 Sc:1 (passive) Dupfilter:Enabled minScanLevel:3 ENAssertion:N Pri:0/0
2025-07-21 17:05:27.229 Df bluetoothd[154:454f0e9] [com.apple.bluetooth:Server.LE.Scan] needToRestart=1
2025-07-21 17:05:27.229 Df bluetoothd[154:454f0e9] [com.apple.bluetooth:Server.LE.Scan] Starting passive scan (300.00ms/30.00ms) with duplicate filter enabled scNeed=1 stateO=0, retainDups=0 fScanFiltersNeedUpdating=YES
2025-07-21 17:05:27.299 Df bluetoothd[154:454e48a] [com.apple.bluetooth:Server.LE.Scan] ShouldScan=1 AnyValidScanRequests=1 anyValidScanRequestInPaused=0 fObserverState=Active ClientScanPowerAssertRequired=0 fScanFiltersNeedUpdagint=0
2025-07-21 17:05:27.299 Df bluetoothd[154:454e48a] [com.apple.bluetooth:Server.LE.Scan] updateADVBufferConfig current:00 new:00 configChanged:00
2025-07-21 17:05:27.299 Df bluetoothd[154:454e48a] [com.apple.bluetooth:Server.LE.Scan] state 32
2025-07-21 17:05:27.299 Df bluetoothd[154:454e48a] [com.apple.bluetooth:Server.LE.Scan] Findmy usecase "FindMyNotOptedIn" is asking for duplicates? No
2025-07-21 17:05:27.299 Df bluetoothd[154:454e48a] [com.apple.bluetooth:Server.LE.Scan] <private> allowDupes:0, agentAllowDupes:0, active:0
2025-07-21 17:05:27.299 Df bluetoothd[154:454e48a] [com.apple.bluetooth:Server.LE.Scan] <private> active 0
2025-07-21 17:05:27.299 Df bluetoothd[154:454e48a] [com.apple.bluetooth:Server.LE.Scan] state 32
2025-07-21 17:05:27.299 Df bluetoothd[154:454e48a] [com.apple.bluetooth:Server.LE.Scan] <private> allowDupes:0, agentAllowDupes:0, active:0
2025-07-21 17:05:27.299 Df bluetoothd[154:454e48a] [com.apple.bluetooth:Server.LE.Scan] <private> active 0
2025-07-21 17:05:27.299 Df bluetoothd[154:454e48a] [com.apple.bluetooth:Server.LE.Scan] state 32
2025-07-21 17:05:27.300 Df bluetoothd[154:454e48a] [com.apple.bluetooth:Server.LE.Scan] Findmy usecase "FindMyNotOptedIn" is asking for duplicates? No
2025-07-21 17:05:27.300 Df bluetoothd[154:454e48a] [com.apple.bluetooth:Server.LE.Scan] <private> allowDupes:0, agentAllowDupes:0, active:0
2025-07-21 17:05:27.300 Df bluetoothd[154:454e48a] [com.apple.bluetooth:Server.LE.Scan] <private> active 0
2025-07-21 17:05:27.300 Df bluetoothd[154:454e48a] [com.apple.bluetooth:Server.LE.Scan] state 32
2025-07-21 17:05:27.300 Df bluetoothd[154:454e48a] [com.apple.bluetooth:Server.LE.Scan] <private> allowDupes:0, agentAllowDupes:0, active:0
2025-07-21 17:05:27.300 Df bluetoothd[154:454e48a] [com.apple.bluetooth:Server.LE.Scan] <private> active 0
2025-07-21 17:05:27.300 Df bluetoothd[154:454e48a] [com.apple.bluetooth:Server.LE.Scan] ScanParams: numScanAgents 4, combined params AD:0 AS:0 MSL:3 (30/300) PSV:1
2025-07-21 17:05:27.300 Df bluetoothd[154:454e48a] [com.apple.bluetooth:Server.LE.Scan] ScanParams: [com.apple.locationd-central-139-0] AP:0 AD:0(30/300) AS:0 RAS:0 DMN:1 FG:0 ADVBF:0 pBT:0|[com.apple.bluetoothd-central-154-3] AP:0 AD:0(30/300) AS:0 RAS:0 DMN:1 FG:0 ADVBF:0 pBT:0|[com.apple.locationd-central-139-13] AP:0 AD:0(30/300) AS:0 RAS:0 DMN:1 FG:0 ADVBF:0 pBT:0
2025-07-21 17:05:27.300 Df bluetoothd[154:454e48a] [com.apple.bluetooth:Server.LE.Scan] ScanParams: [CBDaemon-0xCB2E0006] AP:0 AD:0(30/300) AS:0 RAS:0 DMN:1 FG:0 ADVBF:0 pBT:0
2025-07-21 17:05:27.300 Df bluetoothd[154:454e48a] [com.apple.bluetooth:Server.LE.Scan] Returning scan parameters: Main:30.00ms/300.00ms LP:0.00ms/300.00ms(supported) SC:0.00ms/50.00ms/non-concurrent(supported) Dm:(m:30/300) Cond:0:1:0 Sc:1 (passive) Dupfilter:Enabled minScanLevel:3 ENAssertion:N Pri:0/0
2025-07-21 17:05:27.301 Df bluetoothd[154:454e48a] [com.apple.bluetooth:Server.LE.Scan] needToRestart=1
2025-07-21 17:05:27.301 Df bluetoothd[154:454e48a] [com.apple.bluetooth:Server.LE.Scan] Starting passive scan (300.00ms/30.00ms) with duplicate filter enabled scNeed=0 stateO=0, retainDups=0 fScanFiltersNeedUpdating=NO
2025-07-21 17:05:27.301 Df bluetoothd[154:454e48a] [com.apple.bluetooth:Server.LE.Scan] overrideEnableGlobalDupFilter:1
2025-07-21 17:05:27.301 Df bluetoothd[154:454e48a] [com.apple.bluetooth:Server.LE.Scan] Scan state change:  Idle(1) --> Starting(2)
2025-07-21 17:05:27.301 Df bluetoothd[154:454e48a] [com.apple.bluetooth:Server.BTDaemon] <private>
2025-07-21 17:05:27.315 Df bluetoothd[154:454e48a] [com.apple.bluetooth:Server.LE.Scan] Scanning started successfully
2025-07-21 17:05:27.315 Df bluetoothd[154:454e48a] [com.apple.bluetooth:Server.LE.Scan] Scan state change:  Starting(2) --> Scanning(3)
2025-07-21 17:05:27.316 Df bluetoothd[154:454e48a] [com.apple.bluetooth:Server.LE.Scan] ShouldScan=1 AnyValidScanRequests=1 anyValidScanRequestInPaused=0 fObserverState=Active ClientScanPowerAssertRequired=0 fScanFiltersNeedUpdagint=0
2025-07-21 17:05:27.316 Df bluetoothd[154:454e48a] [com.apple.bluetooth:Server.LE.Scan] updateADVBufferConfig current:00 new:00 configChanged:00
2025-07-21 17:05:27.316 Df bluetoothd[154:454e48a] [com.apple.bluetooth:Server.LE.Scan] state 32
2025-07-21 17:05:27.316 Df bluetoothd[154:454e48a] [com.apple.bluetooth:Server.LE.Scan] Findmy usecase "FindMyNotOptedIn" is asking for duplicates? No
2025-07-21 17:05:27.316 Df bluetoothd[154:454e48a] [com.apple.bluetooth:Server.LE.Scan] <private> allowDupes:0, agentAllowDupes:0, active:0
2025-07-21 17:05:27.316 Df bluetoothd[154:454e48a] [com.apple.bluetooth:Server.LE.Scan] <private> active 0
2025-07-21 17:05:27.316 Df bluetoothd[154:454e48a] [com.apple.bluetooth:Server.LE.Scan] state 32
2025-07-21 17:05:27.316 Df bluetoothd[154:454e48a] [com.apple.bluetooth:Server.LE.Scan] <private> allowDupes:0, agentAllowDupes:0, active:0
2025-07-21 17:05:27.316 Df bluetoothd[154:454e48a] [com.apple.bluetooth:Server.LE.Scan] <private> active 0
2025-07-21 17:05:27.316 Df bluetoothd[154:454e48a] [com.apple.bluetooth:Server.LE.Scan] state 32
2025-07-21 17:05:27.316 Df bluetoothd[154:454e48a] [com.apple.bluetooth:Server.LE.Scan] Findmy usecase "FindMyNotOptedIn" is asking for duplicates? No
2025-07-21 17:05:27.316 Df bluetoothd[154:454e48a] [com.apple.bluetooth:Server.LE.Scan] <private> allowDupes:0, agentAllowDupes:0, active:0
2025-07-21 17:05:27.316 Df bluetoothd[154:454e48a] [com.apple.bluetooth:Server.LE.Scan] <private> active 0
2025-07-21 17:05:27.316 Df bluetoothd[154:454e48a] [com.apple.bluetooth:Server.LE.Scan] state 32
2025-07-21 17:05:27.316 Df bluetoothd[154:454e48a] [com.apple.bluetooth:Server.LE.Scan] <private> allowDupes:0, agentAllowDupes:0, active:0
2025-07-21 17:05:27.317 Df bluetoothd[154:454e48a] [com.apple.bluetooth:Server.LE.Scan] <private> active 0
2025-07-21 17:05:27.317 Df bluetoothd[154:454e48a] [com.apple.bluetooth:Server.LE.Scan] ScanParams: numScanAgents 4, combined params AD:0 AS:0 MSL:3 (30/300) PSV:1
2025-07-21 17:05:27.317 Df bluetoothd[154:454e48a] [com.apple.bluetooth:Server.LE.Scan] ScanParams: [com.apple.locationd-central-139-0] AP:0 AD:0(30/300) AS:0 RAS:0 DMN:1 FG:0 ADVBF:0 pBT:0|[com.apple.bluetoothd-central-154-3] AP:0 AD:0(30/300) AS:0 RAS:0 DMN:1 FG:0 ADVBF:0 pBT:0|[com.apple.locationd-central-139-13] AP:0 AD:0(30/300) AS:0 RAS:0 DMN:1 FG:0 ADVBF:0 pBT:0
2025-07-21 17:05:27.317 Df bluetoothd[154:454e48a] [com.apple.bluetooth:Server.LE.Scan] ScanParams: [CBDaemon-0xCB2E0006] AP:0 AD:0(30/300) AS:0 RAS:0 DMN:1 FG:0 ADVBF:0 pBT:0
2025-07-21 17:05:27.317 Df bluetoothd[154:454e48a] [com.apple.bluetooth:Server.LE.Scan] Returning scan parameters: Main:30.00ms/300.00ms LP:0.00ms/300.00ms(supported) SC:0.00ms/50.00ms/non-concurrent(supported) Dm:(m:30/300) Cond:0:1:0 Sc:1 (passive) Dupfilter:Enabled minScanLevel:3 ENAssertion:N Pri:0/0
2025-07-21 17:05:27.317 Df bluetoothd[154:454e48a] [com.apple.bluetooth:Server.LE.Scan] needToRestart=0
2025-07-21 17:05:27.430 Df bluetoothd[154:454e48a] [com.apple.bluetooth:Server.Core] Classic [0x10]: time   2, coex   0, rssi -43, tx [S=  0:F=  0], rx [S=  0:F=  0], Pkt Tx{0 0 0}{0 0 0}{0 0 0} Rx{0 0 0}{0 0 0}{0 0 0}
2025-07-21 17:05:27.430 Df bluetoothd[154:11d8] [com.apple.bluetooth:Server.Core] Desense: WLAN Status: ON, isWiFiAssociated: No, wiFiAssociatedBand2GHz: No, wiFiAssociatedBand5GHz: No
2025-07-21 17:05:27.430 Df bluetoothd[154:454e48a] [com.apple.bluetooth:Server.MacCoex] Desense Detection: Current Minimum NF Value for Core0 is -113 and Core1 is -112, current state is Off, current number of connected USBs is 2 and USB Detected is True
2025-07-21 17:05:27.644 Df bluetoothd[154:454f0e9] [com.apple.bluetooth:CBDaemonServer] BLE Scanner Device Found: CBDevice BE0B8A43-8DEA-C6D8-B5A9-6C15463BC288, BDA 4C:7D:A5:82:98:74, Nm 'Kyle’s Mac mini', Md Mac14,12, IDS 93A8F1D1-F4E7-4ED9-AE72-B76FA705B1F1, AcID kylemath@gmail.com, stID 93A8F1D1-F4E7-4ED9-AE72-B76FA705B1F1, DsFl 0x8000000000 < AirPlayTarget >, DsTy <NearbyInfoV2, MiLo>, DvF 0x40000000080 < SameAccount Connectable >, RSSI -86, Ch 38, AdTsMC <1318720410844>, AMfD <4c 00 09 08 13 02 c0 a8 56 47 1b 58 16 08 00 c8 10 78 6a 1e 40 0b>, apTC 2, apTF 0x13 < SupportsAWDLSolo SupportsMediaControl HasPort >, apTI 192.168.86.71, apTP 7000, nb2Fe 0x4 < MiLo >, nb2A <10 78 6a>, nb2Ai <1e 40 0b>, CF 0x200000000 < RSSI >
2025-07-21 17:05:28.187 Df bluetoothd[154:454f0e9] [com.apple.bluetooth:Server.Core] Le [0x44]: time  38, coex   0, rssi -39, tx [S=  0:F=  0], rx [S=  5:F=  0], 1M {rx 0, tx 0}, 2M {rx 0, tx 5}
2025-07-21 17:05:28.296 Df bluetoothd[154:454f0e9] [com.apple.bluetooth:CBDaemonServer] BLE Scanner Device Found: CBDevice DC41C4B4-EB4A-47B0-4FC8-173D225D2F8F, BDA 60:2B:A2:E3:FF:15, Nm 'Bluetooth Device', DsFl 0x40 < NearbyInfo >, DvF 0x40000000000 < Connectable >, RSSI -50, Ch 39, AdTsMC <1318721062023>, AMfD <4c 00 10 06 2f 1e 47 a8 0a de>, nbIAT <47 a8 0a>, nbIF 0x3C2 < Ranging AT Duet WiFiP2P HtSp >, CF 0x200000000 < RSSI >
2025-07-21 17:05:28.429 Df bluetoothd[154:454f0e9] [com.apple.bluetooth:Server.Core] Classic [0x10]: time   5, coex   0, rssi -43, tx [S=  1:F= 47], rx [S=  0:F=  0], Pkt Tx{0 0 0}{0 0 0}{0 0 0} Rx{0 0 0}{0 0 0}{0 0 0}
2025-07-21 17:05:28.429 Df bluetoothd[154:11d8] [com.apple.bluetooth:Server.Core] Desense: WLAN Status: ON, isWiFiAssociated: No, wiFiAssociatedBand2GHz: No, wiFiAssociatedBand5GHz: No
2025-07-21 17:05:29.016 Df sharingd[4170:4a85b] [com.apple.bluetooth:WirelessProximity] Nearby clear duplicate filter cache type 1
2025-07-21 17:05:29.017 Df bluetoothd[154:454e48a] [com.apple.bluetooth:WirelessProximity] clear dup filter cache for process sharingd (4170) with scan request of type 16, blob: {length = 0, bytes = 0x}, mask {length = 0, bytes = 0x}, active: 0, duplicates: 0, screen on: No Scan, screen off: No Scan, locked: 1,  rssi: -90, peers: (
) nearby scan mode: 10, advbuf: 0, priority critical: 0, range: 0, usecases:
2025-07-21 17:05:29.017 Df bluetoothd[154:454e48a] [com.apple.bluetooth:WirelessProximity] About to clearDuplicateFilterCache for type: 16
2025-07-21 17:05:29.017 Df bluetoothd[154:454e48a] [com.apple.bluetooth:Server.XPC] Received XPC message "CBMsgIdClearDuplicateFilterCache" from session "com.apple.bluetoothd-central-154-3"
2025-07-21 17:05:29.023 Df bluetoothd[154:454e48a] [com.apple.bluetooth:Server.App] clearDuplicateFilterCache for session "com.apple.bluetoothd" type 16
2025-07-21 17:05:29.185 Df bluetoothd[154:454e48a] [com.apple.bluetooth:Server.Core] BT Stats for metric '<private>' sent to CoreAnalytics with result 0
2025-07-21 17:05:29.185 Df bluetoothd[154:454e48a] [com.apple.bluetooth:Server.Core] HID Latency Statistics events indicated HID lag issue is detected on connection handle 0x0044, vid = 1133 (0x046d), pid = 45105 (0xb031)
2025-07-21 17:05:29.185 Df bluetoothd[154:454e48a] [com.apple.bluetooth:Server.Core] BT Stats for metric '<private>' sent to CoreAnalytics with result 0
2025-07-21 17:05:29.186 Df bluetoothd[154:b9c] [com.apple.bluetooth:BTServicesClient] TargetUserSession kylemathewson 501
2025-07-21 17:05:29.186 Df bluetoothd[154:454e48a] [com.apple.bluetooth:Server.Core] Le [0x44]: time  31, coex   0, rssi -41, tx [S=  1:F=  1], rx [S= 27:F=  0], 1M {rx 0, tx 0}, 2M {rx 2, tx 27}
2025-07-21 17:05:29.188 Df audioaccessoryd[4247:454f78a] [com.apple.bluetooth:BTServicesDaemon] DiagnosticControl: { "IsDeviceStatisticEnabled" : true, "NumberOfRSSIDecreasedMoreThan30dBm" : 0, "FWVersion" : "0.0.0", "HFPSessionState" : 3, "DeviceLowestRSSI" : -54, "AverageHIDLatencyInMSec" : 63, "PID" : 45105, "SniffInterval_Bin_01_11.25ms" : 0, "WiFiOnWhichBand" : 0, "TotalAnomaliesInBins" : 2, "SniffInterval_Bin_11_750ms" : 2, "DisconnectReason" : 0, "LEASessionState" : 3, "SniffInterval_Bin_02_15ms" : 1, "PER" : 0, "RSSI" : 0, "SniffIntervalSkippedPercentage" : 0, "SniffInterval_Bin_10_500ms" : 0, "DSniffOffset" : 2, "SniffInterval_Bin_12_>750ms" : 0, "ConnectedClassicDevice" : 0, "SniffInterval_Bin_05_45ms" : 0, "IsHFPActive" : false, "TriggerReason" : "Anomaly", "WiFiPowerState" : 2, "IsLEAStreaming" : false, "SniffIntervalSkipped" : 0, "NumberOfRSSIIncreasedMoreThan30dBm" : 0, "MaxHIDLatencyInMSec" : "750ms", "NumberOfAppleMouseOrTrackpadConnected" : 1, "StatisticsCollectedInSeconds" : 1, "SniffIntervalServicedPercentage" : 201, "_input" : "HIDLagDetected", "SniffInterval_Bin_09_150ms" :<…>
2025-07-21 17:05:29.188 Df audioaccessoryd[4247:454f78a] [com.apple.bluetooth:BTServicesDaemon] A2DPSessionState" : 3, "NumberOfRSSIDecreasedBetween26To30dBm" : 0, "ConnectedLEDevice" : 0, }
2025-07-21 17:05:29.189 Df audioaccessoryd[4247:454f78a] [com.apple.bluetooth:BTServicesDaemon] Diag: Bluetooth HID lag banner not shown due to throttle
2025-07-21 17:05:29.189 Df bluetoothd[154:b9c] [com.apple.bluetooth:BTServicesClient] Invalidating
2025-07-21 17:05:29.430 Df bluetoothd[154:454e48a] [com.apple.bluetooth:Server.Core] Classic [0x10]: time   2, coex   0, rssi -43, tx [S=  0:F=  0], rx [S=  0:F=  0], Pkt Tx{0 0 0}{0 0 0}{0 0 0} Rx{0 0 0}{0 0 0}{0 0 0}
2025-07-21 17:05:29.430 Df bluetoothd[154:11d8] [com.apple.bluetooth:Server.Core] Desense: WLAN Status: ON, isWiFiAssociated: No, wiFiAssociatedBand2GHz: No, wiFiAssociatedBand5GHz: No
2025-07-21 17:05:29.431 Df bluetoothd[154:454e48a] [com.apple.bluetooth:Server.MacCoex] Desense Detection: Current Minimum NF Value for Core0 is -114 and Core1 is -112, current state is Off, current number of connected USBs is 2 and USB Detected is True
2025-07-21 17:05:29.432 Df bluetoothd[154:454f3e5] [com.apple.bluetooth:CBDaemonServer] BLE Scanner Device Found: CBDevice 897294C0-EA5C-A355-A37F-8E59E42833BF, BDA 51:F7:56:CB:2F:CC, Nm 'Bluetooth Device', DsFl 0x40 < NearbyInfo >, DvF 0x40000000000 < Connectable >, RSSI -69, Ch 38, AdTsMC <1318722197787>, AMfD <4c 00 10 02 03 00>, CF 0x200000000 < RSSI >
2025-07-21 17:05:30.190 Df bluetoothd[154:454f0e9] [com.apple.bluetooth:Server.Core] Le [0x44]: time  40, coex   0, rssi -42, tx [S=  0:F=  0], rx [S=  0:F=  0], 1M {rx 0, tx 0}, 2M {rx 0, tx 0}
2025-07-21 17:05:30.433 Df bluetoothd[154:454f0e9] [com.apple.bluetooth:Server.Core] Classic [0x10]: time   2, coex   0, rssi -43, tx [S=  0:F=  0], rx [S=  0:F=  0], Pkt Tx{0 0 0}{0 0 0}{0 0 0} Rx{0 0 0}{0 0 0}{0 0 0}
2025-07-21 17:05:30.433 Df bluetoothd[154:11d8] [com.apple.bluetooth:Server.Core] Desense: WLAN Status: ON, isWiFiAssociated: No, wiFiAssociatedBand2GHz: No, wiFiAssociatedBand5GHz: No
2025-07-21 17:05:30.434 Df bluetoothd[154:454f0e9] [com.apple.bluetooth:Server.MacCoex] Desense Detection: Current Minimum NF Value for Core0 is -114 and Core1 is -112, current state is Off, current number of connected USBs is 2 and USB Detected is True
2025-07-21 17:05:30.976 Df bluetoothd[154:454f0e9] [com.apple.bluetooth:Server.MacCoex] Adding LE Connection <private>
2025-07-21 17:05:30.976 Df bluetoothd[154:454f0e9] [com.apple.bluetooth:Server.MacCoex] Posting Bluetooth Status Notification <private>
2025-07-21 17:05:31.050 Df bluetoothd[154:454f3e5] [com.apple.bluetooth:CBDaemonServer] Identities resolve added: Addr d2ca5fafb6f1, AT 2a9df4, CBDevice 6E227281-9968-3BC6-D7A7-3400823A917F, BDA D2:CA:5F:AF:B6:F1, Nm 'Kyle’s Mac mini', Md Mac14,12, IDS 93A8F1D1-F4E7-4ED9-AE72-B76FA705B1F1, stID 93A8F1D1-F4E7-4ED9-AE72-B76FA705B1F1, DsFl 0x800040 < NearbyInfo Pairing >, DvF 0x1B080 < SameAccount Hidden BLEPaired CloudPaired HIDGoodBehavior >, RSSI -79, Ch 37, CtInfo CBControllerInfo, BlSt Unknown, DcsS Unknown, Sync Status: Uploaded, FastLE v1, Allowed: yes, InqS Unknown, LMPv 0 (Unknown), SSrv: 0x392039 < HFP AVRCP A2DP HID Braille LEA AACP GATT SerialPort >, BTv 5.3, AdTsMC <1318723815862>, AMfD <4c 00 10 05 4d 1c 2a 9d f4>, nbIAT <2a 9d f4>, nbIF 0x1C1 < AirDrop AT Duet WiFiP2P >, CF 0xA40000040 < NearbyInfo BLEAdvertisementData RSSI DiscoveryFlags >, matches 1
2025-07-21 17:05:31.050 Df bluetoothd[154:454f3e5] [com.apple.bluetooth:CBDaemonServer] BLE Scanner Device Found: CBDevice 6E227281-9968-3BC6-D7A7-3400823A917F, BDA D2:CA:5F:AF:B6:F1, Nm 'Kyle’s Mac mini', Md Mac14,12, IDS 93A8F1D1-F4E7-4ED9-AE72-B76FA705B1F1, stID 93A8F1D1-F4E7-4ED9-AE72-B76FA705B1F1, DsFl 0x800040 < NearbyInfo Pairing >, DvF 0x1B080 < SameAccount Hidden BLEPaired CloudPaired HIDGoodBehavior >, RSSI -79, Ch 37, CtInfo CBControllerInfo, BlSt Unknown, DcsS Unknown, Sync Status: Uploaded, FastLE v1, Allowed: yes, InqS Unknown, LMPv 0 (Unknown), SSrv: 0x392039 < HFP AVRCP A2DP HID Braille LEA AACP GATT SerialPort >, BTv 5.3, AdTsMC <1318723815862>, AMfD <4c 00 10 05 4d 1c 2a 9d f4>, nbIAT <2a 9d f4>, nbIF 0x1C1 < AirDrop AT Duet WiFiP2P >, CF 0xA40000040 < NearbyInfo BLEAdvertisementData RSSI DiscoveryFlags >
2025-07-21 17:05:31.190 Df bluetoothd[154:454f3e5] [com.apple.bluetooth:Server.Core] Le [0x44]: time  40, coex   0, rssi -42, tx [S=  0:F=  0], rx [S=  0:F=  0], 1M {rx 0, tx 0}, 2M {rx 0, tx 0}
2025-07-21 17:05:31.439 Df bluetoothd[154:454f3e5] [com.apple.bluetooth:Server.Core] Classic [0x10]: time   2, coex   0, rssi -43, tx [S=  0:F=  0], rx [S=  0:F=  0], Pkt Tx{0 0 0}{0 0 0}{0 0 0} Rx{0 0 0}{0 0 0}{0 0 0}
2025-07-21 17:05:31.439 Df bluetoothd[154:11d8] [com.apple.bluetooth:Server.Core] Desense: WLAN Status: ON, isWiFiAssociated: No, wiFiAssociatedBand2GHz: No, wiFiAssociatedBand5GHz: No
2025-07-21 17:05:31.440 Df bluetoothd[154:454f3e5] [com.apple.bluetooth:Server.MacCoex] Desense Detection: Current Minimum NF Value for Core0 is -114 and Core1 is -112, current state is Off, current number of connected USBs is 2 and USB Detected is True
2025-07-21 17:05:31.575 Df bluetoothd[154:454f3e5] [com.apple.bluetooth:CBDaemonServer] BLE Scanner Device Found: CBDevice DC41C4B4-EB4A-47B0-4FC8-173D225D2F8F, BDA 60:2B:A2:E3:FF:15, Nm 'Bluetooth Device', DsFl 0x40 < NearbyInfo >, DvF 0x40000000000 < Connectable >, RSSI -50, Ch 38, AdTsMC <1318724341777>, AMfD <4c 00 10 06 2f 1e 47 a8 0a de>, nbIAT <47 a8 0a>, nbIF 0x3C2 < Ranging AT Duet WiFiP2P HtSp >, CF 0x200000000 < RSSI >
2025-07-21 17:05:32.188 Df bluetoothd[154:454e48b] [com.apple.bluetooth:Server.Core] Le [0x44]: time  40, coex   0, rssi -42, tx [S=  0:F=  0], rx [S=  0:F=  0], 1M {rx 0, tx 0}, 2M {rx 0, tx 0}
2025-07-21 17:05:32.440 Df bluetoothd[154:454e48b] [com.apple.bluetooth:Server.Core] Classic [0x10]: time   2, coex   0, rssi -43, tx [S=  0:F=  0], rx [S=  0:F=  0], Pkt Tx{0 0 0}{0 0 0}{0 0 0} Rx{0 0 0}{0 0 0}{0 0 0}
2025-07-21 17:05:32.440 Df bluetoothd[154:11d8] [com.apple.bluetooth:Server.Core] Desense: WLAN Status: ON, isWiFiAssociated: No, wiFiAssociatedBand2GHz: No, wiFiAssociatedBand5GHz: No
2025-07-21 17:05:32.440 Df bluetoothd[154:454e48b] [com.apple.bluetooth:Server.MacCoex] Desense Detection: Current Minimum NF Value for Core0 is -114 and Core1 is -112, current state is Off, current number of connected USBs is 2 and USB Detected is True
2025-07-21 17:05:33.192 Df bluetoothd[154:454f3e5] [com.apple.bluetooth:Server.Core] BT Stats for metric '<private>' sent to CoreAnalytics with result 0
2025-07-21 17:05:33.193 Df bluetoothd[154:454f3e5] [com.apple.bluetooth:Server.Core] HID Latency Statistics events indicated HID lag issue is detected on connection handle 0x0044, vid = 1133 (0x046d), pid = 45105 (0xb031)
2025-07-21 17:05:33.193 Df bluetoothd[154:454f3e5] [com.apple.bluetooth:Server.Core] BT Stats for metric '<private>' sent to CoreAnalytics with result 0
2025-07-21 17:05:33.193 Df bluetoothd[154:b9c] [com.apple.bluetooth:BTServicesClient] TargetUserSession kylemathewson 501
2025-07-21 17:05:33.194 Df bluetoothd[154:454f3e5] [com.apple.bluetooth:Server.Core] Le [0x44]: time  29, coex   0, rssi -41, tx [S=  0:F=  0], rx [S= 25:F=  0], 1M {rx 0, tx 0}, 2M {rx 0, tx 25}
2025-07-21 17:05:33.195 Df audioaccessoryd[4247:454f78a] [com.apple.bluetooth:BTServicesDaemon] DiagnosticControl: { "IsDeviceStatisticEnabled" : true, "NumberOfRSSIDecreasedMoreThan30dBm" : 0, "FWVersion" : "0.0.0", "HFPSessionState" : 3, "DeviceLowestRSSI" : -54, "AverageHIDLatencyInMSec" : 61, "PID" : 45105, "SniffInterval_Bin_01_11.25ms" : 0, "WiFiOnWhichBand" : 0, "TotalAnomaliesInBins" : 2, "SniffInterval_Bin_11_750ms" : 0, "DisconnectReason" : 0, "LEASessionState" : 3, "SniffInterval_Bin_02_15ms" : 3, "PER" : 0, "RSSI" : 0, "SniffIntervalSkippedPercentage" : 0, "SniffInterval_Bin_10_500ms" : 0, "DSniffOffset" : 2, "SniffInterval_Bin_12_>750ms" : 1, "ConnectedClassicDevice" : 0, "SniffInterval_Bin_05_45ms" : 3, "IsHFPActive" : false, "TriggerReason" : "Anomaly", "WiFiPowerState" : 2, "IsLEAStreaming" : false, "SniffIntervalSkipped" : 0, "NumberOfRSSIIncreasedMoreThan30dBm" : 0, "MaxHIDLatencyInMSec" : ">750ms", "NumberOfAppleMouseOrTrackpadConnected" : 1, "StatisticsCollectedInSeconds" : 1, "SniffIntervalServicedPercentage" : 201, "_input" : "HIDLagDetected", "SniffInterval_Bin_09_150ms" <…>
2025-07-21 17:05:33.195 Df audioaccessoryd[4247:454f78a] [com.apple.bluetooth:BTServicesDaemon] A2DPSessionState" : 3, "NumberOfRSSIDecreasedBetween26To30dBm" : 0, "ConnectedLEDevice" : 0, }
2025-07-21 17:05:33.195 Df audioaccessoryd[4247:454f78a] [com.apple.bluetooth:BTServicesDaemon] Diag: Bluetooth HID lag banner not shown due to throttle
2025-07-21 17:05:33.196 Df bluetoothd[154:b9c] [com.apple.bluetooth:BTServicesClient] Invalidating
2025-07-21 17:05:33.242 Df bluetoothd[154:b9c] [com.apple.bluetooth:Server.Core] [MacUserClient][NotificationEventHandler] -- Received Heart Beat notification -- HIDShim
2025-07-21 17:05:33.242 Df bluetoothd[154:454f3e5] [com.apple.bluetooth:Server.Core] isHIDShimDevice: Device 64:5A:ED:EF:A1:C1 is a modern Apple HID and supportsUserSpaceHIDDriversOnMacOS() is true -- return false
2025-07-21 17:05:33.330 Df bluetoothd[154:454f3e5] [com.apple.bluetooth:Server.LE.Scan] decryptProximityPairingPayload device:<private> address:<private>
2025-07-21 17:05:33.440 Df bluetoothd[154:454e48b] [com.apple.bluetooth:Server.Core] Classic [0x10]: time   2, coex   0, rssi -43, tx [S=  0:F=  0], rx [S=  0:F=  0], Pkt Tx{0 0 0}{0 0 0}{0 0 0} Rx{0 0 0}{0 0 0}{0 0 0}
2025-07-21 17:05:33.440 Df bluetoothd[154:11d8] [com.apple.bluetooth:Server.Core] Desense: WLAN Status: ON, isWiFiAssociated: No, wiFiAssociatedBand2GHz: No, wiFiAssociatedBand5GHz: No
2025-07-21 17:05:33.682 Df bluetoothd[154:454f0e9] [com.apple.bluetooth:CBDaemonServer] Identities resolve added: Addr 4242ea4afef1, AT 2a9df4, CBDevice FD8437A8-5646-E4A6-5E4A-ACCC6BAD52B4, BDA 42:42:EA:4A:FE:F1, Nm 'Kyle’s Mac mini', Md Mac14,12, IDS 93A8F1D1-F4E7-4ED9-AE72-B76FA705B1F1, AcID kylemath@gmail.com, stID 93A8F1D1-F4E7-4ED9-AE72-B76FA705B1F1, DsFl 0x40 < NearbyInfo >, DvF 0x40000000080 < SameAccount Connectable >, RSSI -80, Ch 37, AdTsMC <1318726448919>, AMfD <4c 00 10 05 4d 1c 2a 9d f4>, nbIAT <2a 9d f4>, nbIF 0x1C1 < AirDrop AT Duet WiFiP2P >, CF 0x80A40000040 < NearbyInfo BLEAdvertisementData RSSI DiscoveryFlags Attributes >, matches 1
2025-07-21 17:05:33.682 Df bluetoothd[154:454f0e9] [com.apple.bluetooth:CBStackController] FastLEConnection:modifyDevice changed:0 cloudID:FD8437A8-5646-E4A6-5E4A-ACCC6BAD52B4 deviceUUID:fd8437a8-5646-e4a6-5e4a-accc6bad52b4 inDevice.controllerInfo.fastLEConnectionInfoVersion 0 data:NULL allowed:0
2025-07-21 17:05:33.682 Df bluetoothd[154:454f0e9] [com.apple.bluetooth:CBDaemonServer] BLE Scanner Device Found: CBDevice FD8437A8-5646-E4A6-5E4A-ACCC6BAD52B4, BDA 42:42:EA:4A:FE:F1, Nm 'Kyle’s Mac mini', Md Mac14,12, IDS 93A8F1D1-F4E7-4ED9-AE72-B76FA705B1F1, AcID kylemath@gmail.com, stID 93A8F1D1-F4E7-4ED9-AE72-B76FA705B1F1, DsFl 0x40 < NearbyInfo >, DvF 0x40000000080 < SameAccount Connectable >, RSSI -80, Ch 37, AdTsMC <1318726448919>, AMfD <4c 00 10 05 4d 1c 2a 9d f4>, nbIAT <2a 9d f4>, nbIF 0x1C1 < AirDrop AT Duet WiFiP2P >, CF 0x80A40000040 < NearbyInfo BLEAdvertisementData RSSI DiscoveryFlags Attributes >
2025-07-21 17:05:34.199 Df bluetoothd[154:454f3e5] [com.apple.bluetooth:Server.Core] Le [0x44]: time  11, coex   0, rssi -39, tx [S=  0:F=  0], rx [S= 93:F=  0], 1M {rx 0, tx 0}, 2M {rx 0, tx 93}
2025-07-21 17:05:34.442 Df bluetoothd[154:454e48a] [com.apple.bluetooth:Server.Core] Classic [0x10]: time   2, coex   0, rssi -43, tx [S=  0:F=  0], rx [S=  0:F=  0], Pkt Tx{0 0 0}{0 0 0}{0 0 0} Rx{0 0 0}{0 0 0}{0 0 0}
2025-07-21 17:05:34.442 Df bluetoothd[154:11d8] [com.apple.bluetooth:Server.Core] Desense: WLAN Status: ON, isWiFiAssociated: No, wiFiAssociatedBand2GHz: No, wiFiAssociatedBand5GHz: No
2025-07-21 17:05:34.443 Df bluetoothd[154:454e48a] [com.apple.bluetooth:Server.MacCoex] Desense Detection: Current Minimum NF Value for Core0 is -114 and Core1 is -112, current state is Off, current number of connected USBs is 2 and USB Detected is True
2025-07-21 17:05:35.204 Df bluetoothd[154:454e48a] [com.apple.bluetooth:Server.Core] Le [0x44]: time  24, coex   0, rssi -38, tx [S=  0:F=  0], rx [S= 49:F=  0], 1M {rx 0, tx 0}, 2M {rx 0, tx 49}
2025-07-21 17:05:35.440 Df bluetoothd[154:454f0e9] [com.apple.bluetooth:Server.Core] Classic [0x10]: time   2, coex   0, rssi -43, tx [S=  0:F=  0], rx [S=  0:F=  0], Pkt Tx{0 0 0}{0 0 0}{0 0 0} Rx{0 0 0}{0 0 0}{0 0 0}
2025-07-21 17:05:35.440 Df bluetoothd[154:11d8] [com.apple.bluetooth:Server.Core] Desense: WLAN Status: ON, isWiFiAssociated: No, wiFiAssociatedBand2GHz: No, wiFiAssociatedBand5GHz: No
2025-07-21 17:05:36.204 Df bluetoothd[154:454e48a] [com.apple.bluetooth:Server.Core] Le [0x44]: time  25, coex   0, rssi -44, tx [S=  0:F=  0], rx [S= 42:F=  0], 1M {rx 0, tx 0}, 2M {rx 0, tx 42}
2025-07-21 17:05:36.204 Df bluetoothd[154:454e48b] [com.apple.bluetooth:Server.Core] BT Stats for metric '<private>' sent to CoreAnalytics with result 0
2025-07-21 17:05:36.205 Df bluetoothd[154:454e48b] [com.apple.bluetooth:Server.Core] HID Latency Statistics events indicated HID lag issue is detected on connection handle 0x0044, vid = 1133 (0x046d), pid = 45105 (0xb031)
2025-07-21 17:05:36.205 Df bluetoothd[154:454e48b] [com.apple.bluetooth:Server.Core] BT Stats for metric '<private>' sent to CoreAnalytics with result 0
2025-07-21 17:05:36.205 Df bluetoothd[154:b9c] [com.apple.bluetooth:BTServicesClient] TargetUserSession kylemathewson 501
2025-07-21 17:05:36.207 Df audioaccessoryd[4247:454f78a] [com.apple.bluetooth:BTServicesDaemon] DiagnosticControl: { "IsDeviceStatisticEnabled" : true, "NumberOfRSSIDecreasedMoreThan30dBm" : 0, "FWVersion" : "0.0.0", "HFPSessionState" : 3, "DeviceLowestRSSI" : -54, "AverageHIDLatencyInMSec" : 38, "PID" : 45105, "SniffInterval_Bin_01_11.25ms" : 0, "WiFiOnWhichBand" : 0, "TotalAnomaliesInBins" : 4, "SniffInterval_Bin_11_750ms" : 0, "DisconnectReason" : 0, "LEASessionState" : 3, "SniffInterval_Bin_02_15ms" : 3, "PER" : 0, "RSSI" : 0, "SniffIntervalSkippedPercentage" : 0, "SniffInterval_Bin_10_500ms" : 2, "DSniffOffset" : 2, "SniffInterval_Bin_12_>750ms" : 0, "ConnectedClassicDevice" : 0, "SniffInterval_Bin_05_45ms" : 1, "IsHFPActive" : false, "TriggerReason" : "Anomaly", "WiFiPowerState" : 2, "IsLEAStreaming" : false, "SniffIntervalSkipped" : 0, "NumberOfRSSIIncreasedMoreThan30dBm" : 0, "MaxHIDLatencyInMSec" : "120ms", "NumberOfAppleMouseOrTrackpadConnected" : 1, "StatisticsCollectedInSeconds" : 1, "SniffIntervalServicedPercentage" : 201, "_input" : "HIDLagDetected", "SniffInterval_Bin_09_150ms" :<…>
2025-07-21 17:05:36.207 Df audioaccessoryd[4247:454f78a] [com.apple.bluetooth:BTServicesDaemon] A2DPSessionState" : 3, "NumberOfRSSIDecreasedBetween26To30dBm" : 0, "ConnectedLEDevice" : 0, }
2025-07-21 17:05:36.208 Df audioaccessoryd[4247:454f78a] [com.apple.bluetooth:BTServicesDaemon] Diag: Bluetooth HID lag banner not shown due to throttle
2025-07-21 17:05:36.208 Df bluetoothd[154:b9c] [com.apple.bluetooth:BTServicesClient] Invalidating
2025-07-21 17:05:36.225 Df bluetoothd[154:454e48a] [com.apple.bluetooth:Server.MacCoex] Adding LE Connection <private>
2025-07-21 17:05:36.225 Df bluetoothd[154:454e48a] [com.apple.bluetooth:Server.MacCoex] Posting Bluetooth Status Notification <private>
2025-07-21 17:05:36.442 Df bluetoothd[154:454e48a] [com.apple.bluetooth:Server.Core] Classic [0x10]: time   2, coex   0, rssi -43, tx [S=  0:F=  0], rx [S=  0:F=  0], Pkt Tx{0 0 0}{0 0 0}{0 0 0} Rx{0 0 0}{0 0 0}{0 0 0}
2025-07-21 17:05:36.442 Df bluetoothd[154:11d8] [com.apple.bluetooth:Server.Core] Desense: WLAN Status: ON, isWiFiAssociated: No, wiFiAssociatedBand2GHz: No, wiFiAssociatedBand5GHz: No
2025-07-21 17:05:36.443 Df bluetoothd[154:454e48a] [com.apple.bluetooth:Server.MacCoex] Desense Detection: Current Minimum NF Value for Core0 is -114 and Core1 is -112, current state is Off, current number of connected USBs is 2 and USB Detected is True
2025-07-21 17:05:37.207 Df bluetoothd[154:454e48a] [com.apple.bluetooth:Server.Core] Le [0x44]: time   8, coex   0, rssi -41, tx [S=  0:F=  0], rx [S=103:F=  0], 1M {rx 0, tx 0}, 2M {rx 0, tx 103}
2025-07-21 17:05:37.222 Df identityservicesd[4146:4a76e] [com.apple.bluetooth:WirelessProximity] Continuity start advertising with data: advertising request of type 12, priority 7, UseFG 48 (30.00 ms), data {length = 14, bytes = 0x086d1d788d72b4e61cfb12192b3a}, connectable 1, addr change 1, options {
}, advertisementRequestedAt 0
2025-07-21 17:05:37.223 Df bluetoothd[154:454e48a] [com.apple.bluetooth:WirelessProximity] Start advertising for process identityservicesd (4146) of type 12 with advertising interval 48 (30.00 ms)
2025-07-21 17:05:37.223 Df bluetoothd[154:454e48a] [com.apple.bluetooth:WirelessProximity] Setting advert timer for client 12 with time 2.00
2025-07-21 17:05:37.223 Df bluetoothd[154:454e48a] [com.apple.bluetooth:WirelessProximity] [Privacy] removeAdvertisingRequest: 12, <private>
2025-07-21 17:05:37.223 Df bluetoothd[154:454e48a] [com.apple.bluetooth:WirelessProximity] Adding data of type: 9, advData: {length = 8, bytes = 0x132ec0a801411b58} advInterval: 290 EPA:0
2025-07-21 17:05:37.223 Df bluetoothd[154:454e48a] [com.apple.bluetooth:WirelessProximity] Current advertisement packet: {length = 10, bytes = 0x0908132ec0a801411b58} advertRate: 290 EPA:0
2025-07-21 17:05:37.223 Df bluetoothd[154:454e48a] [com.apple.bluetooth:WirelessProximity] Adding data of type: 12, advData: {length = 14, bytes = 0x086d1d788d72b4e61cfb12192b3a} advInterval: 48 EPA:0
2025-07-21 17:05:37.223 Df bluetoothd[154:454e48a] [com.apple.bluetooth:WirelessProximity] Current advertisement packet: {length = 16, bytes = 0x0c0e086d1d788d72b4e61cfb12192b3a} advertRate: 48 EPA:0
2025-07-21 17:05:37.223 Df bluetoothd[154:454e48a] [com.apple.bluetooth:WirelessProximity] Adding data of type: 16, advData: {length = 6, bytes = 0x4b1d3a805f58} advInterval: 432 EPA:0
2025-07-21 17:05:37.223 Df bluetoothd[154:454e48a] [com.apple.bluetooth:WirelessProximity] Current advertisement packet: {length = 24, bytes = 0x0c0e086d1d788d72b4e61cfb12192b3a10064b1d3a805f58} advertRate: 48 EPA:0
2025-07-21 17:05:37.223 Df bluetoothd[154:454e48a] [com.apple.bluetooth:WirelessProximity] Adding data of type: 22, advData: {length = 8, bytes = 0x0095ed5ad776ba42} advInterval: 290 EPA:0
2025-07-21 17:05:37.223 Df bluetoothd[154:454e48a] [com.apple.bluetooth:WirelessProximity] Current advertisement packet: {length = 20, bytes = 0x0908132ec0a801411b5816080095ed5ad776ba42} advertRate: 290 EPA:0
2025-07-21 17:05:37.223 Df bluetoothd[154:454e48a] [com.apple.bluetooth:WirelessProximity] [Privacy] AdvertisingRulesiOS: current connectable advertisers: <private>, current clients for address change notification: <private>
2025-07-21 17:05:37.223 Df bluetoothd[154:454e48a] [com.apple.bluetooth:WirelessProximity] [Privacy] AdvertisingRulesiOS: remaining connectable advertisers: <private>, notification clients: <private>
2025-07-21 17:05:37.223 Df bluetoothd[154:454e48a] [com.apple.bluetooth:WirelessProximity] [Privacy] AdvertisingRulesiOS: current non-connectable advertisers: <private>, current clients for address change notification: <private>
2025-07-21 17:05:37.223 Df bluetoothd[154:454e48a] [com.apple.bluetooth:WirelessProximity] [Privacy] AdvertisingRulesiOS: remaining non-connectable advertisers: <private>, notification clients: <private>
2025-07-21 17:05:37.223 Df bluetoothd[154:454e48a] [com.apple.bluetooth:WirelessProximity] AdvertisingRulesiOS - current advertisers: 9 12 16 22
2025-07-21 17:05:37.223 Df bluetoothd[154:454e48a] [com.apple.bluetooth:WirelessProximity] [Privacy] AdvertisingRulesiOS: AddrChangeNotificationNeeded adv packet:  <private>
2025-07-21 17:05:37.223 Df bluetoothd[154:454e48a] [com.apple.bluetooth:WirelessProximity] [Privacy] AdvertisingRulesiOS: AddrChangeNotificationNeeded adv packet:  <private>
2025-07-21 17:05:37.224 Df bluetoothd[154:454e48a] [com.apple.bluetooth:WirelessProximity] AdvertisingRulesiOS - advertising packets: (
        {
        kCBAdvDataAppleMfgData = {length = 28, bytes = 0x1bff4c00 0c0e086d 1d788d72 b4e61cfb ... 10064b1d 3a805f58 };
        kCBAdvDataIsConnectable = 1;
        kCBAdvOptionAdvertisingInterval = 48;
        kCBAdvOptionStopOnAdvertisingAddressChange = 1;
        kCBManagerListOfClients =         (
            "com.apple.identityservicesd",
            "com.apple.sharingd"
        );
        kCBMsgArgIsPrivilegedDaemon = 1;
    },
        {
        kCBAdvDataAppleMfgData = {length = 24, bytes = 0x17ff4c000908132ec0a801411b5816080095ed5ad776ba42};
        kCBAdvDataIsConnectable = 0;
        kCBAdvOptionAdvertisingInterval = 290;
        kCBAdvOptionStopOnAdvertisingAddressChange = 1;
        kCBMsgArgIsPrivilegedDaemon = 1;
    }
)
2025-07-21 17:05:37.224 Df bluetoothd[154:454e48a] [com.apple.bluetooth:WirelessProximity] Requesting to start advertising for clients 9 12 16 22  with (
        {
        kCBAdvDataAppleMfgData = {length = 28, bytes = 0x1bff4c00 0c0e086d 1d788d72 b4e61cfb ... 10064b1d 3a805f58 };
        kCBAdvDataIsConnectable = 1;
        kCBAdvOptionAdvertisingInterval = 48;
        kCBAdvOptionStopOnAdvertisingAddressChange = 1;
        kCBManagerListOfClients =         (
            "com.apple.identityservicesd",
            "com.apple.sharingd"
        );
        kCBMsgArgIsPrivilegedDaemon = 1;
    },
        {
        kCBAdvDataAppleMfgData = {length = 24, bytes = 0x17ff4c000908132ec0a801411b5816080095ed5ad776ba42};
        kCBAdvDataIsConnectable = 0;
        kCBAdvOptionAdvertisingInterval = 290;
        kCBAdvOptionStopOnAdvertisingAddressChange = 1;
        kCBMsgArgIsPrivilegedDaemon = 1;
    }
)
2025-07-21 17:05:37.224 Df bluetoothd[154:454e48b] [com.apple.bluetooth:Server.XPC] Received XPC message "CBMsgIdStopAdvertising" from session "com.apple.bluetoothd-peripheral-154-4"
2025-07-21 17:05:37.224 Df bluetoothd[154:454e48b] [com.apple.bluetooth:Server.LE.Advertise] Received 'stop advertising' request from session "com.apple.bluetoothd-peripheral-154-4"
2025-07-21 17:05:37.224 Df bluetoothd[154:454e48b] [com.apple.bluetooth:Server.Core] BT Stats for metric '<private>' sent to CoreAnalytics with result 0
2025-07-21 17:05:37.224 Df bluetoothd[154:454e48b] [com.apple.bluetooth:Server.Core] BT Stats for metric '<private>' sent to CoreAnalytics with result 0
2025-07-21 17:05:37.224 Df bluetoothd[154:454e48b] [com.apple.bluetooth:Server.XPC] Received XPC message "CBMsgIdStopAdvertising" from session "com.apple.bluetoothd-peripheral-154-5"
2025-07-21 17:05:37.224 Df bluetoothd[154:454e48a] [com.apple.bluetooth:Server.LE.Advertise] background advertising sessions:AppleMFG:0 Extended:0
2025-07-21 17:05:37.224 Df bluetoothd[154:454fa0c] [com.apple.bluetooth:WirelessProximity] [Privacy] Did stop advertising with error: (null)
2025-07-21 17:05:37.224 Df bluetoothd[154:454e48a] [com.apple.bluetooth:Stack.LE]  StopAdvertising tech=1
2025-07-21 17:05:37.224 Df bluetoothd[154:454e48a] [com.apple.bluetooth:Stack.LE]  Address rotation in progress:NO
2025-07-21 17:05:37.224 Df bluetoothd[154:454e48a] [com.apple.bluetooth:Server.LE.Advertise] Advertising state change:  Advertising(2) --> Stopping(3) stack:ON
2025-07-21 17:05:37.224 Df bluetoothd[154:454e48b] [com.apple.bluetooth:Server.LE.Advertise] Received 'stop advertising' request from session "com.apple.bluetoothd-peripheral-154-5"
2025-07-21 17:05:37.224 Df bluetoothd[154:454e48b] [com.apple.bluetooth:Server.Core] BT Stats for metric '<private>' sent to CoreAnalytics with result 0
2025-07-21 17:05:37.224 Df bluetoothd[154:454e48b] [com.apple.bluetooth:Server.XPC] Received XPC message "CBMsgIdStartAdvertising" from session "com.apple.bluetoothd-peripheral-154-4"
2025-07-21 17:05:37.224 Df bluetoothd[154:454f0e9] [com.apple.bluetooth:WirelessProximity] [Privacy] Did stop advertising with error: (null)
2025-07-21 17:05:37.224 Df bluetoothd[154:454e48b] [com.apple.bluetooth:Server.XPC] Setting client list to <private>
2025-07-21 17:05:37.224 Df bluetoothd[154:454e48b] [com.apple.bluetooth:Server.LE.Advertise] Received 'start advertising' request from session "com.apple.bluetoothd-peripheral-154-4", with manufacturer data [ 1B FF 4C 00 0C 0E 08 6D 1D 78 8D 72 B4 E6 1C FB 12 19 2B 3A 10 06 4B 1D 3A 80 5F 58 ], interval 30, no name
2025-07-21 17:05:37.224 Df bluetoothd[154:454e48b] [com.apple.bluetooth:Server.LE.Advertise] Calling updateAdvertisement
2025-07-21 17:05:37.224 Df bluetoothd[154:454e48b] [com.apple.bluetooth:Server.XPC] Received XPC message "CBMsgIdStartAdvertising" from session "com.apple.bluetoothd-peripheral-154-5"
2025-07-21 17:05:37.224 Df bluetoothd[154:454e48b] [com.apple.bluetooth:Server.XPC] Setting client list to <private>
2025-07-21 17:05:37.224 Df bluetoothd[154:454f0e9] [com.apple.bluetooth:WirelessProximity] Started to advertise for type 9 with error (null)
2025-07-21 17:05:37.224 Df bluetoothd[154:454e48b] [com.apple.bluetooth:Server.LE.Advertise] Received 'start advertising' request from session "com.apple.bluetoothd-peripheral-154-5", with manufacturer data [ 17 FF 4C 00 09 08 13 2E C0 A8 01 41 1B 58 16 08 00 95 ED 5A D7 76 BA 42 ], interval 122, no name
2025-07-21 17:05:37.224 Df bluetoothd[154:454f0e9] [com.apple.bluetooth:WirelessProximity] Started to advertise for type 12 with error (null)
2025-07-21 17:05:37.224 Df bluetoothd[154:454e48b] [com.apple.bluetooth:Server.LE.Advertise] Calling updateAdvertisement
2025-07-21 17:05:37.224 Df bluetoothd[154:454f0e9] [com.apple.bluetooth:WirelessProximity] Advertising started for client <private> (4146) of type 12
2025-07-21 17:05:37.225 Df bluetoothd[154:454f0e9] [com.apple.bluetooth:WirelessProximity] Started to advertise for type 16 with error (null)
2025-07-21 17:05:37.225 Df bluetoothd[154:454f0e9] [com.apple.bluetooth:WirelessProximity] Advertising started for client <private> (4170) of type 16
2025-07-21 17:05:37.225 Df bluetoothd[154:454f0e9] [com.apple.bluetooth:WirelessProximity] Started to advertise for type 22 with error (null)
2025-07-21 17:05:37.229 Df bluetoothd[154:11d8] [com.apple.bluetooth:Stack.LE]  Address rotation in progress:NO
2025-07-21 17:05:37.229 Df bluetoothd[154:454f0e9] [com.apple.bluetooth:Server.LE.Advertise] Stopped advertising successfully status=0
2025-07-21 17:05:37.229 Df bluetoothd[154:454f0e9] [com.apple.bluetooth:Server.LE.Advertise] Advertising state change:  Stopping(3) --> Idle(0) stack:ON
2025-07-21 17:05:37.229 Df bluetoothd[154:454f0e9] [com.apple.bluetooth:Server.LE.Advertise] background advertising sessions:AppleMFG:0 Extended:0
2025-07-21 17:05:37.229 Df bluetoothd[154:454f0e9] [com.apple.bluetooth:Stack.LE]  StartAdvertising tech=1 handle=0
2025-07-21 17:05:37.229 Df bluetoothd[154:454f0e9] [com.apple.bluetooth:Stack.LE]  Address rotation in progress:NO
2025-07-21 17:05:37.229 Df bluetoothd[154:454f0e9] [com.apple.bluetooth:Server.LE.Advertise] Advertising state change:  Idle(0) --> Starting(1) stack:ON
2025-07-21 17:05:37.243 Df bluetoothd[154:11d8] [com.apple.bluetooth:Stack.LE]  Address rotation in progress:NO
2025-07-21 17:05:37.243 Df bluetoothd[154:11d8] [com.apple.bluetooth:Stack.LE]  StartAdvertising tech=1 handle=2
2025-07-21 17:05:37.243 Df bluetoothd[154:11d8] [com.apple.bluetooth:Stack.LE]  Address rotation in progress:NO
2025-07-21 17:05:37.256 Df bluetoothd[154:11d8] [com.apple.bluetooth:Stack.LE]  Address rotation in progress:NO
2025-07-21 17:05:37.256 Df bluetoothd[154:11d8] [com.apple.bluetooth:Stack.LE]  StartAdvertising tech=1 handle=3
2025-07-21 17:05:37.256 Df bluetoothd[154:11d8] [com.apple.bluetooth:Stack.LE]  Address rotation in progress:NO
2025-07-21 17:05:37.269 Df bluetoothd[154:11d8] [com.apple.bluetooth:Stack.LE]  Address rotation in progress:NO
2025-07-21 17:05:37.269 Df bluetoothd[154:11d8] [com.apple.bluetooth:Stack.LE]  StartAdvertising tech=1 handle=4
2025-07-21 17:05:37.269 Df bluetoothd[154:11d8] [com.apple.bluetooth:Stack.LE]  Address rotation in progress:NO
2025-07-21 17:05:37.281 Df bluetoothd[154:11d8] [com.apple.bluetooth:Stack.LE]  Address rotation in progress:NO
2025-07-21 17:05:37.281 Df bluetoothd[154:454e48b] [com.apple.bluetooth:Server.LE.Advertise] Started advertising successfully status=0
2025-07-21 17:05:37.281 Df bluetoothd[154:454e48b] [com.apple.bluetooth:Server.LE.Advertise] Advertising state change:  Starting(1) --> Advertising(2) stack:ON
2025-07-21 17:05:37.281 Df bluetoothd[154:454e48b] [com.apple.bluetooth:Server.LE.Advertise] background advertising sessions:AppleMFG:0 Extended:0
2025-07-21 17:05:37.433 Df bluetoothd[154:454e48b] [com.apple.bluetooth:Server.LE.Advertise] background advertising sessions:AppleMFG:0 Extended:0
2025-07-21 17:05:37.443 Df bluetoothd[154:454e48b] [com.apple.bluetooth:Server.Core] Classic [0x10]: time   2, coex   0, rssi -43, tx [S=  0:F=  0], rx [S=  0:F=  0], Pkt Tx{0 0 0}{0 0 0}{0 0 0} Rx{0 0 0}{0 0 0}{0 0 0}
2025-07-21 17:05:37.443 Df bluetoothd[154:11d8] [com.apple.bluetooth:Server.Core] Desense: WLAN Status: ON, isWiFiAssociated: No, wiFiAssociatedBand2GHz: No, wiFiAssociatedBand5GHz: No
2025-07-21 17:05:37.443 Df bluetoothd[154:454e48b] [com.apple.bluetooth:Server.MacCoex] Desense Detection: Current Minimum NF Value for Core0 is -113 and Core1 is -112, current state is Off, current number of connected USBs is 2 and USB Detected is True
2025-07-21 17:05:38.205 Df bluetoothd[154:454e48b] [com.apple.bluetooth:Server.Core] BT Stats for metric '<private>' sent to CoreAnalytics with result 0
2025-07-21 17:05:38.205 Df bluetoothd[154:454e48b] [com.apple.bluetooth:Server.Core] HID Latency Statistics events indicated HID lag issue is detected on connection handle 0x0044, vid = 1133 (0x046d), pid = 45105 (0xb031)
2025-07-21 17:05:38.205 Df bluetoothd[154:454e48b] [com.apple.bluetooth:Server.Core] BT Stats for metric '<private>' sent to CoreAnalytics with result 0
2025-07-21 17:05:38.206 Df bluetoothd[154:b9c] [com.apple.bluetooth:BTServicesClient] TargetUserSession kylemathewson 501
2025-07-21 17:05:38.207 Df audioaccessoryd[4247:454f78a] [com.apple.bluetooth:BTServicesDaemon] DiagnosticControl: { "IsDeviceStatisticEnabled" : true, "NumberOfRSSIDecreasedMoreThan30dBm" : 0, "FWVersion" : "0.0.0", "HFPSessionState" : 3, "DeviceLowestRSSI" : -54, "AverageHIDLatencyInMSec" : 17, "PID" : 45105, "SniffInterval_Bin_01_11.25ms" : 0, "WiFiOnWhichBand" : 0, "TotalAnomaliesInBins" : 3, "SniffInterval_Bin_11_750ms" : 0, "DisconnectReason" : 0, "LEASessionState" : 3, "SniffInterval_Bin_02_15ms" : 0, "PER" : 0, "RSSI" : 0, "SniffIntervalSkippedPercentage" : 0, "SniffInterval_Bin_10_500ms" : 0, "DSniffOffset" : 2, "SniffInterval_Bin_12_>750ms" : 0, "ConnectedClassicDevice" : 0, "SniffInterval_Bin_05_45ms" : 1, "IsHFPActive" : false, "TriggerReason" : "Anomaly", "WiFiPowerState" : 2, "IsLEAStreaming" : false, "SniffIntervalSkipped" : 0, "NumberOfRSSIIncreasedMoreThan30dBm" : 0, "MaxHIDLatencyInMSec" : "90ms", "NumberOfAppleMouseOrTrackpadConnected" : 1, "StatisticsCollectedInSeconds" : 1, "SniffIntervalServicedPercentage" : 201, "_input" : "HIDLagDetected", "SniffInterval_Bin_09_150ms" : <…>
2025-07-21 17:05:38.207 Df bluetoothd[154:454e48b] [com.apple.bluetooth:Server.Core] Le [0x44]: time  30, coex   0, rssi -41, tx [S=  0:F=  0], rx [S= 30:F=  0], 1M {rx 0, tx 0}, 2M {rx 0, tx 30}
2025-07-21 17:05:38.207 Df audioaccessoryd[4247:454f78a] [com.apple.bluetooth:BTServicesDaemon] A2DPSessionState" : 3, "NumberOfRSSIDecreasedBetween26To30dBm" : 0, "ConnectedLEDevice" : 0, }
2025-07-21 17:05:38.208 Df audioaccessoryd[4247:454f78a] [com.apple.bluetooth:BTServicesDaemon] Diag: Bluetooth HID lag banner not shown due to throttle
2025-07-21 17:05:38.208 Df bluetoothd[154:b9c] [com.apple.bluetooth:BTServicesClient] Invalidating
2025-07-21 17:05:38.442 Df bluetoothd[154:454f0e9] [com.apple.bluetooth:Server.Core] Classic [0x10]: time   3, coex   0, rssi -43, tx [S=  0:F=  0], rx [S=  0:F=  0], Pkt Tx{0 0 0}{0 0 0}{0 0 0} Rx{0 0 0}{0 0 0}{0 0 0}
2025-07-21 17:05:38.442 Df bluetoothd[154:11d8] [com.apple.bluetooth:Server.Core] Desense: WLAN Status: ON, isWiFiAssociated: No, wiFiAssociatedBand2GHz: No, wiFiAssociatedBand5GHz: No
2025-07-21 17:05:39.020 Df sharingd[4170:4a85b] [com.apple.bluetooth:WirelessProximity] Nearby clear duplicate filter cache type 1
2025-07-21 17:05:39.021 Df bluetoothd[154:454f0e9] [com.apple.bluetooth:WirelessProximity] clear dup filter cache for process sharingd (4170) with scan request of type 16, blob: {length = 0, bytes = 0x}, mask {length = 0, bytes = 0x}, active: 0, duplicates: 0, screen on: No Scan, screen off: No Scan, locked: 1,  rssi: -90, peers: (
) nearby scan mode: 10, advbuf: 0, priority critical: 0, range: 0, usecases:
2025-07-21 17:05:39.021 Df bluetoothd[154:454f0e9] [com.apple.bluetooth:WirelessProximity] About to clearDuplicateFilterCache for type: 16
2025-07-21 17:05:39.021 Df bluetoothd[154:454e48b] [com.apple.bluetooth:Server.XPC] Received XPC message "CBMsgIdClearDuplicateFilterCache" from session "com.apple.bluetoothd-central-154-3"
2025-07-21 17:05:39.025 Df bluetoothd[154:454e48b] [com.apple.bluetooth:Server.App] clearDuplicateFilterCache for session "com.apple.bluetoothd" type 16
2025-07-21 17:05:39.078 Df bluetoothd[154:454fa0c] [com.apple.bluetooth:CBDaemonServer] BLE Scanner Device Found: CBDevice 897294C0-EA5C-A355-A37F-8E59E42833BF, BDA 51:F7:56:CB:2F:CC, Nm 'Bluetooth Device', DsFl 0x40 < NearbyInfo >, DvF 0x40000000000 < Connectable >, RSSI -67, Ch 38, AdTsMC <1318731844528>, AMfD <4c 00 10 02 03 00>, CF 0x200000000 < RSSI >
2025-07-21 17:05:39.209 Df bluetoothd[154:454e48b] [com.apple.bluetooth:Server.Core] Le [0x44]: time  40, coex   0, rssi -41, tx [S=  0:F=  0], rx [S=  0:F=  0], 1M {rx 0, tx 0}, 2M {rx 0, tx 0}
2025-07-21 17:05:39.224 Df bluetoothd[154:454e48b] [com.apple.bluetooth:WirelessProximity] Advert timer expired for client 12 after 2.00 seconds
2025-07-21 17:05:39.225 Df identityservicesd[4146:4a76e] [com.apple.bluetooth:WirelessProximity] Continuity update advertising with data: advertising request of type 12, priority 7, UseFG 290 (181.25 ms), data {length = 14, bytes = 0x086d1d788d72b4e61cfb12192b3a}, connectable 1, addr change 1, options {
}, advertisementRequestedAt 0
2025-07-21 17:05:39.225 Df bluetoothd[154:454e48b] [com.apple.bluetooth:WirelessProximity] Updating advert request for client 12 after 2.00 seconds
2025-07-21 17:05:39.225 Df bluetoothd[154:454e48b] [com.apple.bluetooth:WirelessProximity] Start advertising for process identityservicesd (4146) of type 12 with advertising interval 290 (181.25 ms)
2025-07-21 17:05:39.225 Df bluetoothd[154:454e48b] [com.apple.bluetooth:WirelessProximity] [Privacy] removeAdvertisingRequest: 12, <private>
2025-07-21 17:05:39.225 Df bluetoothd[154:454e48b] [com.apple.bluetooth:WirelessProximity] Adding data of type: 9, advData: {length = 8, bytes = 0x132ec0a801411b58} advInterval: 290 EPA:0
2025-07-21 17:05:39.225 Df bluetoothd[154:454e48b] [com.apple.bluetooth:WirelessProximity] Current advertisement packet: {length = 10, bytes = 0x0908132ec0a801411b58} advertRate: 290 EPA:0
2025-07-21 17:05:39.225 Df bluetoothd[154:454e48b] [com.apple.bluetooth:WirelessProximity] Adding data of type: 12, advData: {length = 14, bytes = 0x086d1d788d72b4e61cfb12192b3a} advInterval: 290 EPA:0
2025-07-21 17:05:39.225 Df bluetoothd[154:454e48b] [com.apple.bluetooth:WirelessProximity] Current advertisement packet: {length = 16, bytes = 0x0c0e086d1d788d72b4e61cfb12192b3a} advertRate: 290 EPA:0
2025-07-21 17:05:39.225 Df bluetoothd[154:454e48b] [com.apple.bluetooth:WirelessProximity] Adding data of type: 16, advData: {length = 6, bytes = 0x4b1d3a805f58} advInterval: 432 EPA:0
2025-07-21 17:05:39.225 Df bluetoothd[154:454e48b] [com.apple.bluetooth:WirelessProximity] Current advertisement packet: {length = 24, bytes = 0x0c0e086d1d788d72b4e61cfb12192b3a10064b1d3a805f58} advertRate: 290 EPA:0
2025-07-21 17:05:39.226 Df bluetoothd[154:454e48b] [com.apple.bluetooth:WirelessProximity] Adding data of type: 22, advData: {length = 8, bytes = 0x0095ed5ad776ba42} advInterval: 290 EPA:0
2025-07-21 17:05:39.226 Df bluetoothd[154:454e48b] [com.apple.bluetooth:WirelessProximity] Current advertisement packet: {length = 20, bytes = 0x0908132ec0a801411b5816080095ed5ad776ba42} advertRate: 290 EPA:0
2025-07-21 17:05:39.226 Df bluetoothd[154:454e48b] [com.apple.bluetooth:WirelessProximity] [Privacy] AdvertisingRulesiOS: current connectable advertisers: <private>, current clients for address change notification: <private>
2025-07-21 17:05:39.226 Df bluetoothd[154:454e48b] [com.apple.bluetooth:WirelessProximity] [Privacy] AdvertisingRulesiOS: remaining connectable advertisers: <private>, notification clients: <private>
2025-07-21 17:05:39.226 Df bluetoothd[154:454e48b] [com.apple.bluetooth:WirelessProximity] [Privacy] AdvertisingRulesiOS: current non-connectable advertisers: <private>, current clients for address change notification: <private>
2025-07-21 17:05:39.226 Df bluetoothd[154:454e48b] [com.apple.bluetooth:WirelessProximity] [Privacy] AdvertisingRulesiOS: remaining non-connectable advertisers: <private>, notification clients: <private>
2025-07-21 17:05:39.226 Df bluetoothd[154:454e48b] [com.apple.bluetooth:WirelessProximity] AdvertisingRulesiOS - current advertisers: 9 12 16 22
2025-07-21 17:05:39.226 Df bluetoothd[154:454e48b] [com.apple.bluetooth:WirelessProximity] [Privacy] AdvertisingRulesiOS: AddrChangeNotificationNeeded adv packet:  <private>
2025-07-21 17:05:39.226 Df bluetoothd[154:454e48b] [com.apple.bluetooth:WirelessProximity] [Privacy] AdvertisingRulesiOS: AddrChangeNotificationNeeded adv packet:  <private>
2025-07-21 17:05:39.226 Df bluetoothd[154:454e48b] [com.apple.bluetooth:WirelessProximity] AdvertisingRulesiOS - advertising packets: (
        {
        kCBAdvDataAppleMfgData = {length = 28, bytes = 0x1bff4c00 0c0e086d 1d788d72 b4e61cfb ... 10064b1d 3a805f58 };
        kCBAdvDataIsConnectable = 1;
        kCBAdvOptionAdvertisingInterval = 290;
        kCBAdvOptionStopOnAdvertisingAddressChange = 1;
        kCBManagerListOfClients =         (
            "com.apple.identityservicesd",
            "com.apple.sharingd"
        );
        kCBMsgArgIsPrivilegedDaemon = 1;
    },
        {
        kCBAdvDataAppleMfgData = {length = 24, bytes = 0x17ff4c000908132ec0a801411b5816080095ed5ad776ba42};
        kCBAdvDataIsConnectable = 0;
        kCBAdvOptionAdvertisingInterval = 290;
        kCBAdvOptionStopOnAdvertisingAddressChange = 1;
        kCBMsgArgIsPrivilegedDaemon = 1;
    }
)
2025-07-21 17:05:39.226 Df bluetoothd[154:454e48b] [com.apple.bluetooth:WirelessProximity] Requesting to start advertising for clients 9 12 16 22  with (
        {
        kCBAdvDataAppleMfgData = {length = 28, bytes = 0x1bff4c00 0c0e086d 1d788d72 b4e61cfb ... 10064b1d 3a805f58 };
        kCBAdvDataIsConnectable = 1;
        kCBAdvOptionAdvertisingInterval = 290;
        kCBAdvOptionStopOnAdvertisingAddressChange = 1;
        kCBManagerListOfClients =         (
            "com.apple.identityservicesd",
            "com.apple.sharingd"
        );
        kCBMsgArgIsPrivilegedDaemon = 1;
    },
        {
        kCBAdvDataAppleMfgData = {length = 24, bytes = 0x17ff4c000908132ec0a801411b5816080095ed5ad776ba42};
        kCBAdvDataIsConnectable = 0;
        kCBAdvOptionAdvertisingInterval = 290;
        kCBAdvOptionStopOnAdvertisingAddressChange = 1;
        kCBMsgArgIsPrivilegedDaemon = 1;
    }
)
2025-07-21 17:05:39.226 Df bluetoothd[154:454fa0c] [com.apple.bluetooth:Server.XPC] Received XPC message "CBMsgIdStopAdvertising" from session "com.apple.bluetoothd-peripheral-154-4"
2025-07-21 17:05:39.226 Df bluetoothd[154:454fa0c] [com.apple.bluetooth:Server.LE.Advertise] Received 'stop advertising' request from session "com.apple.bluetoothd-peripheral-154-4"
2025-07-21 17:05:39.226 Df bluetoothd[154:454fa0c] [com.apple.bluetooth:Server.Core] BT Stats for metric '<private>' sent to CoreAnalytics with result 0
2025-07-21 17:05:39.226 Df bluetoothd[154:454fa0c] [com.apple.bluetooth:Server.Core] BT Stats for metric '<private>' sent to CoreAnalytics with result 0
2025-07-21 17:05:39.227 Df bluetoothd[154:454fa0c] [com.apple.bluetooth:Server.XPC] Received XPC message "CBMsgIdStopAdvertising" from session "com.apple.bluetoothd-peripheral-154-5"
2025-07-21 17:05:39.227 Df bluetoothd[154:454e48b] [com.apple.bluetooth:Server.LE.Advertise] background advertising sessions:AppleMFG:0 Extended:0
2025-07-21 17:05:39.227 Df bluetoothd[154:454e48a] [com.apple.bluetooth:WirelessProximity] [Privacy] Did stop advertising with error: (null)
2025-07-21 17:05:39.227 Df bluetoothd[154:454e48b] [com.apple.bluetooth:Stack.LE]  StopAdvertising tech=1
2025-07-21 17:05:39.227 Df bluetoothd[154:454e48b] [com.apple.bluetooth:Stack.LE]  Address rotation in progress:NO
2025-07-21 17:05:39.227 Df bluetoothd[154:454e48b] [com.apple.bluetooth:Server.LE.Advertise] Advertising state change:  Advertising(2) --> Stopping(3) stack:ON
2025-07-21 17:05:39.227 Df bluetoothd[154:454fa0c] [com.apple.bluetooth:Server.LE.Advertise] Received 'stop advertising' request from session "com.apple.bluetoothd-peripheral-154-5"
2025-07-21 17:05:39.227 Df bluetoothd[154:454fa0c] [com.apple.bluetooth:Server.Core] BT Stats for metric '<private>' sent to CoreAnalytics with result 0
2025-07-21 17:05:39.227 Df bluetoothd[154:454fa0c] [com.apple.bluetooth:Server.XPC] Received XPC message "CBMsgIdStartAdvertising" from session "com.apple.bluetoothd-peripheral-154-4"
2025-07-21 17:05:39.227 Df bluetoothd[154:454e48b] [com.apple.bluetooth:WirelessProximity] [Privacy] Did stop advertising with error: (null)
2025-07-21 17:05:39.227 Df bluetoothd[154:454fa0c] [com.apple.bluetooth:Server.XPC] Setting client list to <private>
2025-07-21 17:05:39.227 Df bluetoothd[154:454fa0c] [com.apple.bluetooth:Server.LE.Advertise] Received 'start advertising' request from session "com.apple.bluetoothd-peripheral-154-4", with manufacturer data [ 1B FF 4C 00 0C 0E 08 6D 1D 78 8D 72 B4 E6 1C FB 12 19 2B 3A 10 06 4B 1D 3A 80 5F 58 ], interval 122, no name
2025-07-21 17:05:39.227 Df bluetoothd[154:454fa0c] [com.apple.bluetooth:Server.LE.Advertise] Calling updateAdvertisement
2025-07-21 17:05:39.227 Df bluetoothd[154:454fa0c] [com.apple.bluetooth:Server.XPC] Received XPC message "CBMsgIdStartAdvertising" from session "com.apple.bluetoothd-peripheral-154-5"
2025-07-21 17:05:39.227 Df bluetoothd[154:454fa0c] [com.apple.bluetooth:Server.XPC] Setting client list to <private>
2025-07-21 17:05:39.227 Df bluetoothd[154:454e48b] [com.apple.bluetooth:WirelessProximity] Started to advertise for type 9 with error (null)
2025-07-21 17:05:39.227 Df bluetoothd[154:454fa0c] [com.apple.bluetooth:Server.LE.Advertise] Received 'start advertising' request from session "com.apple.bluetoothd-peripheral-154-5", with manufacturer data [ 17 FF 4C 00 09 08 13 2E C0 A8 01 41 1B 58 16 08 00 95 ED 5A D7 76 BA 42 ], interval 122, no name
2025-07-21 17:05:39.227 Df bluetoothd[154:454e48b] [com.apple.bluetooth:WirelessProximity] Started to advertise for type 12 with error (null)
2025-07-21 17:05:39.227 Df bluetoothd[154:454fa0c] [com.apple.bluetooth:Server.LE.Advertise] Calling updateAdvertisement
2025-07-21 17:05:39.227 Df bluetoothd[154:454e48b] [com.apple.bluetooth:WirelessProximity] Advertising started for client <private> (4146) of type 12
2025-07-21 17:05:39.228 Df bluetoothd[154:454e48b] [com.apple.bluetooth:WirelessProximity] Started to advertise for type 16 with error (null)
2025-07-21 17:05:39.228 Df bluetoothd[154:454e48b] [com.apple.bluetooth:WirelessProximity] Advertising started for client <private> (4170) of type 16
2025-07-21 17:05:39.228 Df bluetoothd[154:454e48b] [com.apple.bluetooth:WirelessProximity] Started to advertise for type 22 with error (null)
2025-07-21 17:05:39.231 Df bluetoothd[154:11d8] [com.apple.bluetooth:Stack.LE]  Address rotation in progress:NO
2025-07-21 17:05:39.231 Df bluetoothd[154:454e48b] [com.apple.bluetooth:Server.LE.Advertise] Stopped advertising successfully status=0
2025-07-21 17:05:39.231 Df bluetoothd[154:454e48b] [com.apple.bluetooth:Server.LE.Advertise] Advertising state change:  Stopping(3) --> Idle(0) stack:ON
2025-07-21 17:05:39.232 Df bluetoothd[154:454e48b] [com.apple.bluetooth:Server.LE.Advertise] background advertising sessions:AppleMFG:0 Extended:0
2025-07-21 17:05:39.232 Df bluetoothd[154:454e48b] [com.apple.bluetooth:Stack.LE]  StartAdvertising tech=1 handle=0
2025-07-21 17:05:39.232 Df bluetoothd[154:454e48b] [com.apple.bluetooth:Stack.LE]  Address rotation in progress:NO
2025-07-21 17:05:39.232 Df bluetoothd[154:454e48b] [com.apple.bluetooth:Server.LE.Advertise] Advertising state change:  Idle(0) --> Starting(1) stack:ON
2025-07-21 17:05:39.246 Df bluetoothd[154:11d8] [com.apple.bluetooth:Stack.LE]  Address rotation in progress:NO
2025-07-21 17:05:39.246 Df bluetoothd[154:11d8] [com.apple.bluetooth:Stack.LE]  StartAdvertising tech=1 handle=2
2025-07-21 17:05:39.246 Df bluetoothd[154:11d8] [com.apple.bluetooth:Stack.LE]  Address rotation in progress:NO
2025-07-21 17:05:39.260 Df bluetoothd[154:11d8] [com.apple.bluetooth:Stack.LE]  Address rotation in progress:NO
2025-07-21 17:05:39.260 Df bluetoothd[154:11d8] [com.apple.bluetooth:Stack.LE]  StartAdvertising tech=1 handle=3
2025-07-21 17:05:39.260 Df bluetoothd[154:11d8] [com.apple.bluetooth:Stack.LE]  Address rotation in progress:NO
2025-07-21 17:05:39.275 Df bluetoothd[154:11d8] [com.apple.bluetooth:Stack.LE]  Address rotation in progress:NO
2025-07-21 17:05:39.275 Df bluetoothd[154:11d8] [com.apple.bluetooth:Stack.LE]  StartAdvertising tech=1 handle=4
2025-07-21 17:05:39.275 Df bluetoothd[154:11d8] [com.apple.bluetooth:Stack.LE]  Address rotation in progress:NO
2025-07-21 17:05:39.290 Df bluetoothd[154:11d8] [com.apple.bluetooth:Stack.LE]  Address rotation in progress:NO
2025-07-21 17:05:39.290 Df bluetoothd[154:454e48b] [com.apple.bluetooth:Server.LE.Advertise] Started advertising successfully status=0
2025-07-21 17:05:39.291 Df bluetoothd[154:454e48b] [com.apple.bluetooth:Server.LE.Advertise] Advertising state change:  Starting(1) --> Advertising(2) stack:ON
2025-07-21 17:05:39.291 Df bluetoothd[154:454e48b] [com.apple.bluetooth:Server.LE.Advertise] background advertising sessions:AppleMFG:0 Extended:0
2025-07-21 17:05:39.437 Df bluetoothd[154:454e48b] [com.apple.bluetooth:Server.LE.Advertise] background advertising sessions:AppleMFG:0 Extended:0
2025-07-21 17:05:39.443 Df bluetoothd[154:454e48b] [com.apple.bluetooth:Server.Core] Classic [0x10]: time   2, coex   0, rssi -43, tx [S=  0:F=  0], rx [S=  0:F=  0], Pkt Tx{0 0 0}{0 0 0}{0 0 0} Rx{0 0 0}{0 0 0}{0 0 0}
2025-07-21 17:05:39.443 Df bluetoothd[154:11d8] [com.apple.bluetooth:Server.Core] Desense: WLAN Status: ON, isWiFiAssociated: No, wiFiAssociatedBand2GHz: No, wiFiAssociatedBand5GHz: No
2025-07-21 17:05:39.443 Df bluetoothd[154:454e48b] [com.apple.bluetooth:Server.MacCoex] Desense Detection: Current Minimum NF Value for Core0 is -113 and Core1 is -112, current state is Off, current number of connected USBs is 2 and USB Detected is True
2025-07-21 17:05:40.210 Df bluetoothd[154:454e48b] [com.apple.bluetooth:Server.Core] Le [0x44]: time  40, coex   0, rssi -41, tx [S=  0:F=  0], rx [S=  0:F=  0], 1M {rx 0, tx 0}, 2M {rx 0, tx 0}
2025-07-21 17:05:40.446 Df bluetoothd[154:454f0e9] [com.apple.bluetooth:Server.Core] Classic [0x10]: time   2, coex   0, rssi -43, tx [S=  0:F=  0], rx [S=  0:F=  0], Pkt Tx{0 0 0}{0 0 0}{0 0 0} Rx{0 0 0}{0 0 0}{0 0 0}
2025-07-21 17:05:40.446 Df bluetoothd[154:11d8] [com.apple.bluetooth:Server.Core] Desense: WLAN Status: ON, isWiFiAssociated: No, wiFiAssociatedBand2GHz: No, wiFiAssociatedBand5GHz: No
2025-07-21 17:05:40.447 Df bluetoothd[154:454e48b] [com.apple.bluetooth:Server.MacCoex] Desense Detection: Current Minimum NF Value for Core0 is -113 and Core1 is -112, current state is Off, current number of connected USBs is 2 and USB Detected is True
2025-07-21 17:05:41.209 Df bluetoothd[154:454e48b] [com.apple.bluetooth:Server.Core] Le [0x44]: time  40, coex   0, rssi -42, tx [S=  0:F=  0], rx [S=  0:F=  0], 1M {rx 0, tx 0}, 2M {rx 0, tx 0}
2025-07-21 17:05:41.291 Df bluetoothd[154:454e48b] [com.apple.bluetooth:CBDaemonServer] BLE Scanner Device Found: CBDevice 6E227281-9968-3BC6-D7A7-3400823A917F, BDA D2:CA:5F:AF:B6:F1, Nm 'Kyle’s Mac mini', Md Mac14,12, IDS 93A8F1D1-F4E7-4ED9-AE72-B76FA705B1F1, stID 93A8F1D1-F4E7-4ED9-AE72-B76FA705B1F1, DsFl 0x800040 < NearbyInfo Pairing >, DvF 0x1B080 < SameAccount Hidden BLEPaired CloudPaired HIDGoodBehavior >, RSSI -87, Ch 38, CtInfo CBControllerInfo, BlSt Unknown, DcsS Unknown, Sync Status: Uploaded, FastLE v1, Allowed: yes, InqS Unknown, LMPv 0 (Unknown), SSrv: 0x392039 < HFP AVRCP A2DP HID Braille LEA AACP GATT SerialPort >, BTv 5.3, AdTsMC <1318734056425>, AMfD <4c 00 10 05 4d 1c 2a 9d f4>, nbIAT <2a 9d f4>, nbIF 0x1C1 < AirDrop AT Duet WiFiP2P >, CF 0x200000000 < RSSI >
2025-07-21 17:05:41.295 Df bluetoothd[154:454e48b] [com.apple.bluetooth:CBDaemonServer] BLE Scanner Device Found: CBDevice FD8437A8-5646-E4A6-5E4A-ACCC6BAD52B4, BDA 42:42:EA:4A:FE:F1, Nm 'Kyle’s Mac mini', Md Mac14,12, IDS 93A8F1D1-F4E7-4ED9-AE72-B76FA705B1F1, AcID kylemath@gmail.com, stID 93A8F1D1-F4E7-4ED9-AE72-B76FA705B1F1, DsFl 0x40 < NearbyInfo >, DvF 0x40000000080 < SameAccount Connectable >, RSSI -86, Ch 38, AdTsMC <1318734061021>, AMfD <4c 00 10 05 4d 1c 2a 9d f4>, nbIAT <2a 9d f4>, nbIF 0x1C1 < AirDrop AT Duet WiFiP2P >, CF 0x200000000 < RSSI >
2025-07-21 17:05:41.448 Df bluetoothd[154:454f0e9] [com.apple.bluetooth:Server.Core] Classic [0x10]: time   2, coex   0, rssi -43, tx [S=  0:F=  0], rx [S=  0:F=  0], Pkt Tx{0 0 0}{0 0 0}{0 0 0} Rx{0 0 0}{0 0 0}{0 0 0}
2025-07-21 17:05:41.448 Df bluetoothd[154:11d8] [com.apple.bluetooth:Server.Core] Desense: WLAN Status: ON, isWiFiAssociated: No, wiFiAssociatedBand2GHz: No, wiFiAssociatedBand5GHz: No
2025-07-21 17:05:41.448 Df bluetoothd[154:454f0e9] [com.apple.bluetooth:Server.MacCoex] Desense Detection: Current Minimum NF Value for Core0 is -113 and Core1 is -110, current state is Off, current number of connected USBs is 2 and USB Detected is True
2025-07-21 17:05:41.475 Df bluetoothd[154:454f0e9] [com.apple.bluetooth:Server.MacCoex] Adding LE Connection <private>
2025-07-21 17:05:41.475 Df bluetoothd[154:454f0e9] [com.apple.bluetooth:Server.MacCoex] Posting Bluetooth Status Notification <private>
2025-07-21 17:05:41.477 Df bluetoothd[154:454fa0c] [com.apple.bluetooth:CBDaemonServer] BLE Scanner Device Found: CBDevice DC41C4B4-EB4A-47B0-4FC8-173D225D2F8F, BDA 60:2B:A2:E3:FF:15, Nm 'Bluetooth Device', DsFl 0x40 < NearbyInfo >, DvF 0x40000000000 < Connectable >, RSSI -50, Ch 38, AdTsMC <1318734243519>, AMfD <4c 00 10 06 2f 1e 47 a8 0a de>, nbIAT <47 a8 0a>, nbIF 0x3C2 < Ranging AT Duet WiFiP2P HtSp >, CF 0x200000000 < RSSI >
2025-07-21 17:05:42.211 Df bluetoothd[154:454fa0c] [com.apple.bluetooth:Server.Core] Le [0x44]: time  40, coex   0, rssi -42, tx [S=  0:F=  0], rx [S=  0:F=  0], 1M {rx 0, tx 0}, 2M {rx 0, tx 0}
2025-07-21 17:05:42.449 Df bluetoothd[154:11d8] [com.apple.bluetooth:Server.Core] Desense: WLAN Status: ON, isWiFiAssociated: No, wiFiAssociatedBand2GHz: No, wiFiAssociatedBand5GHz: No
2025-07-21 17:05:42.449 Df bluetoothd[154:454fa0c] [com.apple.bluetooth:Server.Core] Classic [0x10]: time   2, coex   0, rssi -43, tx [S=  0:F=  0], rx [S=  0:F=  0], Pkt Tx{0 0 0}{0 0 0}{0 0 0} Rx{0 0 0}{0 0 0}{0 0 0}
2025-07-21 17:05:42.450 Df bluetoothd[154:454f0e9] [com.apple.bluetooth:Server.MacCoex] Desense Detection: Current Minimum NF Value for Core0 is -113 and Core1 is -110, current state is Off, current number of connected USBs is 2 and USB Detected is True
2025-07-21 17:05:43.213 Df bluetoothd[154:454fa0c] [com.apple.bluetooth:Server.Core] Le [0x44]: time  40, coex   0, rssi -42, tx [S=  0:F=  0], rx [S=  0:F=  0], 1M {rx 0, tx 0}, 2M {rx 0, tx 0}
2025-07-21 17:05:43.450 Df bluetoothd[154:454fa0c] [com.apple.bluetooth:Server.Core] Classic [0x10]: time   2, coex   0, rssi -43, tx [S=  0:F=  0], rx [S=  0:F=  0], Pkt Tx{0 0 0}{0 0 0}{0 0 0} Rx{0 0 0}{0 0 0}{0 0 0}
2025-07-21 17:05:43.450 Df bluetoothd[154:11d8] [com.apple.bluetooth:Server.Core] Desense: WLAN Status: ON, isWiFiAssociated: No, wiFiAssociatedBand2GHz: No, wiFiAssociatedBand5GHz: No
2025-07-21 17:05:43.451 Df bluetoothd[154:454f0e9] [com.apple.bluetooth:Server.MacCoex] Desense Detection: Current Minimum NF Value for Core0 is -113 and Core1 is -110, current state is Off, current number of connected USBs is 2 and USB Detected is True
2025-07-21 17:05:44.213 Df bluetoothd[154:454fa0c] [com.apple.bluetooth:Server.Core] Le [0x44]: time  40, coex   0, rssi -42, tx [S=  0:F=  0], rx [S=  0:F=  0], 1M {rx 0, tx 0}, 2M {rx 0, tx 0}
2025-07-21 17:05:44.451 Df bluetoothd[154:454e48a] [com.apple.bluetooth:Server.Core] Classic [0x10]: time   2, coex   0, rssi -43, tx [S=  0:F=  0], rx [S=  0:F=  0], Pkt Tx{0 0 0}{0 0 0}{0 0 0} Rx{0 0 0}{0 0 0}{0 0 0}
2025-07-21 17:05:44.451 Df bluetoothd[154:11d8] [com.apple.bluetooth:Server.Core] Desense: WLAN Status: ON, isWiFiAssociated: No, wiFiAssociatedBand2GHz: No, wiFiAssociatedBand5GHz: No
2025-07-21 17:05:44.451 Df bluetoothd[154:454e48a] [com.apple.bluetooth:Server.MacCoex] Desense Detection: Current Minimum NF Value for Core0 is -113 and Core1 is -110, current state is Off, current number of connected USBs is 2 and USB Detected is True
2025-07-21 17:05:44.758 Df bluetoothd[154:454e48a] [com.apple.bluetooth:Server.LE.Scan] decryptProximityPairingPayload device:<private> address:<private>
2025-07-21 17:05:44.759 Df bluetoothd[154:454e48a] [com.apple.bluetooth:CBDaemonServer] BLE Scanner Device Found: CBDevice B00ECD1C-C721-E985-44F0-A6FB6631EB2C, BDA F2:DF:83:81:42:4F, Nm 'Bluetooth Device', DsFl 0x40000000000 < ObjectDiscoveryWild >, DvF 0x40000000000 < Connectable >, RSSI -95, Ch 38, AdTsMC <1318737525198>, AMfD <4c 00 12 19 10 a4 90 3f 0c a2 d5 e3 94 5d f8 63 62 ea 26 0a 18 ce 43 22 22 28 66 02 61>, odBS High, odMd Wild, odNO NULL, odPI Device1,21760, odPK b2df8381424fa4903f0ca2d5e3945df86362ea260a18ce4322222866, CF 0xC0A40000000 < BLEAdvertisementData RSSI DiscoveryFlags ObjectDiscoveryWild Attributes >
2025-07-21 17:05:45.215 Df bluetoothd[154:454e48b] [com.apple.bluetooth:Server.Core] BT Stats for metric '<private>' sent to CoreAnalytics with result 0
2025-07-21 17:05:45.215 Df bluetoothd[154:454e48b] [com.apple.bluetooth:Server.Core] HID Latency Statistics events indicated HID lag issue is detected on connection handle 0x0044, vid = 1133 (0x046d), pid = 45105 (0xb031)
2025-07-21 17:05:45.215 Df bluetoothd[154:454e48b] [com.apple.bluetooth:Server.Core] BT Stats for metric '<private>' sent to CoreAnalytics with result 0
2025-07-21 17:05:45.216 Df bluetoothd[154:b9c] [com.apple.bluetooth:BTServicesClient] TargetUserSession kylemathewson 501
2025-07-21 17:05:45.217 Df bluetoothd[154:454e48b] [com.apple.bluetooth:Server.Core] Le [0x44]: time  32, coex   0, rssi -40, tx [S=  0:F=  0], rx [S= 24:F=  0], 1M {rx 0, tx 0}, 2M {rx 0, tx 24}
2025-07-21 17:05:45.218 Df audioaccessoryd[4247:454f78a] [com.apple.bluetooth:BTServicesDaemon] DiagnosticControl: { "IsDeviceStatisticEnabled" : true, "NumberOfRSSIDecreasedMoreThan30dBm" : 0, "FWVersion" : "0.0.0", "HFPSessionState" : 3, "DeviceLowestRSSI" : -54, "AverageHIDLatencyInMSec" : 70, "PID" : 45105, "SniffInterval_Bin_01_11.25ms" : 0, "WiFiOnWhichBand" : 0, "TotalAnomaliesInBins" : 2, "SniffInterval_Bin_11_750ms" : 0, "DisconnectReason" : 0, "LEASessionState" : 3, "SniffInterval_Bin_02_15ms" : 1, "PER" : 0, "RSSI" : 0, "SniffIntervalSkippedPercentage" : 0, "SniffInterval_Bin_10_500ms" : 1, "DSniffOffset" : 2, "SniffInterval_Bin_12_>750ms" : 1, "ConnectedClassicDevice" : 0, "SniffInterval_Bin_05_45ms" : 0, "IsHFPActive" : false, "TriggerReason" : "Anomaly", "WiFiPowerState" : 2, "IsLEAStreaming" : false, "SniffIntervalSkipped" : 0, "NumberOfRSSIIncreasedMoreThan30dBm" : 0, "MaxHIDLatencyInMSec" : ">750ms", "NumberOfAppleMouseOrTrackpadConnected" : 1, "StatisticsCollectedInSeconds" : 1, "SniffIntervalServicedPercentage" : 201, "_input" : "HIDLagDetected", "SniffInterval_Bin_09_150ms" <…>
2025-07-21 17:05:45.218 Df audioaccessoryd[4247:454f78a] [com.apple.bluetooth:BTServicesDaemon] A2DPSessionState" : 3, "NumberOfRSSIDecreasedBetween26To30dBm" : 0, "ConnectedLEDevice" : 0, }
2025-07-21 17:05:45.219 Df audioaccessoryd[4247:454f78a] [com.apple.bluetooth:BTServicesDaemon] Diag: Bluetooth HID lag banner not shown due to throttle
2025-07-21 17:05:45.219 Df bluetoothd[154:b9c] [com.apple.bluetooth:BTServicesClient] Invalidating
2025-07-21 17:05:45.453 Df bluetoothd[154:454e48b] [com.apple.bluetooth:Server.Core] Classic [0x10]: time   2, coex   0, rssi -43, tx [S=  0:F=  0], rx [S=  0:F=  0], Pkt Tx{0 0 0}{0 0 0}{0 0 0} Rx{0 0 0}{0 0 0}{0 0 0}
2025-07-21 17:05:45.453 Df bluetoothd[154:11d8] [com.apple.bluetooth:Server.Core] Desense: WLAN Status: ON, isWiFiAssociated: No, wiFiAssociatedBand2GHz: No, wiFiAssociatedBand5GHz: No
2025-07-21 17:05:45.453 Df bluetoothd[154:454e48b] [com.apple.bluetooth:Server.MacCoex] Desense Detection: Current Minimum NF Value for Core0 is -113 and Core1 is -110, current state is Off, current number of connected USBs is 2 and USB Detected is True
2025-07-21 17:05:46.218 Df bluetoothd[154:454e48b] [com.apple.bluetooth:Server.Core] Le [0x44]: time  40, coex   0, rssi -39, tx [S=  0:F=  0], rx [S=  0:F=  0], 1M {rx 0, tx 0}, 2M {rx 0, tx 0}
2025-07-21 17:05:46.453 Df bluetoothd[154:454e48b] [com.apple.bluetooth:Server.Core] Classic [0x10]: time   2, coex   0, rssi -43, tx [S=  0:F=  0], rx [S=  0:F=  0], Pkt Tx{0 0 0}{0 0 0}{0 0 0} Rx{0 0 0}{0 0 0}{0 0 0}
2025-07-21 17:05:46.453 Df bluetoothd[154:11d8] [com.apple.bluetooth:Server.Core] Desense: WLAN Status: ON, isWiFiAssociated: No, wiFiAssociatedBand2GHz: No, wiFiAssociatedBand5GHz: No
2025-07-21 17:05:46.454 Df bluetoothd[154:454e48b] [com.apple.bluetooth:Server.MacCoex] Desense Detection: Current Minimum NF Value for Core0 is -113 and Core1 is -110, current state is Off, current number of connected USBs is 2 and USB Detected is True
2025-07-21 17:05:46.721 Df bluetoothd[154:454e48b] [com.apple.bluetooth:Server.MacCoex] Adding LE Connection <private>
2025-07-21 17:05:46.721 Df bluetoothd[154:454e48b] [com.apple.bluetooth:Server.MacCoex] Posting Bluetooth Status Notification <private>
2025-07-21 17:05:47.220 Df bluetoothd[154:454e48b] [com.apple.bluetooth:Server.Core] Le [0x44]: time  40, coex   0, rssi -40, tx [S=  0:F=  0], rx [S=  0:F=  0], 1M {rx 0, tx 0}, 2M {rx 0, tx 0}
2025-07-21 17:05:47.454 Df bluetoothd[154:454e48a] [com.apple.bluetooth:Server.Core] Classic [0x10]: time   2, coex   0, rssi -43, tx [S=  0:F=  0], rx [S=  0:F=  0], Pkt Tx{0 0 0}{0 0 0}{0 0 0} Rx{0 0 0}{0 0 0}{0 0 0}
2025-07-21 17:05:47.454 Df bluetoothd[154:11d8] [com.apple.bluetooth:Server.Core] Desense: WLAN Status: ON, isWiFiAssociated: No, wiFiAssociatedBand2GHz: No, wiFiAssociatedBand5GHz: No
2025-07-21 17:05:47.454 Df bluetoothd[154:454e48a] [com.apple.bluetooth:Server.MacCoex] Desense Detection: Current Minimum NF Value for Core0 is -112 and Core1 is -111, current state is Off, current number of connected USBs is 2 and USB Detected is True
2025-07-21 17:05:47.888 Df bluetoothd[154:454f0e9] [com.apple.bluetooth:CBStackBLEScanner] Scan start: rescan, DsFl 0x18D642A08040 < NearbyInfo WxStatus Connections Pairing ScreenOff BLEAdvertisementData RSSI Ensemble Identify AirPlaySource AirPlayTarget Attributes Leech >, DsTy <AirDrop, MacMigrate>, ScreenOn yes, 30/300 ms (10%), Filters: {Type 5, Dups no, RSSI -90}, {Type 10, Dups no, RSSI -75}, {Type 9, Dups no, RSSI -90}, {Type 15, Dups no, RSSI -15}, {Type 21, Dups no, RSSI -80, NoConsolidateRule, Blob [01 26 3A 80 5F], Mask [01 26 FF FF FF]}, {Type 16, Dups no, RSSI -90}, {Type 7, Dups no, RSSI -75}
2025-07-21 17:05:47.888 Df bluetoothd[154:454f0e9] [com.apple.bluetooth:Server.Core] BT Stats for metric '<private>' sent to CoreAnalytics with result 0
2025-07-21 17:05:47.888 Df bluetoothd[154:454f0e9] [com.apple.bluetooth:Server.Core] BT Stats for metric '<private>' sent to CoreAnalytics with result 0
2025-07-21 17:05:47.888 Df bluetoothd[154:454f0e9] [com.apple.bluetooth:Server.Core] BT Stats for metric '<private>' sent to CoreAnalytics with result 0
2025-07-21 17:05:47.888 Df bluetoothd[154:454f0e9] [com.apple.bluetooth:Server.Core] BT Stats for metric '<private>' sent to CoreAnalytics with result 0
2025-07-21 17:05:47.888 Df bluetoothd[154:454f0e9] [com.apple.bluetooth:Server.Core] BT Stats for metric '<private>' sent to CoreAnalytics with result 0
2025-07-21 17:05:47.888 Df bluetoothd[154:454f0e9] [com.apple.bluetooth:Server.Core] BT Stats for metric '<private>' sent to CoreAnalytics with result 0
2025-07-21 17:05:47.888 Df bluetoothd[154:454f0e9] [com.apple.bluetooth:Server.Core] BT Stats for metric '<private>' sent to CoreAnalytics with result 0
2025-07-21 17:05:47.888 Df bluetoothd[154:454f0e9] [com.apple.bluetooth:Server.LE.Scan] Received 'stop scan' request from session "CBDaemon-0xCB2E0006" (CBDaemon) updateScanParams:YES shouldUpdateState:YES
2025-07-21 17:05:47.888 Df bluetoothd[154:454f0e9] [com.apple.bluetooth:Server.LE.Scan] ShouldScan=1 AnyValidScanRequests=1 anyValidScanRequestInPaused=0 fObserverState=Active ClientScanPowerAssertRequired=0 fScanFiltersNeedUpdagint=1
2025-07-21 17:05:47.888 Df bluetoothd[154:454f0e9] [com.apple.bluetooth:Server.LE.Scan] updateADVBufferConfig current:00 new:00 configChanged:00
2025-07-21 17:05:47.888 Df bluetoothd[154:454f0e9] [com.apple.bluetooth:Server.LE.Scan] state 32
2025-07-21 17:05:47.888 Df bluetoothd[154:454f0e9] [com.apple.bluetooth:Server.LE.Scan] Findmy usecase "FindMyNotOptedIn" is asking for duplicates? No
2025-07-21 17:05:47.889 Df bluetoothd[154:454f0e9] [com.apple.bluetooth:Server.LE.Scan] <private> allowDupes:0, agentAllowDupes:0, active:0
2025-07-21 17:05:47.889 Df bluetoothd[154:454f0e9] [com.apple.bluetooth:Server.LE.Scan] <private> active 0
2025-07-21 17:05:47.889 Df bluetoothd[154:454f0e9] [com.apple.bluetooth:Server.LE.Scan] state 32
2025-07-21 17:05:47.889 Df bluetoothd[154:454f0e9] [com.apple.bluetooth:Server.LE.Scan] <private> allowDupes:0, agentAllowDupes:0, active:0
2025-07-21 17:05:47.889 Df bluetoothd[154:454f0e9] [com.apple.bluetooth:Server.LE.Scan] <private> active 0
2025-07-21 17:05:47.889 Df bluetoothd[154:454f0e9] [com.apple.bluetooth:Server.LE.Scan] state 32
2025-07-21 17:05:47.889 Df bluetoothd[154:454f0e9] [com.apple.bluetooth:Server.LE.Scan] Findmy usecase "FindMyNotOptedIn" is asking for duplicates? No
2025-07-21 17:05:47.889 Df bluetoothd[154:454f0e9] [com.apple.bluetooth:Server.LE.Scan] <private> allowDupes:0, agentAllowDupes:0, active:0
2025-07-21 17:05:47.889 Df bluetoothd[154:454f0e9] [com.apple.bluetooth:Server.LE.Scan] <private> active 0
2025-07-21 17:05:47.889 Df bluetoothd[154:454f0e9] [com.apple.bluetooth:Server.LE.Scan] ScanParams: numScanAgents 3, combined params AD:0 AS:0 MSL:3 (30/300) PSV:1
2025-07-21 17:05:47.889 Df bluetoothd[154:454f0e9] [com.apple.bluetooth:Server.LE.Scan] ScanParams: [com.apple.locationd-central-139-0] AP:0 AD:0(30/300) AS:0 RAS:0 DMN:1 FG:0 ADVBF:0 pBT:0|[com.apple.bluetoothd-central-154-3] AP:0 AD:0(30/300) AS:0 RAS:0 DMN:1 FG:0 ADVBF:0 pBT:0|[com.apple.locationd-central-139-13] AP:0 AD:0(30/300) AS:0 RAS:0 DMN:1 FG:0 ADVBF:0 pBT:0
2025-07-21 17:05:47.889 Df bluetoothd[154:454f0e9] [com.apple.bluetooth:Server.LE.Scan] Returning scan parameters: Main:30.00ms/300.00ms LP:0.00ms/300.00ms(supported) SC:0.00ms/50.00ms/non-concurrent(supported) Dm:(m:30/300) Cond:0:1:0 Sc:1 (passive) Dupfilter:Enabled minScanLevel:3 ENAssertion:N Pri:0/0
2025-07-21 17:05:47.889 Df bluetoothd[154:454f0e9] [com.apple.bluetooth:Server.LE.Scan] needToRestart=1
2025-07-21 17:05:47.889 Df bluetoothd[154:454f0e9] [com.apple.bluetooth:Server.LE.Scan] fShouldRetainDupsNextUpdate 0, screen? 1, retaindup? 0, EN scans? 0, created[EN]=0
2025-07-21 17:05:47.889 Df bluetoothd[154:454f0e9] [com.apple.bluetooth:Server.LE.Scan] EN is not active - new retain dups value 0
2025-07-21 17:05:47.889 Df bluetoothd[154:454f0e9] [com.apple.bluetooth:Server.LE.Scan] Received 'start UnspecifiedUnspecified SharingDefault SharingAirDrop scan' request  , without duplicates, duration:unlimited, on 1M PHY scan timing 30/300  scanLevel=3 from session "CBDaemon-0xCB2E0006"
2025-07-21 17:05:47.889 Df bluetoothd[154:454f0e9] [com.apple.bluetooth:Server.LE.Scan] Waiting for scan state to settle before updating scan
2025-07-21 17:05:47.889 Df bluetoothd[154:454f0e9] [com.apple.bluetooth:Server.LE.Scan] TryReadMatchAndADVBuffers reason:2 fMatchBufferExpectedEntries:0x255 fScreenState:On fMatchActionTableRulesCount:0 supportedADVBuffers:0 haveAnyHwObjectDiscoveryRequests:0 fADVBufferExpectedEntries:255 readInProgress[Wild]:0 readInProgress[NearOwner]:0 fMatchBufferReadInProgress:0
2025-07-21 17:05:47.893 Df bluetoothd[154:454e48b] [com.apple.bluetooth:Server.LE.Scan] Scanning stopped successfully.  16 Advertising Events, 0 dropped pkts
2025-07-21 17:05:47.893 Df bluetoothd[154:454e48b] [com.apple.bluetooth:Server.LE.Scan] Trying to remove scan filters with forceRemove=NO fHaveZoneFilters:NO fZoneScansHaveChanged:NO fHaveUUIDFilters:YES fHaveRuleFilters:YES
2025-07-21 17:05:47.913 Df bluetoothd[154:454e48b] [com.apple.bluetooth:Server.LE.Scan] Scan state change:  Stopping(4) --> Idle(1)
2025-07-21 17:05:47.913 Df bluetoothd[154:454e48b] [com.apple.bluetooth:Server.LE.Scan] handleScanStoppedEvent state=Idle observerState=Active
2025-07-21 17:05:47.914 Df bluetoothd[154:454e48b] [com.apple.bluetooth:Server.LE.Scan] ShouldScan=1 AnyValidScanRequests=1 anyValidScanRequestInPaused=0 fObserverState=Active ClientScanPowerAssertRequired=0 fScanFiltersNeedUpdagint=1
2025-07-21 17:05:47.914 Df bluetoothd[154:454e48b] [com.apple.bluetooth:Server.LE.Scan] updateADVBufferConfig current:00 new:00 configChanged:00
2025-07-21 17:05:47.914 Df bluetoothd[154:454e48b] [com.apple.bluetooth:Server.LE.Scan] state 32
2025-07-21 17:05:47.914 Df bluetoothd[154:454e48b] [com.apple.bluetooth:Server.LE.Scan] Findmy usecase "FindMyNotOptedIn" is asking for duplicates? No
2025-07-21 17:05:47.914 Df bluetoothd[154:454e48b] [com.apple.bluetooth:Server.LE.Scan] <private> allowDupes:0, agentAllowDupes:0, active:0
2025-07-21 17:05:47.914 Df bluetoothd[154:454e48b] [com.apple.bluetooth:Server.LE.Scan] <private> active 0
2025-07-21 17:05:47.914 Df bluetoothd[154:454e48b] [com.apple.bluetooth:Server.LE.Scan] state 32
2025-07-21 17:05:47.914 Df bluetoothd[154:454e48b] [com.apple.bluetooth:Server.LE.Scan] <private> allowDupes:0, agentAllowDupes:0, active:0
2025-07-21 17:05:47.914 Df bluetoothd[154:454e48b] [com.apple.bluetooth:Server.LE.Scan] <private> active 0
2025-07-21 17:05:47.915 Df bluetoothd[154:454e48b] [com.apple.bluetooth:Server.LE.Scan] state 32
2025-07-21 17:05:47.915 Df bluetoothd[154:454e48b] [com.apple.bluetooth:Server.LE.Scan] Findmy usecase "FindMyNotOptedIn" is asking for duplicates? No
2025-07-21 17:05:47.915 Df bluetoothd[154:454e48b] [com.apple.bluetooth:Server.LE.Scan] <private> allowDupes:0, agentAllowDupes:0, active:0
2025-07-21 17:05:47.915 Df bluetoothd[154:454e48b] [com.apple.bluetooth:Server.LE.Scan] <private> active 0
2025-07-21 17:05:47.915 Df bluetoothd[154:454e48b] [com.apple.bluetooth:Server.LE.Scan] state 32
2025-07-21 17:05:47.915 Df bluetoothd[154:454e48b] [com.apple.bluetooth:Server.LE.Scan] <private> allowDupes:0, agentAllowDupes:0, active:0
2025-07-21 17:05:47.915 Df bluetoothd[154:454e48b] [com.apple.bluetooth:Server.LE.Scan] <private> active 0
2025-07-21 17:05:47.915 Df bluetoothd[154:454e48b] [com.apple.bluetooth:Server.LE.Scan] ScanParams: numScanAgents 4, combined params AD:0 AS:0 MSL:3 (30/300) PSV:1
2025-07-21 17:05:47.915 Df bluetoothd[154:454e48b] [com.apple.bluetooth:Server.LE.Scan] ScanParams: [com.apple.locationd-central-139-0] AP:0 AD:0(30/300) AS:0 RAS:0 DMN:1 FG:0 ADVBF:0 pBT:0|[com.apple.bluetoothd-central-154-3] AP:0 AD:0(30/300) AS:0 RAS:0 DMN:1 FG:0 ADVBF:0 pBT:0|[com.apple.locationd-central-139-13] AP:0 AD:0(30/300) AS:0 RAS:0 DMN:1 FG:0 ADVBF:0 pBT:0
2025-07-21 17:05:47.915 Df bluetoothd[154:454e48b] [com.apple.bluetooth:Server.LE.Scan] ScanParams: [CBDaemon-0xCB2E0006] AP:0 AD:0(30/300) AS:0 RAS:0 DMN:1 FG:0 ADVBF:0 pBT:0
2025-07-21 17:05:47.915 Df bluetoothd[154:454e48b] [com.apple.bluetooth:Server.LE.Scan] Returning scan parameters: Main:30.00ms/300.00ms LP:0.00ms/300.00ms(supported) SC:0.00ms/50.00ms/non-concurrent(supported) Dm:(m:30/300) Cond:0:1:0 Sc:1 (passive) Dupfilter:Enabled minScanLevel:3 ENAssertion:N Pri:0/0
2025-07-21 17:05:47.915 Df bluetoothd[154:454e48b] [com.apple.bluetooth:Server.LE.Scan] needToRestart=1
2025-07-21 17:05:47.915 Df bluetoothd[154:454e48b] [com.apple.bluetooth:Server.LE.Scan] Starting passive scan (300.00ms/30.00ms) with duplicate filter enabled scNeed=1 stateO=0, retainDups=0 fScanFiltersNeedUpdating=YES
2025-07-21 17:05:47.988 Df bluetoothd[154:454e48b] [com.apple.bluetooth:Server.LE.Scan] ShouldScan=1 AnyValidScanRequests=1 anyValidScanRequestInPaused=0 fObserverState=Active ClientScanPowerAssertRequired=0 fScanFiltersNeedUpdagint=0
2025-07-21 17:05:47.989 Df bluetoothd[154:454e48b] [com.apple.bluetooth:Server.LE.Scan] updateADVBufferConfig current:00 new:00 configChanged:00
2025-07-21 17:05:47.989 Df bluetoothd[154:454e48b] [com.apple.bluetooth:Server.LE.Scan] state 32
2025-07-21 17:05:47.989 Df bluetoothd[154:454e48b] [com.apple.bluetooth:Server.LE.Scan] Findmy usecase "FindMyNotOptedIn" is asking for duplicates? No
2025-07-21 17:05:47.989 Df bluetoothd[154:454e48b] [com.apple.bluetooth:Server.LE.Scan] <private> allowDupes:0, agentAllowDupes:0, active:0
2025-07-21 17:05:47.989 Df bluetoothd[154:454e48b] [com.apple.bluetooth:Server.LE.Scan] <private> active 0
2025-07-21 17:05:47.989 Df bluetoothd[154:454e48b] [com.apple.bluetooth:Server.LE.Scan] state 32
2025-07-21 17:05:47.989 Df bluetoothd[154:454e48b] [com.apple.bluetooth:Server.LE.Scan] <private> allowDupes:0, agentAllowDupes:0, active:0
2025-07-21 17:05:47.989 Df bluetoothd[154:454e48b] [com.apple.bluetooth:Server.LE.Scan] <private> active 0
2025-07-21 17:05:47.989 Df bluetoothd[154:454e48b] [com.apple.bluetooth:Server.LE.Scan] state 32
2025-07-21 17:05:47.989 Df bluetoothd[154:454e48b] [com.apple.bluetooth:Server.LE.Scan] Findmy usecase "FindMyNotOptedIn" is asking for duplicates? No
2025-07-21 17:05:47.989 Df bluetoothd[154:454e48b] [com.apple.bluetooth:Server.LE.Scan] <private> allowDupes:0, agentAllowDupes:0, active:0
2025-07-21 17:05:47.989 Df bluetoothd[154:454e48b] [com.apple.bluetooth:Server.LE.Scan] <private> active 0
2025-07-21 17:05:47.989 Df bluetoothd[154:454e48b] [com.apple.bluetooth:Server.LE.Scan] state 32
2025-07-21 17:05:47.989 Df bluetoothd[154:454e48b] [com.apple.bluetooth:Server.LE.Scan] <private> allowDupes:0, agentAllowDupes:0, active:0
2025-07-21 17:05:47.989 Df bluetoothd[154:454e48b] [com.apple.bluetooth:Server.LE.Scan] <private> active 0
2025-07-21 17:05:47.989 Df bluetoothd[154:454e48b] [com.apple.bluetooth:Server.LE.Scan] ScanParams: numScanAgents 4, combined params AD:0 AS:0 MSL:3 (30/300) PSV:1
2025-07-21 17:05:47.989 Df bluetoothd[154:454e48b] [com.apple.bluetooth:Server.LE.Scan] ScanParams: [com.apple.locationd-central-139-0] AP:0 AD:0(30/300) AS:0 RAS:0 DMN:1 FG:0 ADVBF:0 pBT:0|[com.apple.bluetoothd-central-154-3] AP:0 AD:0(30/300) AS:0 RAS:0 DMN:1 FG:0 ADVBF:0 pBT:0|[com.apple.locationd-central-139-13] AP:0 AD:0(30/300) AS:0 RAS:0 DMN:1 FG:0 ADVBF:0 pBT:0
2025-07-21 17:05:47.989 Df bluetoothd[154:454e48b] [com.apple.bluetooth:Server.LE.Scan] ScanParams: [CBDaemon-0xCB2E0006] AP:0 AD:0(30/300) AS:0 RAS:0 DMN:1 FG:0 ADVBF:0 pBT:0
2025-07-21 17:05:47.989 Df bluetoothd[154:454e48b] [com.apple.bluetooth:Server.LE.Scan] Returning scan parameters: Main:30.00ms/300.00ms LP:0.00ms/300.00ms(supported) SC:0.00ms/50.00ms/non-concurrent(supported) Dm:(m:30/300) Cond:0:1:0 Sc:1 (passive) Dupfilter:Enabled minScanLevel:3 ENAssertion:N Pri:0/0
2025-07-21 17:05:47.989 Df bluetoothd[154:454e48b] [com.apple.bluetooth:Server.LE.Scan] needToRestart=1
2025-07-21 17:05:47.989 Df bluetoothd[154:454e48b] [com.apple.bluetooth:Server.LE.Scan] Starting passive scan (300.00ms/30.00ms) with duplicate filter enabled scNeed=0 stateO=0, retainDups=0 fScanFiltersNeedUpdating=NO
2025-07-21 17:05:47.989 Df bluetoothd[154:454e48b] [com.apple.bluetooth:Server.LE.Scan] overrideEnableGlobalDupFilter:1
2025-07-21 17:05:47.989 Df bluetoothd[154:454e48b] [com.apple.bluetooth:Server.LE.Scan] Scan state change:  Idle(1) --> Starting(2)
2025-07-21 17:05:47.990 Df bluetoothd[154:454e48b] [com.apple.bluetooth:Server.BTDaemon] <private>
2025-07-21 17:05:48.003 Df bluetoothd[154:454e48b] [com.apple.bluetooth:Server.LE.Scan] Scanning started successfully
2025-07-21 17:05:48.003 Df bluetoothd[154:454e48b] [com.apple.bluetooth:Server.LE.Scan] Scan state change:  Starting(2) --> Scanning(3)
2025-07-21 17:05:48.004 Df bluetoothd[154:454e48b] [com.apple.bluetooth:Server.LE.Scan] ShouldScan=1 AnyValidScanRequests=1 anyValidScanRequestInPaused=0 fObserverState=Active ClientScanPowerAssertRequired=0 fScanFiltersNeedUpdagint=0
2025-07-21 17:05:48.004 Df bluetoothd[154:454e48b] [com.apple.bluetooth:Server.LE.Scan] updateADVBufferConfig current:00 new:00 configChanged:00
2025-07-21 17:05:48.004 Df bluetoothd[154:454e48b] [com.apple.bluetooth:Server.LE.Scan] state 32
2025-07-21 17:05:48.004 Df bluetoothd[154:454e48b] [com.apple.bluetooth:Server.LE.Scan] Findmy usecase "FindMyNotOptedIn" is asking for duplicates? No
2025-07-21 17:05:48.004 Df bluetoothd[154:454e48b] [com.apple.bluetooth:Server.LE.Scan] <private> allowDupes:0, agentAllowDupes:0, active:0
2025-07-21 17:05:48.004 Df bluetoothd[154:454e48b] [com.apple.bluetooth:Server.LE.Scan] <private> active 0
2025-07-21 17:05:48.004 Df bluetoothd[154:454e48b] [com.apple.bluetooth:Server.LE.Scan] state 32
2025-07-21 17:05:48.004 Df bluetoothd[154:454e48b] [com.apple.bluetooth:Server.LE.Scan] <private> allowDupes:0, agentAllowDupes:0, active:0
2025-07-21 17:05:48.004 Df bluetoothd[154:454e48b] [com.apple.bluetooth:Server.LE.Scan] <private> active 0
2025-07-21 17:05:48.004 Df bluetoothd[154:454e48b] [com.apple.bluetooth:Server.LE.Scan] state 32
2025-07-21 17:05:48.004 Df bluetoothd[154:454e48b] [com.apple.bluetooth:Server.LE.Scan] Findmy usecase "FindMyNotOptedIn" is asking for duplicates? No
2025-07-21 17:05:48.004 Df bluetoothd[154:454e48b] [com.apple.bluetooth:Server.LE.Scan] <private> allowDupes:0, agentAllowDupes:0, active:0
2025-07-21 17:05:48.004 Df bluetoothd[154:454e48b] [com.apple.bluetooth:Server.LE.Scan] <private> active 0
2025-07-21 17:05:48.004 Df bluetoothd[154:454e48b] [com.apple.bluetooth:Server.LE.Scan] state 32
2025-07-21 17:05:48.004 Df bluetoothd[154:454e48b] [com.apple.bluetooth:Server.LE.Scan] <private> allowDupes:0, agentAllowDupes:0, active:0
2025-07-21 17:05:48.004 Df bluetoothd[154:454e48b] [com.apple.bluetooth:Server.LE.Scan] <private> active 0
2025-07-21 17:05:48.004 Df bluetoothd[154:454e48b] [com.apple.bluetooth:Server.LE.Scan] ScanParams: numScanAgents 4, combined params AD:0 AS:0 MSL:3 (30/300) PSV:1
2025-07-21 17:05:48.004 Df bluetoothd[154:454e48b] [com.apple.bluetooth:Server.LE.Scan] ScanParams: [com.apple.locationd-central-139-0] AP:0 AD:0(30/300) AS:0 RAS:0 DMN:1 FG:0 ADVBF:0 pBT:0|[com.apple.bluetoothd-central-154-3] AP:0 AD:0(30/300) AS:0 RAS:0 DMN:1 FG:0 ADVBF:0 pBT:0|[com.apple.locationd-central-139-13] AP:0 AD:0(30/300) AS:0 RAS:0 DMN:1 FG:0 ADVBF:0 pBT:0
2025-07-21 17:05:48.004 Df bluetoothd[154:454e48b] [com.apple.bluetooth:Server.LE.Scan] ScanParams: [CBDaemon-0xCB2E0006] AP:0 AD:0(30/300) AS:0 RAS:0 DMN:1 FG:0 ADVBF:0 pBT:0
2025-07-21 17:05:48.004 Df bluetoothd[154:454e48b] [com.apple.bluetooth:Server.LE.Scan] Returning scan parameters: Main:30.00ms/300.00ms LP:0.00ms/300.00ms(supported) SC:0.00ms/50.00ms/non-concurrent(supported) Dm:(m:30/300) Cond:0:1:0 Sc:1 (passive) Dupfilter:Enabled minScanLevel:3 ENAssertion:N Pri:0/0
2025-07-21 17:05:48.004 Df bluetoothd[154:454e48b] [com.apple.bluetooth:Server.LE.Scan] needToRestart=0
2025-07-21 17:05:48.225 Df bluetoothd[154:454e48b] [com.apple.bluetooth:Server.Core] Le [0x44]: time  40, coex   0, rssi -39, tx [S=  0:F=  0], rx [S=  0:F=  0], 1M {rx 0, tx 0}, 2M {rx 0, tx 0}
2025-07-21 17:05:48.368 Df bluetoothd[154:454e48a] [com.apple.bluetooth:CBDaemonServer] BLE Scanner Device Found: CBDevice DC41C4B4-EB4A-47B0-4FC8-173D225D2F8F, BDA 60:2B:A2:E3:FF:15, Nm 'Bluetooth Device', DsFl 0x40 < NearbyInfo >, DvF 0x40000000000 < Connectable >, RSSI -52, Ch 37, AdTsMC <1318741134623>, AMfD <4c 00 10 06 2f 1e 47 a8 0a de>, nbIAT <47 a8 0a>, nbIF 0x3C2 < Ranging AT Duet WiFiP2P HtSp >, CF 0x200000000 < RSSI >
2025-07-21 17:05:48.457 Df bluetoothd[154:454e48a] [com.apple.bluetooth:Server.Core] Classic [0x10]: time   2, coex   0, rssi -43, tx [S=  0:F=  0], rx [S=  0:F=  0], Pkt Tx{0 0 0}{0 0 0}{0 0 0} Rx{0 0 0}{0 0 0}{0 0 0}
2025-07-21 17:05:48.457 Df bluetoothd[154:11d8] [com.apple.bluetooth:Server.Core] Desense: WLAN Status: ON, isWiFiAssociated: No, wiFiAssociatedBand2GHz: No, wiFiAssociatedBand5GHz: No
2025-07-21 17:05:48.458 Df bluetoothd[154:454e48a] [com.apple.bluetooth:Server.MacCoex] Desense Detection: Current Minimum NF Value for Core0 is -112 and Core1 is -111, current state is Off, current number of connected USBs is 2 and USB Detected is True
2025-07-21 17:05:49.021 Df sharingd[4170:4a85b] [com.apple.bluetooth:WirelessProximity] Nearby clear duplicate filter cache type 1
2025-07-21 17:05:49.022 Df bluetoothd[154:454e48a] [com.apple.bluetooth:WirelessProximity] clear dup filter cache for process sharingd (4170) with scan request of type 16, blob: {length = 0, bytes = 0x}, mask {length = 0, bytes = 0x}, active: 0, duplicates: 0, screen on: No Scan, screen off: No Scan, locked: 1,  rssi: -90, peers: (
) nearby scan mode: 10, advbuf: 0, priority critical: 0, range: 0, usecases:
2025-07-21 17:05:49.022 Df bluetoothd[154:454e48a] [com.apple.bluetooth:WirelessProximity] About to clearDuplicateFilterCache for type: 16
2025-07-21 17:05:49.022 Df bluetoothd[154:454e48b] [com.apple.bluetooth:Server.XPC] Received XPC message "CBMsgIdClearDuplicateFilterCache" from session "com.apple.bluetoothd-central-154-3"
2025-07-21 17:05:49.026 Df bluetoothd[154:454e48b] [com.apple.bluetooth:Server.App] clearDuplicateFilterCache for session "com.apple.bluetoothd" type 16
2025-07-21 17:05:49.224 Df bluetoothd[154:454e48b] [com.apple.bluetooth:Server.Core] Le [0x44]: time  40, coex   0, rssi -39, tx [S=  0:F=  0], rx [S=  0:F=  0], 1M {rx 0, tx 0}, 2M {rx 0, tx 0}
2025-07-21 17:05:49.456 Df bluetoothd[154:454e48a] [com.apple.bluetooth:Server.Core] Classic [0x10]: time   2, coex   0, rssi -43, tx [S=  0:F=  0], rx [S=  0:F=  0], Pkt Tx{0 0 0}{0 0 0}{0 0 0} Rx{0 0 0}{0 0 0}{0 0 0}
2025-07-21 17:05:49.456 Df bluetoothd[154:11d8] [com.apple.bluetooth:Server.Core] Desense: WLAN Status: ON, isWiFiAssociated: No, wiFiAssociatedBand2GHz: No, wiFiAssociatedBand5GHz: No
2025-07-21 17:05:49.566 Df bluetoothd[154:454f0e9] [com.apple.bluetooth:CBDaemonServer] BLE Scanner Device Found: CBDevice 897294C0-EA5C-A355-A37F-8E59E42833BF, BDA 51:F7:56:CB:2F:CC, Nm 'Bluetooth Device', DsFl 0x40 < NearbyInfo >, DvF 0x40000000000 < Connectable >, RSSI -68, Ch 38, AdTsMC <1318742332278>, AMfD <4c 00 10 02 03 00>, CF 0x200000000 < RSSI >
2025-07-21 17:05:50.223 Df bluetoothd[154:454e48b] [com.apple.bluetooth:Server.Core] BT Stats for metric '<private>' sent to CoreAnalytics with result 0
2025-07-21 17:05:50.223 Df bluetoothd[154:454e48b] [com.apple.bluetooth:Server.Core] HID Latency Statistics events indicated HID lag issue is detected on connection handle 0x0044, vid = 1133 (0x046d), pid = 45105 (0xb031)
2025-07-21 17:05:50.223 Df bluetoothd[154:454e48b] [com.apple.bluetooth:Server.Core] BT Stats for metric '<private>' sent to CoreAnalytics with result 0
2025-07-21 17:05:50.224 Df bluetoothd[154:b9c] [com.apple.bluetooth:BTServicesClient] TargetUserSession kylemathewson 501
2025-07-21 17:05:50.224 Df bluetoothd[154:454e48b] [com.apple.bluetooth:Server.Core] Le [0x44]: time  34, coex   0, rssi -39, tx [S=  0:F=  0], rx [S= 12:F=  0], 1M {rx 0, tx 0}, 2M {rx 0, tx 12}
2025-07-21 17:05:50.225 Df audioaccessoryd[4247:454f78a] [com.apple.bluetooth:BTServicesDaemon] DiagnosticControl: { "IsDeviceStatisticEnabled" : true, "NumberOfRSSIDecreasedMoreThan30dBm" : 0, "FWVersion" : "0.0.0", "HFPSessionState" : 3, "DeviceLowestRSSI" : -54, "AverageHIDLatencyInMSec" : 145, "PID" : 45105, "SniffInterval_Bin_01_11.25ms" : 0, "WiFiOnWhichBand" : 0, "TotalAnomaliesInBins" : 3, "SniffInterval_Bin_11_750ms" : 0, "DisconnectReason" : 0, "LEASessionState" : 3, "SniffInterval_Bin_02_15ms" : 2, "PER" : 0, "RSSI" : 0, "SniffIntervalSkippedPercentage" : 0, "SniffInterval_Bin_10_500ms" : 1, "DSniffOffset" : 2, "SniffInterval_Bin_12_>750ms" : 1, "ConnectedClassicDevice" : 0, "SniffInterval_Bin_05_45ms" : 1, "IsHFPActive" : false, "TriggerReason" : "Anomaly", "WiFiPowerState" : 2, "IsLEAStreaming" : false, "SniffIntervalSkipped" : 0, "NumberOfRSSIIncreasedMoreThan30dBm" : 0, "MaxHIDLatencyInMSec" : ">750ms", "NumberOfAppleMouseOrTrackpadConnected" : 1, "StatisticsCollectedInSeconds" : 1, "SniffIntervalServicedPercentage" : 200, "_input" : "HIDLagDetected", "SniffInterval_Bin_09_150ms"<…>
2025-07-21 17:05:50.226 Df audioaccessoryd[4247:454f78a] [com.apple.bluetooth:BTServicesDaemon] A2DPSessionState" : 3, "NumberOfRSSIDecreasedBetween26To30dBm" : 0, "ConnectedLEDevice" : 0, }
2025-07-21 17:05:50.226 Df audioaccessoryd[4247:454f78a] [com.apple.bluetooth:BTServicesDaemon] Diag: Bluetooth HID lag banner not shown due to throttle
2025-07-21 17:05:50.226 Df bluetoothd[154:b9c] [com.apple.bluetooth:BTServicesClient] Invalidating
2025-07-21 17:05:50.314 Df bluetoothd[154:454e48a] [com.apple.bluetooth:CBDaemonServer] BLE Scanner Device Found: CBDevice DC41C4B4-EB4A-47B0-4FC8-173D225D2F8F, BDA 60:2B:A2:E3:FF:15, Nm 'Bluetooth Device', DsFl 0x40 < NearbyInfo >, DvF 0x40000000000 < Connectable >, RSSI -50, Ch 38, AdTsMC <1318743080007>, AMfD <4c 00 10 06 2f 1e 47 a8 0a de>, nbIAT <47 a8 0a>, nbIF 0x3C2 < Ranging AT Duet WiFiP2P HtSp >, CF 0x200000000 < RSSI >
2025-07-21 17:05:50.458 Df bluetoothd[154:454f0e9] [com.apple.bluetooth:Server.Core] Classic [0x10]: time   3, coex   0, rssi -43, tx [S=  0:F=  0], rx [S=  0:F=  0], Pkt Tx{0 0 0}{0 0 0}{0 0 0} Rx{0 0 0}{0 0 0}{0 0 0}
2025-07-21 17:05:50.459 Df bluetoothd[154:11d8] [com.apple.bluetooth:Server.Core] Desense: WLAN Status: ON, isWiFiAssociated: No, wiFiAssociatedBand2GHz: No, wiFiAssociatedBand5GHz: No
2025-07-21 17:05:50.459 Df bluetoothd[154:454f0e9] [com.apple.bluetooth:Server.MacCoex] Desense Detection: Current Minimum NF Value for Core0 is -112 and Core1 is -111, current state is Off, current number of connected USBs is 2 and USB Detected is True
2025-07-21 17:05:51.080 Df bluetoothd[154:454e48a] [com.apple.bluetooth:CBDaemonServer] BLE Scanner Device Found: CBDevice BE0B8A43-8DEA-C6D8-B5A9-6C15463BC288, BDA 4C:7D:A5:82:98:74, Nm 'Kyle’s Mac mini', Md Mac14,12, IDS 93A8F1D1-F4E7-4ED9-AE72-B76FA705B1F1, AcID kylemath@gmail.com, stID 93A8F1D1-F4E7-4ED9-AE72-B76FA705B1F1, DsFl 0x8000000000 < AirPlayTarget >, DsTy <NearbyInfoV2, MiLo>, DvF 0x40000000080 < SameAccount Connectable >, RSSI -79, Ch 37, AdTsMC <1318743845903>, AMfD <4c 00 09 08 13 02 c0 a8 56 47 1b 58 16 08 00 c8 10 78 6a 1e 40 0b>, apTC 2, apTF 0x13 < SupportsAWDLSolo SupportsMediaControl HasPort >, apTI 192.168.86.71, apTP 7000, nb2Fe 0x4 < MiLo >, nb2A <10 78 6a>, nb2Ai <1e 40 0b>, CF 0x200000000 < RSSI >
2025-07-21 17:05:51.228 Df bluetoothd[154:454e48a] [com.apple.bluetooth:Server.Core] Le [0x44]: time  30, coex   0, rssi -39, tx [S=  0:F=  0], rx [S= 21:F=  0], 1M {rx 0, tx 0}, 2M {rx 0, tx 21}
2025-07-21 17:05:51.371 Df bluetoothd[154:454e48a] [com.apple.bluetooth:Server.LE.Scan] decryptProximityPairingPayload device:<private> address:<private>
2025-07-21 17:05:51.460 Df bluetoothd[154:454f0e9] [com.apple.bluetooth:Server.Core] Classic [0x10]: time   2, coex   0, rssi -43, tx [S=  0:F=  0], rx [S=  0:F=  0], Pkt Tx{0 0 0}{0 0 0}{0 0 0} Rx{0 0 0}{0 0 0}{0 0 0}
2025-07-21 17:05:51.460 Df bluetoothd[154:11d8] [com.apple.bluetooth:Server.Core] Desense: WLAN Status: ON, isWiFiAssociated: No, wiFiAssociatedBand2GHz: No, wiFiAssociatedBand5GHz: No
2025-07-21 17:05:51.460 Df bluetoothd[154:454f0e9] [com.apple.bluetooth:Server.MacCoex] Desense Detection: Current Minimum NF Value for Core0 is -113 and Core1 is -111, current state is Off, current number of connected USBs is 2 and USB Detected is True
2025-07-21 17:05:51.971 Df bluetoothd[154:454e48b] [com.apple.bluetooth:Server.MacCoex] Adding LE Connection <private>
2025-07-21 17:05:51.971 Df bluetoothd[154:454e48b] [com.apple.bluetooth:Server.MacCoex] Posting Bluetooth Status Notification <private>
2025-07-21 17:05:52.226 Df bluetoothd[154:454e48a] [com.apple.bluetooth:Server.Core] Le [0x44]: time  16, coex   0, rssi -39, tx [S=  0:F=  0], rx [S= 73:F=  0], 1M {rx 0, tx 0}, 2M {rx 0, tx 73}
2025-07-21 17:05:52.459 Df bluetoothd[154:454e48b] [com.apple.bluetooth:Server.Core] Classic [0x10]: time   2, coex   0, rssi -43, tx [S=  0:F=  0], rx [S=  0:F=  0], Pkt Tx{0 0 0}{0 0 0}{0 0 0} Rx{0 0 0}{0 0 0}{0 0 0}
2025-07-21 17:05:52.459 Df bluetoothd[154:11d8] [com.apple.bluetooth:Server.Core] Desense: WLAN Status: ON, isWiFiAssociated: No, wiFiAssociatedBand2GHz: No, wiFiAssociatedBand5GHz: No
2025-07-21 17:05:53.230 Df bluetoothd[154:454e48b] [com.apple.bluetooth:Server.Core] Le [0x44]: time  34, coex   0, rssi -38, tx [S=  0:F=  0], rx [S= 19:F=  0], 1M {rx 0, tx 0}, 2M {rx 0, tx 19}
2025-07-21 17:05:53.461 Df bluetoothd[154:454e48b] [com.apple.bluetooth:Server.Core] Classic [0x10]: time   2, coex   0, rssi -43, tx [S=  0:F=  0], rx [S=  0:F=  0], Pkt Tx{0 0 0}{0 0 0}{0 0 0} Rx{0 0 0}{0 0 0}{0 0 0}
2025-07-21 17:05:53.461 Df bluetoothd[154:11d8] [com.apple.bluetooth:Server.Core] Desense: WLAN Status: ON, isWiFiAssociated: No, wiFiAssociatedBand2GHz: No, wiFiAssociatedBand5GHz: No
2025-07-21 17:05:53.461 Df bluetoothd[154:454e48b] [com.apple.bluetooth:Server.MacCoex] Desense Detection: Current Minimum NF Value for Core0 is -113 and Core1 is -111, current state is Off, current number of connected USBs is 2 and USB Detected is True
2025-07-21 17:05:54.231 Df bluetoothd[154:454e48b] [com.apple.bluetooth:Server.Core] Le [0x44]: time  40, coex   0, rssi -38, tx [S=  0:F=  0], rx [S=  0:F=  0], 1M {rx 0, tx 0}, 2M {rx 0, tx 0}
2025-07-21 17:05:54.465 Df bluetoothd[154:454e48b] [com.apple.bluetooth:Server.Core] Classic [0x10]: time   2, coex   0, rssi -43, tx [S=  0:F=  0], rx [S=  0:F=  0], Pkt Tx{0 0 0}{0 0 0}{0 0 0} Rx{0 0 0}{0 0 0}{0 0 0}
2025-07-21 17:05:54.465 Df bluetoothd[154:11d8] [com.apple.bluetooth:Server.Core] Desense: WLAN Status: ON, isWiFiAssociated: No, wiFiAssociatedBand2GHz: No, wiFiAssociatedBand5GHz: No
2025-07-21 17:05:54.465 Df bluetoothd[154:454e48b] [com.apple.bluetooth:Server.MacCoex] Desense Detection: Current Minimum NF Value for Core0 is -113 and Core1 is -111, current state is Off, current number of connected USBs is 2 and USB Detected is True
2025-07-21 17:05:55.229 Df bluetoothd[154:454e48a] [com.apple.bluetooth:Server.Core] Le [0x44]: time  40, coex   0, rssi -38, tx [S=  0:F=  0], rx [S=  0:F=  0], 1M {rx 0, tx 0}, 2M {rx 0, tx 0}
2025-07-21 17:05:55.470 Df bluetoothd[154:11d8] [com.apple.bluetooth:Server.Core] Desense: WLAN Status: ON, isWiFiAssociated: No, wiFiAssociatedBand2GHz: No, wiFiAssociatedBand5GHz: No
2025-07-21 17:05:55.470 Df bluetoothd[154:454e48a] [com.apple.bluetooth:Server.Core] Classic [0x10]: time   2, coex   0, rssi -43, tx [S=  0:F=  0], rx [S=  0:F=  0], Pkt Tx{0 0 0}{0 0 0}{0 0 0} Rx{0 0 0}{0 0 0}{0 0 0}
2025-07-21 17:05:55.471 Df bluetoothd[154:454e48a] [com.apple.bluetooth:Server.MacCoex] Desense Detection: Current Minimum NF Value for Core0 is -113 and Core1 is -110, current state is Off, current number of connected USBs is 2 and USB Detected is True
2025-07-21 17:05:56.235 Df bluetoothd[154:454e48a] [com.apple.bluetooth:Server.Core] Le [0x44]: time  40, coex   0, rssi -38, tx [S=  0:F=  0], rx [S=  0:F=  0], 1M {rx 0, tx 0}, 2M {rx 0, tx 0}
2025-07-21 17:05:56.471 Df bluetoothd[154:454e48a] [com.apple.bluetooth:Server.Core] Classic [0x10]: time   2, coex   0, rssi -43, tx [S=  0:F=  0], rx [S=  0:F=  0], Pkt Tx{0 0 0}{0 0 0}{0 0 0} Rx{0 0 0}{0 0 0}{0 0 0}
2025-07-21 17:05:56.471 Df bluetoothd[154:11d8] [com.apple.bluetooth:Server.Core] Desense: WLAN Status: ON, isWiFiAssociated: No, wiFiAssociatedBand2GHz: No, wiFiAssociatedBand5GHz: No
2025-07-21 17:05:56.472 Df bluetoothd[154:454e48a] [com.apple.bluetooth:Server.MacCoex] Desense Detection: Current Minimum NF Value for Core0 is -113 and Core1 is -110, current state is Off, current number of connected USBs is 2 and USB Detected is True
2025-07-21 17:05:57.221 Df bluetoothd[154:454e48b] [com.apple.bluetooth:Server.MacCoex] Adding LE Connection <private>
2025-07-21 17:05:57.221 Df bluetoothd[154:454e48b] [com.apple.bluetooth:Server.MacCoex] Posting Bluetooth Status Notification <private>
2025-07-21 17:05:57.239 Df bluetoothd[154:454e48b] [com.apple.bluetooth:Server.Core] Le [0x44]: time  40, coex   0, rssi -38, tx [S=  0:F=  0], rx [S=  0:F=  0], 1M {rx 0, tx 0}, 2M {rx 0, tx 0}
2025-07-21 17:05:57.476 Df bluetoothd[154:454e48b] [com.apple.bluetooth:Server.Core] Classic [0x10]: time   2, coex   0, rssi -43, tx [S=  0:F=  0], rx [S=  0:F=  0], Pkt Tx{0 0 0}{0 0 0}{0 0 0} Rx{0 0 0}{0 0 0}{0 0 0}
2025-07-21 17:05:57.476 Df bluetoothd[154:11d8] [com.apple.bluetooth:Server.Core] Desense: WLAN Status: ON, isWiFiAssociated: No, wiFiAssociatedBand2GHz: No, wiFiAssociatedBand5GHz: No
2025-07-21 17:05:57.476 Df bluetoothd[154:454e48b] [com.apple.bluetooth:Server.MacCoex] Desense Detection: Current Minimum NF Value for Core0 is -113 and Core1 is -111, current state is Off, current number of connected USBs is 2 and USB Detected is True
2025-07-21 17:05:58.241 Df bluetoothd[154:454f0e9] [com.apple.bluetooth:Server.Core] Le [0x44]: time  40, coex   0, rssi -38, tx [S=  0:F=  0], rx [S=  0:F=  0], 1M {rx 0, tx 0}, 2M {rx 0, tx 0}
2025-07-21 17:05:58.478 Df bluetoothd[154:454f0e9] [com.apple.bluetooth:Server.Core] Classic [0x10]: time   2, coex   0, rssi -43, tx [S=  0:F=  0], rx [S=  0:F=  0], Pkt Tx{0 0 0}{0 0 0}{0 0 0} Rx{0 0 0}{0 0 0}{0 0 0}
2025-07-21 17:05:58.478 Df bluetoothd[154:11d8] [com.apple.bluetooth:Server.Core] Desense: WLAN Status: ON, isWiFiAssociated: No, wiFiAssociatedBand2GHz: No, wiFiAssociatedBand5GHz: No
2025-07-21 17:05:58.478 Df bluetoothd[154:454f0e9] [com.apple.bluetooth:Server.MacCoex] Desense Detection: Current Minimum NF Value for Core0 is -112 and Core1 is -111, current state is Off, current number of connected USBs is 2 and USB Detected is True
2025-07-21 17:05:59.026 Df sharingd[4170:4a85b] [com.apple.bluetooth:WirelessProximity] Nearby clear duplicate filter cache type 1
2025-07-21 17:05:59.027 Df bluetoothd[154:454f0e9] [com.apple.bluetooth:WirelessProximity] clear dup filter cache for process sharingd (4170) with scan request of type 16, blob: {length = 0, bytes = 0x}, mask {length = 0, bytes = 0x}, active: 0, duplicates: 0, screen on: No Scan, screen off: No Scan, locked: 1,  rssi: -90, peers: (
) nearby scan mode: 10, advbuf: 0, priority critical: 0, range: 0, usecases:
2025-07-21 17:05:59.027 Df bluetoothd[154:454f0e9] [com.apple.bluetooth:WirelessProximity] About to clearDuplicateFilterCache for type: 16
2025-07-21 17:05:59.027 Df bluetoothd[154:454f0e9] [com.apple.bluetooth:Server.XPC] Received XPC message "CBMsgIdClearDuplicateFilterCache" from session "com.apple.bluetoothd-central-154-3"
2025-07-21 17:05:59.030 Df bluetoothd[154:454f0e9] [com.apple.bluetooth:Server.App] clearDuplicateFilterCache for session "com.apple.bluetoothd" type 16
2025-07-21 17:05:59.240 Df bluetoothd[154:454f0e9] [com.apple.bluetooth:Server.Core] Le [0x44]: time  40, coex   0, rssi -38, tx [S=  0:F=  0], rx [S=  0:F=  0], 1M {rx 0, tx 0}, 2M {rx 0, tx 0}
2025-07-21 17:05:59.457 Df bluetoothd[154:454e48b] [com.apple.bluetooth:CBDaemonServer] BLE Scanner Device Found: CBDevice 897294C0-EA5C-A355-A37F-8E59E42833BF, BDA 51:F7:56:CB:2F:CC, Nm 'Bluetooth Device', DsFl 0x40 < NearbyInfo >, DvF 0x40000000000 < Connectable >, RSSI -70, Ch 37, AdTsMC <1318752222826>, AMfD <4c 00 10 02 03 00>, CF 0x200000000 < RSSI >
2025-07-21 17:05:59.478 Df bluetoothd[154:454f0e9] [com.apple.bluetooth:Server.Core] Classic [0x10]: time   2, coex   0, rssi -43, tx [S=  0:F=  0], rx [S=  0:F=  0], Pkt Tx{0 0 0}{0 0 0}{0 0 0} Rx{0 0 0}{0 0 0}{0 0 0}
2025-07-21 17:05:59.478 Df bluetoothd[154:11d8] [com.apple.bluetooth:Server.Core] Desense: WLAN Status: ON, isWiFiAssociated: No, wiFiAssociatedBand2GHz: No, wiFiAssociatedBand5GHz: No
2025-07-21 17:05:59.479 Df bluetoothd[154:454f0e9] [com.apple.bluetooth:Server.MacCoex] Desense Detection: Current Minimum NF Value for Core0 is -112 and Core1 is -111, current state is Off, current number of connected USBs is 2 and USB Detected is True
2025-07-21 17:05:59.706 Df bluetoothd[154:454e48b] [com.apple.bluetooth:CBDaemonServer] BLE Scanner Device Found: CBDevice DC41C4B4-EB4A-47B0-4FC8-173D225D2F8F, BDA 60:2B:A2:E3:FF:15, Nm 'Bluetooth Device', DsFl 0x40 < NearbyInfo >, DvF 0x40000000000 < Connectable >, RSSI -52, Ch 37, AdTsMC <1318752472101>, AMfD <4c 00 10 06 2f 1e 47 a8 0a de>, nbIAT <47 a8 0a>, nbIF 0x3C2 < Ranging AT Duet WiFiP2P HtSp >, CF 0x200000000 < RSSI >
2025-07-21 17:06:00.241 Df bluetoothd[154:454e48b] [com.apple.bluetooth:Server.Core] Le [0x44]: time  40, coex   0, rssi -38, tx [S=  0:F=  0], rx [S=  0:F=  0], 1M {rx 0, tx 0}, 2M {rx 0, tx 0}
2025-07-21 17:06:00.381 Df identityservicesd[4146:4a76e] [com.apple.bluetooth:WirelessProximity] Continuity start advertising with data: advertising request of type 12, priority 7, UseFG 48 (30.00 ms), data {length = 14, bytes = 0x086e1d7a62e6bd78d4e2f815b75d}, connectable 1, addr change 1, options {
}, advertisementRequestedAt 0
2025-07-21 17:06:00.381 Df bluetoothd[154:454e48b] [com.apple.bluetooth:WirelessProximity] Start advertising for process identityservicesd (4146) of type 12 with advertising interval 48 (30.00 ms)
2025-07-21 17:06:00.381 Df bluetoothd[154:454e48b] [com.apple.bluetooth:WirelessProximity] Setting advert timer for client 12 with time 2.00
2025-07-21 17:06:00.381 Df bluetoothd[154:454e48b] [com.apple.bluetooth:WirelessProximity] [Privacy] removeAdvertisingRequest: 12, <private>
2025-07-21 17:06:00.381 Df bluetoothd[154:454e48b] [com.apple.bluetooth:WirelessProximity] Adding data of type: 9, advData: {length = 8, bytes = 0x132ec0a801411b58} advInterval: 290 EPA:0
2025-07-21 17:06:00.381 Df bluetoothd[154:454e48b] [com.apple.bluetooth:WirelessProximity] Current advertisement packet: {length = 10, bytes = 0x0908132ec0a801411b58} advertRate: 290 EPA:0
2025-07-21 17:06:00.381 Df bluetoothd[154:454e48b] [com.apple.bluetooth:WirelessProximity] Adding data of type: 12, advData: {length = 14, bytes = 0x086e1d7a62e6bd78d4e2f815b75d} advInterval: 48 EPA:0
2025-07-21 17:06:00.381 Df bluetoothd[154:454e48b] [com.apple.bluetooth:WirelessProximity] Current advertisement packet: {length = 16, bytes = 0x0c0e086e1d7a62e6bd78d4e2f815b75d} advertRate: 48 EPA:0
2025-07-21 17:06:00.381 Df bluetoothd[154:454e48b] [com.apple.bluetooth:WirelessProximity] Adding data of type: 16, advData: {length = 6, bytes = 0x4b1d3a805f58} advInterval: 432 EPA:0
2025-07-21 17:06:00.382 Df bluetoothd[154:454e48b] [com.apple.bluetooth:WirelessProximity] Current advertisement packet: {length = 24, bytes = 0x0c0e086e1d7a62e6bd78d4e2f815b75d10064b1d3a805f58} advertRate: 48 EPA:0
2025-07-21 17:06:00.382 Df bluetoothd[154:454e48b] [com.apple.bluetooth:WirelessProximity] Adding data of type: 22, advData: {length = 8, bytes = 0x0095ed5ad776ba42} advInterval: 290 EPA:0
2025-07-21 17:06:00.382 Df bluetoothd[154:454e48b] [com.apple.bluetooth:WirelessProximity] Current advertisement packet: {length = 20, bytes = 0x0908132ec0a801411b5816080095ed5ad776ba42} advertRate: 290 EPA:0
2025-07-21 17:06:00.382 Df bluetoothd[154:454e48b] [com.apple.bluetooth:WirelessProximity] [Privacy] AdvertisingRulesiOS: current connectable advertisers: <private>, current clients for address change notification: <private>
2025-07-21 17:06:00.382 Df bluetoothd[154:454e48b] [com.apple.bluetooth:WirelessProximity] [Privacy] AdvertisingRulesiOS: remaining connectable advertisers: <private>, notification clients: <private>
2025-07-21 17:06:00.382 Df bluetoothd[154:454e48b] [com.apple.bluetooth:WirelessProximity] [Privacy] AdvertisingRulesiOS: current non-connectable advertisers: <private>, current clients for address change notification: <private>
2025-07-21 17:06:00.382 Df bluetoothd[154:454e48b] [com.apple.bluetooth:WirelessProximity] [Privacy] AdvertisingRulesiOS: remaining non-connectable advertisers: <private>, notification clients: <private>
2025-07-21 17:06:00.382 Df bluetoothd[154:454e48b] [com.apple.bluetooth:WirelessProximity] AdvertisingRulesiOS - current advertisers: 9 12 16 22
2025-07-21 17:06:00.382 Df bluetoothd[154:454e48b] [com.apple.bluetooth:WirelessProximity] [Privacy] AdvertisingRulesiOS: AddrChangeNotificationNeeded adv packet:  <private>
2025-07-21 17:06:00.382 Df bluetoothd[154:454e48b] [com.apple.bluetooth:WirelessProximity] [Privacy] AdvertisingRulesiOS: AddrChangeNotificationNeeded adv packet:  <private>
2025-07-21 17:06:00.382 Df bluetoothd[154:454e48b] [com.apple.bluetooth:WirelessProximity] AdvertisingRulesiOS - advertising packets: (
        {
        kCBAdvDataAppleMfgData = {length = 28, bytes = 0x1bff4c00 0c0e086e 1d7a62e6 bd78d4e2 ... 10064b1d 3a805f58 };
        kCBAdvDataIsConnectable = 1;
        kCBAdvOptionAdvertisingInterval = 48;
        kCBAdvOptionStopOnAdvertisingAddressChange = 1;
        kCBManagerListOfClients =         (
            "com.apple.identityservicesd",
            "com.apple.sharingd"
        );
        kCBMsgArgIsPrivilegedDaemon = 1;
    },
        {
        kCBAdvDataAppleMfgData = {length = 24, bytes = 0x17ff4c000908132ec0a801411b5816080095ed5ad776ba42};
        kCBAdvDataIsConnectable = 0;
        kCBAdvOptionAdvertisingInterval = 290;
        kCBAdvOptionStopOnAdvertisingAddressChange = 1;
        kCBMsgArgIsPrivilegedDaemon = 1;
    }
)
2025-07-21 17:06:00.382 Df bluetoothd[154:454e48b] [com.apple.bluetooth:WirelessProximity] Requesting to start advertising for clients 9 12 16 22  with (
        {
        kCBAdvDataAppleMfgData = {length = 28, bytes = 0x1bff4c00 0c0e086e 1d7a62e6 bd78d4e2 ... 10064b1d 3a805f58 };
        kCBAdvDataIsConnectable = 1;
        kCBAdvOptionAdvertisingInterval = 48;
        kCBAdvOptionStopOnAdvertisingAddressChange = 1;
        kCBManagerListOfClients =         (
            "com.apple.identityservicesd",
            "com.apple.sharingd"
        );
        kCBMsgArgIsPrivilegedDaemon = 1;
    },
        {
        kCBAdvDataAppleMfgData = {length = 24, bytes = 0x17ff4c000908132ec0a801411b5816080095ed5ad776ba42};
        kCBAdvDataIsConnectable = 0;
        kCBAdvOptionAdvertisingInterval = 290;
        kCBAdvOptionStopOnAdvertisingAddressChange = 1;
        kCBMsgArgIsPrivilegedDaemon = 1;
    }
)
2025-07-21 17:06:00.382 Df bluetoothd[154:454e48a] [com.apple.bluetooth:Server.XPC] Received XPC message "CBMsgIdStopAdvertising" from session "com.apple.bluetoothd-peripheral-154-4"
2025-07-21 17:06:00.382 Df bluetoothd[154:454e48a] [com.apple.bluetooth:Server.LE.Advertise] Received 'stop advertising' request from session "com.apple.bluetoothd-peripheral-154-4"
2025-07-21 17:06:00.382 Df bluetoothd[154:454f0e9] [com.apple.bluetooth:Server.MacCoex] Adding LE Connection <private>
2025-07-21 17:06:00.382 Df bluetoothd[154:454e48a] [com.apple.bluetooth:Server.Core] BT Stats for metric '<private>' sent to CoreAnalytics with result 0
2025-07-21 17:06:00.382 Df bluetoothd[154:454e48a] [com.apple.bluetooth:Server.Core] BT Stats for metric '<private>' sent to CoreAnalytics with result 0
2025-07-21 17:06:00.382 Df bluetoothd[154:454e48a] [com.apple.bluetooth:Server.XPC] Received XPC message "CBMsgIdStopAdvertising" from session "com.apple.bluetoothd-peripheral-154-5"
2025-07-21 17:06:00.382 Df bluetoothd[154:454e48b] [com.apple.bluetooth:Server.LE.Advertise] background advertising sessions:AppleMFG:0 Extended:0
2025-07-21 17:06:00.382 Df bluetoothd[154:454e48b] [com.apple.bluetooth:Stack.LE]  StopAdvertising tech=1
2025-07-21 17:06:00.382 Df bluetoothd[154:454fa0d] [com.apple.bluetooth:WirelessProximity] [Privacy] Did stop advertising with error: (null)
2025-07-21 17:06:00.382 Df bluetoothd[154:454e48b] [com.apple.bluetooth:Stack.LE]  Address rotation in progress:NO
2025-07-21 17:06:00.383 Df bluetoothd[154:454f0e9] [com.apple.bluetooth:Server.MacCoex] Posting Bluetooth Status Notification <private>
2025-07-21 17:06:00.383 Df bluetoothd[154:454e48b] [com.apple.bluetooth:Server.LE.Advertise] Advertising state change:  Advertising(2) --> Stopping(3) stack:ON
2025-07-21 17:06:00.383 Df bluetoothd[154:454e48a] [com.apple.bluetooth:Server.LE.Advertise] Received 'stop advertising' request from session "com.apple.bluetoothd-peripheral-154-5"
2025-07-21 17:06:00.383 Df bluetoothd[154:454e48a] [com.apple.bluetooth:Server.Core] BT Stats for metric '<private>' sent to CoreAnalytics with result 0
2025-07-21 17:06:00.383 Df bluetoothd[154:454e48a] [com.apple.bluetooth:Server.XPC] Received XPC message "CBMsgIdStartAdvertising" from session "com.apple.bluetoothd-peripheral-154-4"
2025-07-21 17:06:00.383 Df bluetoothd[154:454e48a] [com.apple.bluetooth:Server.XPC] Setting client list to <private>
2025-07-21 17:06:00.383 Df bluetoothd[154:454e48b] [com.apple.bluetooth:WirelessProximity] [Privacy] Did stop advertising with error: (null)
2025-07-21 17:06:00.383 Df bluetoothd[154:454e48a] [com.apple.bluetooth:Server.LE.Advertise] Received 'start advertising' request from session "com.apple.bluetoothd-peripheral-154-4", with manufacturer data [ 1B FF 4C 00 0C 0E 08 6E 1D 7A 62 E6 BD 78 D4 E2 F8 15 B7 5D 10 06 4B 1D 3A 80 5F 58 ], interval 30, no name
2025-07-21 17:06:00.383 Df bluetoothd[154:454e48a] [com.apple.bluetooth:Server.LE.Advertise] Calling updateAdvertisement
2025-07-21 17:06:00.383 Df bluetoothd[154:454e48a] [com.apple.bluetooth:Server.XPC] Received XPC message "CBMsgIdStartAdvertising" from session "com.apple.bluetoothd-peripheral-154-5"
2025-07-21 17:06:00.383 Df bluetoothd[154:454e48a] [com.apple.bluetooth:Server.XPC] Setting client list to <private>
2025-07-21 17:06:00.383 Df bluetoothd[154:454e48a] [com.apple.bluetooth:Server.LE.Advertise] Received 'start advertising' request from session "com.apple.bluetoothd-peripheral-154-5", with manufacturer data [ 17 FF 4C 00 09 08 13 2E C0 A8 01 41 1B 58 16 08 00 95 ED 5A D7 76 BA 42 ], interval 122, no name
2025-07-21 17:06:00.383 Df bluetoothd[154:454e48a] [com.apple.bluetooth:Server.LE.Advertise] Calling updateAdvertisement
2025-07-21 17:06:00.383 Df bluetoothd[154:454fa0d] [com.apple.bluetooth:WirelessProximity] Started to advertise for type 9 with error (null)
2025-07-21 17:06:00.383 Df bluetoothd[154:454fa0d] [com.apple.bluetooth:WirelessProximity] Started to advertise for type 12 with error (null)
2025-07-21 17:06:00.383 Df bluetoothd[154:454fa0d] [com.apple.bluetooth:WirelessProximity] Advertising started for client <private> (4146) of type 12
2025-07-21 17:06:00.383 Df bluetoothd[154:454fa0d] [com.apple.bluetooth:WirelessProximity] Started to advertise for type 16 with error (null)
2025-07-21 17:06:00.383 Df bluetoothd[154:454fa0d] [com.apple.bluetooth:WirelessProximity] Advertising started for client <private> (4170) of type 16
2025-07-21 17:06:00.383 Df bluetoothd[154:454fa0d] [com.apple.bluetooth:WirelessProximity] Started to advertise for type 22 with error (null)
2025-07-21 17:06:00.386 Df bluetoothd[154:11d8] [com.apple.bluetooth:Stack.LE]  Address rotation in progress:NO
2025-07-21 17:06:00.386 Df bluetoothd[154:454f0e9] [com.apple.bluetooth:Server.LE.Advertise] Stopped advertising successfully status=0
2025-07-21 17:06:00.386 Df bluetoothd[154:454f0e9] [com.apple.bluetooth:Server.LE.Advertise] Advertising state change:  Stopping(3) --> Idle(0) stack:ON
2025-07-21 17:06:00.386 Df bluetoothd[154:454f0e9] [com.apple.bluetooth:Server.LE.Advertise] background advertising sessions:AppleMFG:0 Extended:0
2025-07-21 17:06:00.386 Df bluetoothd[154:454f0e9] [com.apple.bluetooth:Stack.LE]  StartAdvertising tech=1 handle=0
2025-07-21 17:06:00.386 Df bluetoothd[154:454f0e9] [com.apple.bluetooth:Stack.LE]  Address rotation in progress:NO
2025-07-21 17:06:00.387 Df bluetoothd[154:454f0e9] [com.apple.bluetooth:Server.LE.Advertise] Advertising state change:  Idle(0) --> Starting(1) stack:ON
2025-07-21 17:06:00.399 Df bluetoothd[154:11d8] [com.apple.bluetooth:Stack.LE]  Address rotation in progress:NO
2025-07-21 17:06:00.399 Df bluetoothd[154:11d8] [com.apple.bluetooth:Stack.LE]  StartAdvertising tech=1 handle=2
2025-07-21 17:06:00.399 Df bluetoothd[154:11d8] [com.apple.bluetooth:Stack.LE]  Address rotation in progress:NO
2025-07-21 17:06:00.411 Df bluetoothd[154:11d8] [com.apple.bluetooth:Stack.LE]  Address rotation in progress:NO
2025-07-21 17:06:00.411 Df bluetoothd[154:11d8] [com.apple.bluetooth:Stack.LE]  StartAdvertising tech=1 handle=3
2025-07-21 17:06:00.411 Df bluetoothd[154:11d8] [com.apple.bluetooth:Stack.LE]  Address rotation in progress:NO
2025-07-21 17:06:00.425 Df bluetoothd[154:11d8] [com.apple.bluetooth:Stack.LE]  Address rotation in progress:NO
2025-07-21 17:06:00.425 Df bluetoothd[154:11d8] [com.apple.bluetooth:Stack.LE]  StartAdvertising tech=1 handle=4
2025-07-21 17:06:00.425 Df bluetoothd[154:11d8] [com.apple.bluetooth:Stack.LE]  Address rotation in progress:NO
2025-07-21 17:06:00.439 Df bluetoothd[154:11d8] [com.apple.bluetooth:Stack.LE]  Address rotation in progress:NO
2025-07-21 17:06:00.439 Df bluetoothd[154:454f0e9] [com.apple.bluetooth:Server.LE.Advertise] Started advertising successfully status=0
2025-07-21 17:06:00.439 Df bluetoothd[154:454f0e9] [com.apple.bluetooth:Server.LE.Advertise] Advertising state change:  Starting(1) --> Advertising(2) stack:ON
2025-07-21 17:06:00.439 Df bluetoothd[154:454f0e9] [com.apple.bluetooth:Server.LE.Advertise] background advertising sessions:AppleMFG:0 Extended:0
2025-07-21 17:06:00.479 Df bluetoothd[154:454f0e9] [com.apple.bluetooth:Server.Core] Classic [0x10]: time   2, coex   0, rssi -43, tx [S=  0:F=  0], rx [S=  0:F=  0], Pkt Tx{0 0 0}{0 0 0}{0 0 0} Rx{0 0 0}{0 0 0}{0 0 0}
2025-07-21 17:06:00.479 Df bluetoothd[154:11d8] [com.apple.bluetooth:Server.Core] Desense: WLAN Status: ON, isWiFiAssociated: No, wiFiAssociatedBand2GHz: No, wiFiAssociatedBand5GHz: No
2025-07-21 17:06:00.480 Df bluetoothd[154:454f0e9] [com.apple.bluetooth:Server.MacCoex] Desense Detection: Current Minimum NF Value for Core0 is -112 and Core1 is -111, current state is Off, current number of connected USBs is 2 and USB Detected is True
2025-07-21 17:06:00.592 Df bluetoothd[154:454e48b] [com.apple.bluetooth:Server.LE.Advertise] background advertising sessions:AppleMFG:0 Extended:0
2025-07-21 17:06:01.242 Df bluetoothd[154:454e48b] [com.apple.bluetooth:Server.Core] Le [0x44]: time  40, coex   0, rssi -38, tx [S=  0:F=  0], rx [S=  0:F=  0], 1M {rx 0, tx 0}, 2M {rx 0, tx 0}
2025-07-21 17:06:01.479 Df bluetoothd[154:454e48b] [com.apple.bluetooth:Server.Core] Classic [0x10]: time   3, coex   0, rssi -43, tx [S=  0:F=  0], rx [S=  0:F=  0], Pkt Tx{0 0 0}{0 0 0}{0 0 0} Rx{0 0 0}{0 0 0}{0 0 0}
2025-07-21 17:06:01.479 Df bluetoothd[154:11d8] [com.apple.bluetooth:Server.Core] Desense: WLAN Status: ON, isWiFiAssociated: No, wiFiAssociatedBand2GHz: No, wiFiAssociatedBand5GHz: No
2025-07-21 17:06:02.246 Df bluetoothd[154:454e48b] [com.apple.bluetooth:Server.Core] Le [0x44]: time  40, coex   0, rssi -38, tx [S=  0:F=  0], rx [S=  0:F=  0], 1M {rx 0, tx 0}, 2M {rx 0, tx 0}
2025-07-21 17:06:02.382 Df bluetoothd[154:454e48b] [com.apple.bluetooth:WirelessProximity] Advert timer expired for client 12 after 2.00 seconds
2025-07-21 17:06:02.382 Df identityservicesd[4146:4a76e] [com.apple.bluetooth:WirelessProximity] Continuity update advertising with data: advertising request of type 12, priority 7, UseFG 290 (181.25 ms), data {length = 14, bytes = 0x086e1d7a62e6bd78d4e2f815b75d}, connectable 1, addr change 1, options {
}, advertisementRequestedAt 0
2025-07-21 17:06:02.382 Df bluetoothd[154:454e48b] [com.apple.bluetooth:WirelessProximity] Updating advert request for client 12 after 2.00 seconds
2025-07-21 17:06:02.382 Df bluetoothd[154:454e48b] [com.apple.bluetooth:WirelessProximity] Start advertising for process identityservicesd (4146) of type 12 with advertising interval 290 (181.25 ms)
2025-07-21 17:06:02.382 Df bluetoothd[154:454e48b] [com.apple.bluetooth:WirelessProximity] [Privacy] removeAdvertisingRequest: 12, <private>
2025-07-21 17:06:02.383 Df bluetoothd[154:454e48b] [com.apple.bluetooth:WirelessProximity] Adding data of type: 9, advData: {length = 8, bytes = 0x132ec0a801411b58} advInterval: 290 EPA:0
2025-07-21 17:06:02.383 Df bluetoothd[154:454e48b] [com.apple.bluetooth:WirelessProximity] Current advertisement packet: {length = 10, bytes = 0x0908132ec0a801411b58} advertRate: 290 EPA:0
2025-07-21 17:06:02.383 Df bluetoothd[154:454e48b] [com.apple.bluetooth:WirelessProximity] Adding data of type: 12, advData: {length = 14, bytes = 0x086e1d7a62e6bd78d4e2f815b75d} advInterval: 290 EPA:0
2025-07-21 17:06:02.383 Df bluetoothd[154:454e48b] [com.apple.bluetooth:WirelessProximity] Current advertisement packet: {length = 16, bytes = 0x0c0e086e1d7a62e6bd78d4e2f815b75d} advertRate: 290 EPA:0
2025-07-21 17:06:02.383 Df bluetoothd[154:454e48b] [com.apple.bluetooth:WirelessProximity] Adding data of type: 16, advData: {length = 6, bytes = 0x4b1d3a805f58} advInterval: 432 EPA:0
2025-07-21 17:06:02.383 Df bluetoothd[154:454e48b] [com.apple.bluetooth:WirelessProximity] Current advertisement packet: {length = 24, bytes = 0x0c0e086e1d7a62e6bd78d4e2f815b75d10064b1d3a805f58} advertRate: 290 EPA:0
2025-07-21 17:06:02.383 Df bluetoothd[154:454e48b] [com.apple.bluetooth:WirelessProximity] Adding data of type: 22, advData: {length = 8, bytes = 0x0095ed5ad776ba42} advInterval: 290 EPA:0
2025-07-21 17:06:02.383 Df bluetoothd[154:454e48b] [com.apple.bluetooth:WirelessProximity] Current advertisement packet: {length = 20, bytes = 0x0908132ec0a801411b5816080095ed5ad776ba42} advertRate: 290 EPA:0
2025-07-21 17:06:02.383 Df bluetoothd[154:454e48b] [com.apple.bluetooth:WirelessProximity] [Privacy] AdvertisingRulesiOS: current connectable advertisers: <private>, current clients for address change notification: <private>
2025-07-21 17:06:02.383 Df bluetoothd[154:454e48b] [com.apple.bluetooth:WirelessProximity] [Privacy] AdvertisingRulesiOS: remaining connectable advertisers: <private>, notification clients: <private>
2025-07-21 17:06:02.383 Df bluetoothd[154:454e48b] [com.apple.bluetooth:WirelessProximity] [Privacy] AdvertisingRulesiOS: current non-connectable advertisers: <private>, current clients for address change notification: <private>
2025-07-21 17:06:02.383 Df bluetoothd[154:454e48b] [com.apple.bluetooth:WirelessProximity] [Privacy] AdvertisingRulesiOS: remaining non-connectable advertisers: <private>, notification clients: <private>
2025-07-21 17:06:02.383 Df bluetoothd[154:454e48b] [com.apple.bluetooth:WirelessProximity] AdvertisingRulesiOS - current advertisers: 9 12 16 22
2025-07-21 17:06:02.383 Df bluetoothd[154:454e48b] [com.apple.bluetooth:WirelessProximity] [Privacy] AdvertisingRulesiOS: AddrChangeNotificationNeeded adv packet:  <private>
2025-07-21 17:06:02.383 Df bluetoothd[154:454e48b] [com.apple.bluetooth:WirelessProximity] [Privacy] AdvertisingRulesiOS: AddrChangeNotificationNeeded adv packet:  <private>
2025-07-21 17:06:02.383 Df bluetoothd[154:454e48b] [com.apple.bluetooth:WirelessProximity] AdvertisingRulesiOS - advertising packets: (
        {
        kCBAdvDataAppleMfgData = {length = 28, bytes = 0x1bff4c00 0c0e086e 1d7a62e6 bd78d4e2 ... 10064b1d 3a805f58 };
        kCBAdvDataIsConnectable = 1;
        kCBAdvOptionAdvertisingInterval = 290;
        kCBAdvOptionStopOnAdvertisingAddressChange = 1;
        kCBManagerListOfClients =         (
            "com.apple.identityservicesd",
            "com.apple.sharingd"
        );
        kCBMsgArgIsPrivilegedDaemon = 1;
    },
        {
        kCBAdvDataAppleMfgData = {length = 24, bytes = 0x17ff4c000908132ec0a801411b5816080095ed5ad776ba42};
        kCBAdvDataIsConnectable = 0;
        kCBAdvOptionAdvertisingInterval = 290;
        kCBAdvOptionStopOnAdvertisingAddressChange = 1;
        kCBMsgArgIsPrivilegedDaemon = 1;
    }
)
2025-07-21 17:06:02.383 Df bluetoothd[154:454e48b] [com.apple.bluetooth:WirelessProximity] Requesting to start advertising for clients 9 12 16 22  with (
        {
        kCBAdvDataAppleMfgData = {length = 28, bytes = 0x1bff4c00 0c0e086e 1d7a62e6 bd78d4e2 ... 10064b1d 3a805f58 };
        kCBAdvDataIsConnectable = 1;
        kCBAdvOptionAdvertisingInterval = 290;
        kCBAdvOptionStopOnAdvertisingAddressChange = 1;
        kCBManagerListOfClients =         (
            "com.apple.identityservicesd",
            "com.apple.sharingd"
        );
        kCBMsgArgIsPrivilegedDaemon = 1;
    },
        {
        kCBAdvDataAppleMfgData = {length = 24, bytes = 0x17ff4c000908132ec0a801411b5816080095ed5ad776ba42};
        kCBAdvDataIsConnectable = 0;
        kCBAdvOptionAdvertisingInterval = 290;
        kCBAdvOptionStopOnAdvertisingAddressChange = 1;
        kCBMsgArgIsPrivilegedDaemon = 1;
    }
)
2025-07-21 17:06:02.383 Df bluetoothd[154:454f0e9] [com.apple.bluetooth:Server.XPC] Received XPC message "CBMsgIdStopAdvertising" from session "com.apple.bluetoothd-peripheral-154-4"
2025-07-21 17:06:02.383 Df bluetoothd[154:454f0e9] [com.apple.bluetooth:Server.LE.Advertise] Received 'stop advertising' request from session "com.apple.bluetoothd-peripheral-154-4"
2025-07-21 17:06:02.383 Df bluetoothd[154:454f0e9] [com.apple.bluetooth:Server.Core] BT Stats for metric '<private>' sent to CoreAnalytics with result 0
2025-07-21 17:06:02.383 Df bluetoothd[154:454f0e9] [com.apple.bluetooth:Server.Core] BT Stats for metric '<private>' sent to CoreAnalytics with result 0
2025-07-21 17:06:02.383 Df bluetoothd[154:454f0e9] [com.apple.bluetooth:Server.XPC] Received XPC message "CBMsgIdStopAdvertising" from session "com.apple.bluetoothd-peripheral-154-5"
2025-07-21 17:06:02.383 Df bluetoothd[154:454e48b] [com.apple.bluetooth:Server.LE.Advertise] background advertising sessions:AppleMFG:0 Extended:0
2025-07-21 17:06:02.383 Df bluetoothd[154:454e48a] [com.apple.bluetooth:WirelessProximity] [Privacy] Did stop advertising with error: (null)
2025-07-21 17:06:02.383 Df bluetoothd[154:454e48b] [com.apple.bluetooth:Stack.LE]  StopAdvertising tech=1
2025-07-21 17:06:02.383 Df bluetoothd[154:454e48b] [com.apple.bluetooth:Stack.LE]  Address rotation in progress:NO
2025-07-21 17:06:02.384 Df bluetoothd[154:454e48b] [com.apple.bluetooth:Server.LE.Advertise] Advertising state change:  Advertising(2) --> Stopping(3) stack:ON
2025-07-21 17:06:02.384 Df bluetoothd[154:454f0e9] [com.apple.bluetooth:Server.LE.Advertise] Received 'stop advertising' request from session "com.apple.bluetoothd-peripheral-154-5"
2025-07-21 17:06:02.384 Df bluetoothd[154:454f0e9] [com.apple.bluetooth:Server.Core] BT Stats for metric '<private>' sent to CoreAnalytics with result 0
2025-07-21 17:06:02.384 Df bluetoothd[154:454f0e9] [com.apple.bluetooth:Server.XPC] Received XPC message "CBMsgIdStartAdvertising" from session "com.apple.bluetoothd-peripheral-154-4"
2025-07-21 17:06:02.384 Df bluetoothd[154:454fc93] [com.apple.bluetooth:WirelessProximity] [Privacy] Did stop advertising with error: (null)
2025-07-21 17:06:02.384 Df bluetoothd[154:454f0e9] [com.apple.bluetooth:Server.XPC] Setting client list to <private>
2025-07-21 17:06:02.384 Df bluetoothd[154:454f0e9] [com.apple.bluetooth:Server.LE.Advertise] Received 'start advertising' request from session "com.apple.bluetoothd-peripheral-154-4", with manufacturer data [ 1B FF 4C 00 0C 0E 08 6E 1D 7A 62 E6 BD 78 D4 E2 F8 15 B7 5D 10 06 4B 1D 3A 80 5F 58 ], interval 122, no name
2025-07-21 17:06:02.384 Df bluetoothd[154:454f0e9] [com.apple.bluetooth:Server.LE.Advertise] Calling updateAdvertisement
2025-07-21 17:06:02.384 Df bluetoothd[154:454f0e9] [com.apple.bluetooth:Server.XPC] Received XPC message "CBMsgIdStartAdvertising" from session "com.apple.bluetoothd-peripheral-154-5"
2025-07-21 17:06:02.384 Df bluetoothd[154:454f0e9] [com.apple.bluetooth:Server.XPC] Setting client list to <private>
2025-07-21 17:06:02.384 Df bluetoothd[154:454f0e9] [com.apple.bluetooth:Server.LE.Advertise] Received 'start advertising' request from session "com.apple.bluetoothd-peripheral-154-5", with manufacturer data [ 17 FF 4C 00 09 08 13 2E C0 A8 01 41 1B 58 16 08 00 95 ED 5A D7 76 BA 42 ], interval 122, no name
2025-07-21 17:06:02.384 Df bluetoothd[154:454f0e9] [com.apple.bluetooth:Server.LE.Advertise] Calling updateAdvertisement
2025-07-21 17:06:02.384 Df bluetoothd[154:454fc93] [com.apple.bluetooth:WirelessProximity] Started to advertise for type 9 with error (null)
2025-07-21 17:06:02.384 Df bluetoothd[154:454fc93] [com.apple.bluetooth:WirelessProximity] Started to advertise for type 12 with error (null)
2025-07-21 17:06:02.384 Df bluetoothd[154:454fc93] [com.apple.bluetooth:WirelessProximity] Advertising started for client <private> (4146) of type 12
2025-07-21 17:06:02.384 Df bluetoothd[154:454fc93] [com.apple.bluetooth:WirelessProximity] Started to advertise for type 16 with error (null)
2025-07-21 17:06:02.384 Df bluetoothd[154:454fc93] [com.apple.bluetooth:WirelessProximity] Advertising started for client <private> (4170) of type 16
2025-07-21 17:06:02.384 Df bluetoothd[154:454fc93] [com.apple.bluetooth:WirelessProximity] Started to advertise for type 22 with error (null)
2025-07-21 17:06:02.387 Df bluetoothd[154:11d8] [com.apple.bluetooth:Stack.LE]  Address rotation in progress:NO
2025-07-21 17:06:02.387 Df bluetoothd[154:454e48b] [com.apple.bluetooth:Server.LE.Advertise] Stopped advertising successfully status=0
2025-07-21 17:06:02.387 Df bluetoothd[154:454e48b] [com.apple.bluetooth:Server.LE.Advertise] Advertising state change:  Stopping(3) --> Idle(0) stack:ON
2025-07-21 17:06:02.387 Df bluetoothd[154:454e48b] [com.apple.bluetooth:Server.LE.Advertise] background advertising sessions:AppleMFG:0 Extended:0
2025-07-21 17:06:02.387 Df bluetoothd[154:454e48b] [com.apple.bluetooth:Stack.LE]  StartAdvertising tech=1 handle=0
2025-07-21 17:06:02.387 Df bluetoothd[154:454e48b] [com.apple.bluetooth:Stack.LE]  Address rotation in progress:NO
2025-07-21 17:06:02.388 Df bluetoothd[154:454e48b] [com.apple.bluetooth:Server.LE.Advertise] Advertising state change:  Idle(0) --> Starting(1) stack:ON
2025-07-21 17:06:02.401 Df bluetoothd[154:11d8] [com.apple.bluetooth:Stack.LE]  Address rotation in progress:NO
2025-07-21 17:06:02.401 Df bluetoothd[154:11d8] [com.apple.bluetooth:Stack.LE]  StartAdvertising tech=1 handle=2
2025-07-21 17:06:02.401 Df bluetoothd[154:11d8] [com.apple.bluetooth:Stack.LE]  Address rotation in progress:NO
2025-07-21 17:06:02.415 Df bluetoothd[154:11d8] [com.apple.bluetooth:Stack.LE]  Address rotation in progress:NO
2025-07-21 17:06:02.415 Df bluetoothd[154:11d8] [com.apple.bluetooth:Stack.LE]  StartAdvertising tech=1 handle=3
2025-07-21 17:06:02.415 Df bluetoothd[154:11d8] [com.apple.bluetooth:Stack.LE]  Address rotation in progress:NO
2025-07-21 17:06:02.429 Df bluetoothd[154:11d8] [com.apple.bluetooth:Stack.LE]  Address rotation in progress:NO
2025-07-21 17:06:02.430 Df bluetoothd[154:11d8] [com.apple.bluetooth:Stack.LE]  StartAdvertising tech=1 handle=4
2025-07-21 17:06:02.430 Df bluetoothd[154:11d8] [com.apple.bluetooth:Stack.LE]  Address rotation in progress:NO
2025-07-21 17:06:02.445 Df bluetoothd[154:11d8] [com.apple.bluetooth:Stack.LE]  Address rotation in progress:NO
2025-07-21 17:06:02.445 Df bluetoothd[154:454e48b] [com.apple.bluetooth:Server.LE.Advertise] Started advertising successfully status=0
2025-07-21 17:06:02.445 Df bluetoothd[154:454e48b] [com.apple.bluetooth:Server.LE.Advertise] Advertising state change:  Starting(1) --> Advertising(2) stack:ON
2025-07-21 17:06:02.445 Df bluetoothd[154:454e48b] [com.apple.bluetooth:Server.LE.Advertise] background advertising sessions:AppleMFG:0 Extended:0
2025-07-21 17:06:02.479 Df bluetoothd[154:454e48b] [com.apple.bluetooth:Server.Core] Classic [0x10]: time   2, coex   0, rssi -43, tx [S=  0:F=  0], rx [S=  0:F=  0], Pkt Tx{0 0 0}{0 0 0}{0 0 0} Rx{0 0 0}{0 0 0}{0 0 0}
2025-07-21 17:06:02.479 Df bluetoothd[154:11d8] [com.apple.bluetooth:Server.Core] Desense: WLAN Status: ON, isWiFiAssociated: No, wiFiAssociatedBand2GHz: No, wiFiAssociatedBand5GHz: No
2025-07-21 17:06:02.480 Df bluetoothd[154:454e48b] [com.apple.bluetooth:Server.MacCoex] Desense Detection: Current Minimum NF Value for Core0 is -113 and Core1 is -111, current state is Off, current number of connected USBs is 2 and USB Detected is True
2025-07-21 17:06:02.588 Df bluetoothd[154:454e48b] [com.apple.bluetooth:Server.LE.Advertise] background advertising sessions:AppleMFG:0 Extended:0
2025-07-21 17:06:03.243 Df bluetoothd[154:b9c] [com.apple.bluetooth:Server.Core] [MacUserClient][NotificationEventHandler] -- Received Heart Beat notification -- HIDShim
2025-07-21 17:06:03.243 Df bluetoothd[154:454e48b] [com.apple.bluetooth:Server.Core] isHIDShimDevice: Device 64:5A:ED:EF:A1:C1 is a modern Apple HID and supportsUserSpaceHIDDriversOnMacOS() is true -- return false
2025-07-21 17:06:03.248 Df bluetoothd[154:454e48b] [com.apple.bluetooth:Server.Core] Le [0x44]: time  40, coex   0, rssi -37, tx [S=  0:F=  0], rx [S=  0:F=  0], 1M {rx 0, tx 0}, 2M {rx 0, tx 0}
2025-07-21 17:06:03.483 Df bluetoothd[154:454e48b] [com.apple.bluetooth:Server.Core] Classic [0x10]: time   2, coex   0, rssi -43, tx [S=  0:F=  0], rx [S=  0:F=  0], Pkt Tx{0 0 0}{0 0 0}{0 0 0} Rx{0 0 0}{0 0 0}{0 0 0}
2025-07-21 17:06:03.483 Df bluetoothd[154:11d8] [com.apple.bluetooth:Server.Core] Desense: WLAN Status: ON, isWiFiAssociated: No, wiFiAssociatedBand2GHz: No, wiFiAssociatedBand5GHz: No
2025-07-21 17:06:03.483 Df bluetoothd[154:454e48b] [com.apple.bluetooth:Server.MacCoex] Desense Detection: Current Minimum NF Value for Core0 is -113 and Core1 is -111, current state is Off, current number of connected USBs is 2 and USB Detected is True
2025-07-21 17:06:04.248 Df bluetoothd[154:454e48b] [com.apple.bluetooth:Server.Core] Le [0x44]: time  40, coex   0, rssi -38, tx [S=  0:F=  0], rx [S=  0:F=  0], 1M {rx 0, tx 0}, 2M {rx 0, tx 0}
2025-07-21 17:06:04.485 Df bluetoothd[154:454e48b] [com.apple.bluetooth:Server.Core] Classic [0x10]: time   2, coex   0, rssi -43, tx [S=  0:F=  0], rx [S=  0:F=  0], Pkt Tx{0 0 0}{0 0 0}{0 0 0} Rx{0 0 0}{0 0 0}{0 0 0}
2025-07-21 17:06:04.485 Df bluetoothd[154:11d8] [com.apple.bluetooth:Server.Core] Desense: WLAN Status: ON, isWiFiAssociated: No, wiFiAssociatedBand2GHz: No, wiFiAssociatedBand5GHz: No
2025-07-21 17:06:04.486 Df bluetoothd[154:454e48b] [com.apple.bluetooth:Server.MacCoex] Desense Detection: Current Minimum NF Value for Core0 is -113 and Core1 is -110, current state is Off, current number of connected USBs is 2 and USB Detected is True
2025-07-21 17:06:05.101 Df identityservicesd[4146:4a76e] [com.apple.bluetooth:WirelessProximity] Continuity start advertising with data: advertising request of type 12, priority 7, UseFG 48 (30.00 ms), data {length = 14, bytes = 0x086f1d6cb8fcba5c50797f6b4cd8}, connectable 1, addr change 1, options {
}, advertisementRequestedAt 0
2025-07-21 17:06:05.101 Df bluetoothd[154:454f0e9] [com.apple.bluetooth:WirelessProximity] Start advertising for process identityservicesd (4146) of type 12 with advertising interval 48 (30.00 ms)
2025-07-21 17:06:05.102 Df bluetoothd[154:454f0e9] [com.apple.bluetooth:WirelessProximity] Setting advert timer for client 12 with time 2.00
2025-07-21 17:06:05.102 Df bluetoothd[154:454f0e9] [com.apple.bluetooth:WirelessProximity] [Privacy] removeAdvertisingRequest: 12, <private>
2025-07-21 17:06:05.102 Df bluetoothd[154:454f0e9] [com.apple.bluetooth:WirelessProximity] Adding data of type: 9, advData: {length = 8, bytes = 0x132ec0a801411b58} advInterval: 290 EPA:0
2025-07-21 17:06:05.102 Df bluetoothd[154:454f0e9] [com.apple.bluetooth:WirelessProximity] Current advertisement packet: {length = 10, bytes = 0x0908132ec0a801411b58} advertRate: 290 EPA:0
2025-07-21 17:06:05.102 Df bluetoothd[154:454f0e9] [com.apple.bluetooth:WirelessProximity] Adding data of type: 12, advData: {length = 14, bytes = 0x086f1d6cb8fcba5c50797f6b4cd8} advInterval: 48 EPA:0
2025-07-21 17:06:05.102 Df bluetoothd[154:454f0e9] [com.apple.bluetooth:WirelessProximity] Current advertisement packet: {length = 16, bytes = 0x0c0e086f1d6cb8fcba5c50797f6b4cd8} advertRate: 48 EPA:0
2025-07-21 17:06:05.102 Df bluetoothd[154:454f0e9] [com.apple.bluetooth:WirelessProximity] Adding data of type: 16, advData: {length = 6, bytes = 0x4b1d3a805f58} advInterval: 432 EPA:0
2025-07-21 17:06:05.102 Df bluetoothd[154:454f0e9] [com.apple.bluetooth:WirelessProximity] Current advertisement packet: {length = 24, bytes = 0x0c0e086f1d6cb8fcba5c50797f6b4cd810064b1d3a805f58} advertRate: 48 EPA:0
2025-07-21 17:06:05.102 Df bluetoothd[154:454f0e9] [com.apple.bluetooth:WirelessProximity] Adding data of type: 22, advData: {length = 8, bytes = 0x0095ed5ad776ba42} advInterval: 290 EPA:0
2025-07-21 17:06:05.102 Df bluetoothd[154:454f0e9] [com.apple.bluetooth:WirelessProximity] Current advertisement packet: {length = 20, bytes = 0x0908132ec0a801411b5816080095ed5ad776ba42} advertRate: 290 EPA:0
2025-07-21 17:06:05.102 Df bluetoothd[154:454f0e9] [com.apple.bluetooth:WirelessProximity] [Privacy] AdvertisingRulesiOS: current connectable advertisers: <private>, current clients for address change notification: <private>
2025-07-21 17:06:05.102 Df bluetoothd[154:454f0e9] [com.apple.bluetooth:WirelessProximity] [Privacy] AdvertisingRulesiOS: remaining connectable advertisers: <private>, notification clients: <private>
2025-07-21 17:06:05.102 Df bluetoothd[154:454f0e9] [com.apple.bluetooth:WirelessProximity] [Privacy] AdvertisingRulesiOS: current non-connectable advertisers: <private>, current clients for address change notification: <private>
2025-07-21 17:06:05.102 Df bluetoothd[154:454f0e9] [com.apple.bluetooth:WirelessProximity] [Privacy] AdvertisingRulesiOS: remaining non-connectable advertisers: <private>, notification clients: <private>
2025-07-21 17:06:05.102 Df bluetoothd[154:454f0e9] [com.apple.bluetooth:WirelessProximity] AdvertisingRulesiOS - current advertisers: 9 12 16 22
2025-07-21 17:06:05.102 Df bluetoothd[154:454f0e9] [com.apple.bluetooth:WirelessProximity] [Privacy] AdvertisingRulesiOS: AddrChangeNotificationNeeded adv packet:  <private>
2025-07-21 17:06:05.102 Df bluetoothd[154:454f0e9] [com.apple.bluetooth:WirelessProximity] [Privacy] AdvertisingRulesiOS: AddrChangeNotificationNeeded adv packet:  <private>
2025-07-21 17:06:05.102 Df bluetoothd[154:454f0e9] [com.apple.bluetooth:WirelessProximity] AdvertisingRulesiOS - advertising packets: (
        {
        kCBAdvDataAppleMfgData = {length = 28, bytes = 0x1bff4c00 0c0e086f 1d6cb8fc ba5c5079 ... 10064b1d 3a805f58 };
        kCBAdvDataIsConnectable = 1;
        kCBAdvOptionAdvertisingInterval = 48;
        kCBAdvOptionStopOnAdvertisingAddressChange = 1;
        kCBManagerListOfClients =         (
            "com.apple.identityservicesd",
            "com.apple.sharingd"
        );
        kCBMsgArgIsPrivilegedDaemon = 1;
    },
        {
        kCBAdvDataAppleMfgData = {length = 24, bytes = 0x17ff4c000908132ec0a801411b5816080095ed5ad776ba42};
        kCBAdvDataIsConnectable = 0;
        kCBAdvOptionAdvertisingInterval = 290;
        kCBAdvOptionStopOnAdvertisingAddressChange = 1;
        kCBMsgArgIsPrivilegedDaemon = 1;
    }
)
2025-07-21 17:06:05.102 Df bluetoothd[154:454f0e9] [com.apple.bluetooth:WirelessProximity] Requesting to start advertising for clients 9 12 16 22  with (
        {
        kCBAdvDataAppleMfgData = {length = 28, bytes = 0x1bff4c00 0c0e086f 1d6cb8fc ba5c5079 ... 10064b1d 3a805f58 };
        kCBAdvDataIsConnectable = 1;
        kCBAdvOptionAdvertisingInterval = 48;
        kCBAdvOptionStopOnAdvertisingAddressChange = 1;
        kCBManagerListOfClients =         (
            "com.apple.identityservicesd",
            "com.apple.sharingd"
        );
        kCBMsgArgIsPrivilegedDaemon = 1;
    },
        {
        kCBAdvDataAppleMfgData = {length = 24, bytes = 0x17ff4c000908132ec0a801411b5816080095ed5ad776ba42};
        kCBAdvDataIsConnectable = 0;
        kCBAdvOptionAdvertisingInterval = 290;
        kCBAdvOptionStopOnAdvertisingAddressChange = 1;
        kCBMsgArgIsPrivilegedDaemon = 1;
    }
)
2025-07-21 17:06:05.102 Df bluetoothd[154:454fc93] [com.apple.bluetooth:Server.XPC] Received XPC message "CBMsgIdStopAdvertising" from session "com.apple.bluetoothd-peripheral-154-4"
2025-07-21 17:06:05.103 Df bluetoothd[154:454fc93] [com.apple.bluetooth:Server.LE.Advertise] Received 'stop advertising' request from session "com.apple.bluetoothd-peripheral-154-4"
2025-07-21 17:06:05.103 Df bluetoothd[154:454fc93] [com.apple.bluetooth:Server.Core] BT Stats for metric '<private>' sent to CoreAnalytics with result 0
2025-07-21 17:06:05.103 Df bluetoothd[154:454fc93] [com.apple.bluetooth:Server.Core] BT Stats for metric '<private>' sent to CoreAnalytics with result 0
2025-07-21 17:06:05.103 Df bluetoothd[154:454f0e9] [com.apple.bluetooth:Server.LE.Advertise] background advertising sessions:AppleMFG:0 Extended:0
2025-07-21 17:06:05.103 Df bluetoothd[154:454fc93] [com.apple.bluetooth:Server.XPC] Received XPC message "CBMsgIdStopAdvertising" from session "com.apple.bluetoothd-peripheral-154-5"
2025-07-21 17:06:05.103 Df bluetoothd[154:454e48b] [com.apple.bluetooth:WirelessProximity] [Privacy] Did stop advertising with error: (null)
2025-07-21 17:06:05.103 Df bluetoothd[154:454f0e9] [com.apple.bluetooth:Stack.LE]  StopAdvertising tech=1
2025-07-21 17:06:05.103 Df bluetoothd[154:454f0e9] [com.apple.bluetooth:Stack.LE]  Address rotation in progress:NO
2025-07-21 17:06:05.103 Df bluetoothd[154:454f0e9] [com.apple.bluetooth:Server.LE.Advertise] Advertising state change:  Advertising(2) --> Stopping(3) stack:ON
2025-07-21 17:06:05.103 Df bluetoothd[154:454fc93] [com.apple.bluetooth:Server.LE.Advertise] Received 'stop advertising' request from session "com.apple.bluetoothd-peripheral-154-5"
2025-07-21 17:06:05.103 Df bluetoothd[154:454fc93] [com.apple.bluetooth:Server.Core] BT Stats for metric '<private>' sent to CoreAnalytics with result 0
2025-07-21 17:06:05.103 Df bluetoothd[154:454fc93] [com.apple.bluetooth:Server.XPC] Received XPC message "CBMsgIdStartAdvertising" from session "com.apple.bluetoothd-peripheral-154-4"
2025-07-21 17:06:05.103 Df bluetoothd[154:454f0e9] [com.apple.bluetooth:WirelessProximity] [Privacy] Did stop advertising with error: (null)
2025-07-21 17:06:05.103 Df bluetoothd[154:454fc93] [com.apple.bluetooth:Server.XPC] Setting client list to <private>
2025-07-21 17:06:05.103 Df bluetoothd[154:454fc93] [com.apple.bluetooth:Server.LE.Advertise] Received 'start advertising' request from session "com.apple.bluetoothd-peripheral-154-4", with manufacturer data [ 1B FF 4C 00 0C 0E 08 6F 1D 6C B8 FC BA 5C 50 79 7F 6B 4C D8 10 06 4B 1D 3A 80 5F 58 ], interval 30, no name
2025-07-21 17:06:05.103 Df bluetoothd[154:454fc93] [com.apple.bluetooth:Server.LE.Advertise] Calling updateAdvertisement
2025-07-21 17:06:05.103 Df bluetoothd[154:454fc93] [com.apple.bluetooth:Server.XPC] Received XPC message "CBMsgIdStartAdvertising" from session "com.apple.bluetoothd-peripheral-154-5"
2025-07-21 17:06:05.103 Df bluetoothd[154:454fc93] [com.apple.bluetooth:Server.XPC] Setting client list to <private>
2025-07-21 17:06:05.103 Df bluetoothd[154:454f0e9] [com.apple.bluetooth:WirelessProximity] Started to advertise for type 9 with error (null)
2025-07-21 17:06:05.103 Df bluetoothd[154:454fc93] [com.apple.bluetooth:Server.LE.Advertise] Received 'start advertising' request from session "com.apple.bluetoothd-peripheral-154-5", with manufacturer data [ 17 FF 4C 00 09 08 13 2E C0 A8 01 41 1B 58 16 08 00 95 ED 5A D7 76 BA 42 ], interval 122, no name
2025-07-21 17:06:05.103 Df bluetoothd[154:454fc93] [com.apple.bluetooth:Server.LE.Advertise] Calling updateAdvertisement
2025-07-21 17:06:05.103 Df bluetoothd[154:454f0e9] [com.apple.bluetooth:WirelessProximity] Started to advertise for type 12 with error (null)
2025-07-21 17:06:05.103 Df bluetoothd[154:454f0e9] [com.apple.bluetooth:WirelessProximity] Advertising started for client <private> (4146) of type 12
2025-07-21 17:06:05.104 Df bluetoothd[154:454f0e9] [com.apple.bluetooth:WirelessProximity] Started to advertise for type 16 with error (null)
2025-07-21 17:06:05.104 Df bluetoothd[154:454f0e9] [com.apple.bluetooth:WirelessProximity] Advertising started for client <private> (4170) of type 16
2025-07-21 17:06:05.104 Df bluetoothd[154:454f0e9] [com.apple.bluetooth:WirelessProximity] Started to advertise for type 22 with error (null)
2025-07-21 17:06:05.108 Df bluetoothd[154:11d8] [com.apple.bluetooth:Stack.LE]  Address rotation in progress:NO
2025-07-21 17:06:05.108 Df bluetoothd[154:454f0e9] [com.apple.bluetooth:Server.LE.Advertise] Stopped advertising successfully status=0
2025-07-21 17:06:05.108 Df bluetoothd[154:454f0e9] [com.apple.bluetooth:Server.LE.Advertise] Advertising state change:  Stopping(3) --> Idle(0) stack:ON
2025-07-21 17:06:05.108 Df bluetoothd[154:454f0e9] [com.apple.bluetooth:Server.LE.Advertise] background advertising sessions:AppleMFG:0 Extended:0
2025-07-21 17:06:05.108 Df bluetoothd[154:454f0e9] [com.apple.bluetooth:Stack.LE]  StartAdvertising tech=1 handle=0
2025-07-21 17:06:05.108 Df bluetoothd[154:454f0e9] [com.apple.bluetooth:Stack.LE]  Address rotation in progress:NO
2025-07-21 17:06:05.108 Df bluetoothd[154:454f0e9] [com.apple.bluetooth:Server.LE.Advertise] Advertising state change:  Idle(0) --> Starting(1) stack:ON
2025-07-21 17:06:05.122 Df bluetoothd[154:11d8] [com.apple.bluetooth:Stack.LE]  Address rotation in progress:NO
2025-07-21 17:06:05.122 Df bluetoothd[154:11d8] [com.apple.bluetooth:Stack.LE]  StartAdvertising tech=1 handle=2
2025-07-21 17:06:05.122 Df bluetoothd[154:11d8] [com.apple.bluetooth:Stack.LE]  Address rotation in progress:NO
2025-07-21 17:06:05.136 Df bluetoothd[154:11d8] [com.apple.bluetooth:Stack.LE]  Address rotation in progress:NO
2025-07-21 17:06:05.136 Df bluetoothd[154:11d8] [com.apple.bluetooth:Stack.LE]  StartAdvertising tech=1 handle=3
2025-07-21 17:06:05.136 Df bluetoothd[154:11d8] [com.apple.bluetooth:Stack.LE]  Address rotation in progress:NO
2025-07-21 17:06:05.151 Df bluetoothd[154:11d8] [com.apple.bluetooth:Stack.LE]  Address rotation in progress:NO
2025-07-21 17:06:05.151 Df bluetoothd[154:11d8] [com.apple.bluetooth:Stack.LE]  StartAdvertising tech=1 handle=4
2025-07-21 17:06:05.151 Df bluetoothd[154:11d8] [com.apple.bluetooth:Stack.LE]  Address rotation in progress:NO
2025-07-21 17:06:05.162 Df bluetoothd[154:11d8] [com.apple.bluetooth:Stack.LE]  Address rotation in progress:NO
2025-07-21 17:06:05.162 Df bluetoothd[154:454f0e9] [com.apple.bluetooth:Server.LE.Advertise] Started advertising successfully status=0
2025-07-21 17:06:05.162 Df bluetoothd[154:454f0e9] [com.apple.bluetooth:Server.LE.Advertise] Advertising state change:  Starting(1) --> Advertising(2) stack:ON
2025-07-21 17:06:05.162 Df bluetoothd[154:454f0e9] [com.apple.bluetooth:Server.LE.Advertise] background advertising sessions:AppleMFG:0 Extended:0
2025-07-21 17:06:05.249 Df bluetoothd[154:454f0e9] [com.apple.bluetooth:Server.Core] BT Stats for metric '<private>' sent to CoreAnalytics with result 0
2025-07-21 17:06:05.249 Df bluetoothd[154:454f0e9] [com.apple.bluetooth:Server.Core] HID Latency Statistics events indicated HID lag issue is detected on connection handle 0x0044, vid = 1133 (0x046d), pid = 45105 (0xb031)
2025-07-21 17:06:05.249 Df bluetoothd[154:454f0e9] [com.apple.bluetooth:Server.Core] BT Stats for metric '<private>' sent to CoreAnalytics with result 0
2025-07-21 17:06:05.249 Df bluetoothd[154:b9c] [com.apple.bluetooth:BTServicesClient] TargetUserSession kylemathewson 501
2025-07-21 17:06:05.250 Df audioaccessoryd[4247:454f78a] [com.apple.bluetooth:BTServicesDaemon] DiagnosticControl: { "IsDeviceStatisticEnabled" : true, "NumberOfRSSIDecreasedMoreThan30dBm" : 0, "FWVersion" : "0.0.0", "HFPSessionState" : 3, "DeviceLowestRSSI" : -54, "AverageHIDLatencyInMSec" : 74, "PID" : 45105, "SniffInterval_Bin_01_11.25ms" : 0, "WiFiOnWhichBand" : 0, "TotalAnomaliesInBins" : 1, "SniffInterval_Bin_11_750ms" : 0, "DisconnectReason" : 0, "LEASessionState" : 3, "SniffInterval_Bin_02_15ms" : 1, "PER" : 0, "RSSI" : 0, "SniffIntervalSkippedPercentage" : 0, "SniffInterval_Bin_10_500ms" : 0, "DSniffOffset" : 2, "SniffInterval_Bin_12_>750ms" : 1, "ConnectedClassicDevice" : 0, "SniffInterval_Bin_05_45ms" : 0, "IsHFPActive" : false, "TriggerReason" : "Anomaly", "WiFiPowerState" : 2, "IsLEAStreaming" : false, "SniffIntervalSkipped" : 0, "NumberOfRSSIIncreasedMoreThan30dBm" : 0, "MaxHIDLatencyInMSec" : ">750ms", "NumberOfAppleMouseOrTrackpadConnected" : 1, "StatisticsCollectedInSeconds" : 1, "SniffIntervalServicedPercentage" : 200, "_input" : "HIDLagDetected", "SniffInterval_Bin_09_150ms" <…>
2025-07-21 17:06:05.250 Df audioaccessoryd[4247:454f78a] [com.apple.bluetooth:BTServicesDaemon] A2DPSessionState" : 3, "NumberOfRSSIDecreasedBetween26To30dBm" : 0, "ConnectedLEDevice" : 0, }
2025-07-21 17:06:05.250 Df bluetoothd[154:454f0e9] [com.apple.bluetooth:Server.Core] Le [0x44]: time  35, coex   0, rssi -37, tx [S=  0:F=  0], rx [S= 15:F=  0], 1M {rx 0, tx 0}, 2M {rx 0, tx 15}
2025-07-21 17:06:05.250 Df audioaccessoryd[4247:454f78a] [com.apple.bluetooth:BTServicesDaemon] Diag: Bluetooth HID lag banner not shown due to throttle
2025-07-21 17:06:05.250 Df bluetoothd[154:b9c] [com.apple.bluetooth:BTServicesClient] Invalidating
2025-07-21 17:06:05.312 Df bluetoothd[154:454f0e9] [com.apple.bluetooth:Server.LE.Advertise] background advertising sessions:AppleMFG:0 Extended:0
2025-07-21 17:06:05.485 Df bluetoothd[154:11d8] [com.apple.bluetooth:Server.Core] Desense: WLAN Status: ON, isWiFiAssociated: No, wiFiAssociatedBand2GHz: No, wiFiAssociatedBand5GHz: No
2025-07-21 17:06:05.485 Df bluetoothd[154:454f0e9] [com.apple.bluetooth:Server.Core] Classic [0x10]: time   2, coex   0, rssi -43, tx [S=  0:F=  0], rx [S=  0:F=  0], Pkt Tx{0 0 0}{0 0 0}{0 0 0} Rx{0 0 0}{0 0 0}{0 0 0}
2025-07-21 17:06:06.255 Df bluetoothd[154:454e48b] [com.apple.bluetooth:Server.Core] Le [0x44]: time  40, coex   0, rssi -37, tx [S=  0:F=  0], rx [S=  1:F=  0], 1M {rx 0, tx 0}, 2M {rx 0, tx 1}
2025-07-21 17:06:06.489 Df bluetoothd[154:454e48b] [com.apple.bluetooth:Server.Core] Classic [0x10]: time   2, coex   0, rssi -43, tx [S=  0:F=  0], rx [S=  0:F=  0], Pkt Tx{0 0 0}{0 0 0}{0 0 0} Rx{0 0 0}{0 0 0}{0 0 0}
2025-07-21 17:06:06.489 Df bluetoothd[154:11d8] [com.apple.bluetooth:Server.Core] Desense: WLAN Status: ON, isWiFiAssociated: No, wiFiAssociatedBand2GHz: No, wiFiAssociatedBand5GHz: No
2025-07-21 17:06:06.489 Df bluetoothd[154:454e48b] [com.apple.bluetooth:Server.MacCoex] Desense Detection: Current Minimum NF Value for Core0 is -113 and Core1 is -110, current state is Off, current number of connected USBs is 2 and USB Detected is True
2025-07-21 17:06:07.102 Df bluetoothd[154:454e48b] [com.apple.bluetooth:Server.MacCoex] Adding LE Connection <private>
2025-07-21 17:06:07.102 Df bluetoothd[154:454f0e9] [com.apple.bluetooth:WirelessProximity] Advert timer expired for client 12 after 2.00 seconds
2025-07-21 17:06:07.103 Df bluetoothd[154:454e48b] [com.apple.bluetooth:Server.MacCoex] Posting Bluetooth Status Notification <private>
2025-07-21 17:06:07.103 Df identityservicesd[4146:4a76e] [com.apple.bluetooth:WirelessProximity] Continuity update advertising with data: advertising request of type 12, priority 7, UseFG 290 (181.25 ms), data {length = 14, bytes = 0x086f1d6cb8fcba5c50797f6b4cd8}, connectable 1, addr change 1, options {
}, advertisementRequestedAt 0
2025-07-21 17:06:07.103 Df bluetoothd[154:454e48b] [com.apple.bluetooth:WirelessProximity] Updating advert request for client 12 after 2.00 seconds
2025-07-21 17:06:07.103 Df bluetoothd[154:454e48b] [com.apple.bluetooth:WirelessProximity] Start advertising for process identityservicesd (4146) of type 12 with advertising interval 290 (181.25 ms)
2025-07-21 17:06:07.103 Df bluetoothd[154:454e48b] [com.apple.bluetooth:WirelessProximity] [Privacy] removeAdvertisingRequest: 12, <private>
2025-07-21 17:06:07.103 Df bluetoothd[154:454e48b] [com.apple.bluetooth:WirelessProximity] Adding data of type: 9, advData: {length = 8, bytes = 0x132ec0a801411b58} advInterval: 290 EPA:0
2025-07-21 17:06:07.103 Df bluetoothd[154:454e48b] [com.apple.bluetooth:WirelessProximity] Current advertisement packet: {length = 10, bytes = 0x0908132ec0a801411b58} advertRate: 290 EPA:0
2025-07-21 17:06:07.103 Df bluetoothd[154:454e48b] [com.apple.bluetooth:WirelessProximity] Adding data of type: 12, advData: {length = 14, bytes = 0x086f1d6cb8fcba5c50797f6b4cd8} advInterval: 290 EPA:0
2025-07-21 17:06:07.103 Df bluetoothd[154:454e48b] [com.apple.bluetooth:WirelessProximity] Current advertisement packet: {length = 16, bytes = 0x0c0e086f1d6cb8fcba5c50797f6b4cd8} advertRate: 290 EPA:0
2025-07-21 17:06:07.103 Df bluetoothd[154:454e48b] [com.apple.bluetooth:WirelessProximity] Adding data of type: 16, advData: {length = 6, bytes = 0x4b1d3a805f58} advInterval: 432 EPA:0
2025-07-21 17:06:07.103 Df bluetoothd[154:454e48b] [com.apple.bluetooth:WirelessProximity] Current advertisement packet: {length = 24, bytes = 0x0c0e086f1d6cb8fcba5c50797f6b4cd810064b1d3a805f58} advertRate: 290 EPA:0
2025-07-21 17:06:07.103 Df bluetoothd[154:454e48b] [com.apple.bluetooth:WirelessProximity] Adding data of type: 22, advData: {length = 8, bytes = 0x0095ed5ad776ba42} advInterval: 290 EPA:0
2025-07-21 17:06:07.104 Df bluetoothd[154:454e48b] [com.apple.bluetooth:WirelessProximity] Current advertisement packet: {length = 20, bytes = 0x0908132ec0a801411b5816080095ed5ad776ba42} advertRate: 290 EPA:0
2025-07-21 17:06:07.104 Df bluetoothd[154:454e48b] [com.apple.bluetooth:WirelessProximity] [Privacy] AdvertisingRulesiOS: current connectable advertisers: <private>, current clients for address change notification: <private>
2025-07-21 17:06:07.104 Df bluetoothd[154:454e48b] [com.apple.bluetooth:WirelessProximity] [Privacy] AdvertisingRulesiOS: remaining connectable advertisers: <private>, notification clients: <private>
2025-07-21 17:06:07.104 Df bluetoothd[154:454e48b] [com.apple.bluetooth:WirelessProximity] [Privacy] AdvertisingRulesiOS: current non-connectable advertisers: <private>, current clients for address change notification: <private>
2025-07-21 17:06:07.104 Df bluetoothd[154:454e48b] [com.apple.bluetooth:WirelessProximity] [Privacy] AdvertisingRulesiOS: remaining non-connectable advertisers: <private>, notification clients: <private>
2025-07-21 17:06:07.104 Df bluetoothd[154:454e48b] [com.apple.bluetooth:WirelessProximity] AdvertisingRulesiOS - current advertisers: 9 12 16 22
2025-07-21 17:06:07.104 Df bluetoothd[154:454e48b] [com.apple.bluetooth:WirelessProximity] [Privacy] AdvertisingRulesiOS: AddrChangeNotificationNeeded adv packet:  <private>
2025-07-21 17:06:07.104 Df bluetoothd[154:454e48b] [com.apple.bluetooth:WirelessProximity] [Privacy] AdvertisingRulesiOS: AddrChangeNotificationNeeded adv packet:  <private>
2025-07-21 17:06:07.104 Df bluetoothd[154:454e48b] [com.apple.bluetooth:WirelessProximity] AdvertisingRulesiOS - advertising packets: (
        {
        kCBAdvDataAppleMfgData = {length = 28, bytes = 0x1bff4c00 0c0e086f 1d6cb8fc ba5c5079 ... 10064b1d 3a805f58 };
        kCBAdvDataIsConnectable = 1;
        kCBAdvOptionAdvertisingInterval = 290;
        kCBAdvOptionStopOnAdvertisingAddressChange = 1;
        kCBManagerListOfClients =         (
            "com.apple.identityservicesd",
            "com.apple.sharingd"
        );
        kCBMsgArgIsPrivilegedDaemon = 1;
    },
        {
        kCBAdvDataAppleMfgData = {length = 24, bytes = 0x17ff4c000908132ec0a801411b5816080095ed5ad776ba42};
        kCBAdvDataIsConnectable = 0;
        kCBAdvOptionAdvertisingInterval = 290;
        kCBAdvOptionStopOnAdvertisingAddressChange = 1;
        kCBMsgArgIsPrivilegedDaemon = 1;
    }
)
2025-07-21 17:06:07.104 Df bluetoothd[154:454e48b] [com.apple.bluetooth:WirelessProximity] Requesting to start advertising for clients 9 12 16 22  with (
        {
        kCBAdvDataAppleMfgData = {length = 28, bytes = 0x1bff4c00 0c0e086f 1d6cb8fc ba5c5079 ... 10064b1d 3a805f58 };
        kCBAdvDataIsConnectable = 1;
        kCBAdvOptionAdvertisingInterval = 290;
        kCBAdvOptionStopOnAdvertisingAddressChange = 1;
        kCBManagerListOfClients =         (
            "com.apple.identityservicesd",
            "com.apple.sharingd"
        );
        kCBMsgArgIsPrivilegedDaemon = 1;
    },
        {
        kCBAdvDataAppleMfgData = {length = 24, bytes = 0x17ff4c000908132ec0a801411b5816080095ed5ad776ba42};
        kCBAdvDataIsConnectable = 0;
        kCBAdvOptionAdvertisingInterval = 290;
        kCBAdvOptionStopOnAdvertisingAddressChange = 1;
        kCBMsgArgIsPrivilegedDaemon = 1;
    }
)
2025-07-21 17:06:07.104 Df bluetoothd[154:454f0e9] [com.apple.bluetooth:Server.XPC] Received XPC message "CBMsgIdStopAdvertising" from session "com.apple.bluetoothd-peripheral-154-4"
2025-07-21 17:06:07.104 Df bluetoothd[154:454f0e9] [com.apple.bluetooth:Server.LE.Advertise] Received 'stop advertising' request from session "com.apple.bluetoothd-peripheral-154-4"
2025-07-21 17:06:07.104 Df bluetoothd[154:454f0e9] [com.apple.bluetooth:Server.Core] BT Stats for metric '<private>' sent to CoreAnalytics with result 0
2025-07-21 17:06:07.104 Df bluetoothd[154:454f0e9] [com.apple.bluetooth:Server.Core] BT Stats for metric '<private>' sent to CoreAnalytics with result 0
2025-07-21 17:06:07.105 Df bluetoothd[154:454f0e9] [com.apple.bluetooth:Server.XPC] Received XPC message "CBMsgIdStopAdvertising" from session "com.apple.bluetoothd-peripheral-154-5"
2025-07-21 17:06:07.105 Df bluetoothd[154:454e48b] [com.apple.bluetooth:Server.LE.Advertise] background advertising sessions:AppleMFG:0 Extended:0
2025-07-21 17:06:07.105 Df bluetoothd[154:454e48a] [com.apple.bluetooth:WirelessProximity] [Privacy] Did stop advertising with error: (null)
2025-07-21 17:06:07.105 Df bluetoothd[154:454e48b] [com.apple.bluetooth:Stack.LE]  StopAdvertising tech=1
2025-07-21 17:06:07.105 Df bluetoothd[154:454e48b] [com.apple.bluetooth:Stack.LE]  Address rotation in progress:NO
2025-07-21 17:06:07.105 Df bluetoothd[154:454e48b] [com.apple.bluetooth:Server.LE.Advertise] Advertising state change:  Advertising(2) --> Stopping(3) stack:ON
2025-07-21 17:06:07.105 Df bluetoothd[154:454f0e9] [com.apple.bluetooth:Server.LE.Advertise] Received 'stop advertising' request from session "com.apple.bluetoothd-peripheral-154-5"
2025-07-21 17:06:07.105 Df bluetoothd[154:454f0e9] [com.apple.bluetooth:Server.Core] BT Stats for metric '<private>' sent to CoreAnalytics with result 0
2025-07-21 17:06:07.105 Df bluetoothd[154:454f0e9] [com.apple.bluetooth:Server.XPC] Received XPC message "CBMsgIdStartAdvertising" from session "com.apple.bluetoothd-peripheral-154-4"
2025-07-21 17:06:07.105 Df bluetoothd[154:454e48b] [com.apple.bluetooth:WirelessProximity] [Privacy] Did stop advertising with error: (null)
2025-07-21 17:06:07.105 Df bluetoothd[154:454f0e9] [com.apple.bluetooth:Server.XPC] Setting client list to <private>
2025-07-21 17:06:07.105 Df bluetoothd[154:454f0e9] [com.apple.bluetooth:Server.LE.Advertise] Received 'start advertising' request from session "com.apple.bluetoothd-peripheral-154-4", with manufacturer data [ 1B FF 4C 00 0C 0E 08 6F 1D 6C B8 FC BA 5C 50 79 7F 6B 4C D8 10 06 4B 1D 3A 80 5F 58 ], interval 122, no name
2025-07-21 17:06:07.105 Df bluetoothd[154:454f0e9] [com.apple.bluetooth:Server.LE.Advertise] Calling updateAdvertisement
2025-07-21 17:06:07.105 Df bluetoothd[154:454f0e9] [com.apple.bluetooth:Server.XPC] Received XPC message "CBMsgIdStartAdvertising" from session "com.apple.bluetoothd-peripheral-154-5"
2025-07-21 17:06:07.105 Df bluetoothd[154:454f0e9] [com.apple.bluetooth:Server.XPC] Setting client list to <private>
2025-07-21 17:06:07.105 Df bluetoothd[154:454f0e9] [com.apple.bluetooth:Server.LE.Advertise] Received 'start advertising' request from session "com.apple.bluetoothd-peripheral-154-5", with manufacturer data [ 17 FF 4C 00 09 08 13 2E C0 A8 01 41 1B 58 16 08 00 95 ED 5A D7 76 BA 42 ], interval 122, no name
2025-07-21 17:06:07.105 Df bluetoothd[154:454e48b] [com.apple.bluetooth:WirelessProximity] Started to advertise for type 9 with error (null)
2025-07-21 17:06:07.105 Df bluetoothd[154:454f0e9] [com.apple.bluetooth:Server.LE.Advertise] Calling updateAdvertisement
2025-07-21 17:06:07.105 Df bluetoothd[154:454e48b] [com.apple.bluetooth:WirelessProximity] Started to advertise for type 12 with error (null)
2025-07-21 17:06:07.105 Df bluetoothd[154:454e48b] [com.apple.bluetooth:WirelessProximity] Advertising started for client <private> (4146) of type 12
2025-07-21 17:06:07.106 Df bluetoothd[154:454e48b] [com.apple.bluetooth:WirelessProximity] Started to advertise for type 16 with error (null)
2025-07-21 17:06:07.106 Df bluetoothd[154:454e48b] [com.apple.bluetooth:WirelessProximity] Advertising started for client <private> (4170) of type 16
2025-07-21 17:06:07.106 Df bluetoothd[154:454e48b] [com.apple.bluetooth:WirelessProximity] Started to advertise for type 22 with error (null)
2025-07-21 17:06:07.110 Df bluetoothd[154:11d8] [com.apple.bluetooth:Stack.LE]  Address rotation in progress:NO
2025-07-21 17:06:07.111 Df bluetoothd[154:454e48b] [com.apple.bluetooth:Server.LE.Advertise] Stopped advertising successfully status=0
2025-07-21 17:06:07.111 Df bluetoothd[154:454e48b] [com.apple.bluetooth:Server.LE.Advertise] Advertising state change:  Stopping(3) --> Idle(0) stack:ON
2025-07-21 17:06:07.111 Df bluetoothd[154:454e48b] [com.apple.bluetooth:Server.LE.Advertise] background advertising sessions:AppleMFG:0 Extended:0
2025-07-21 17:06:07.111 Df bluetoothd[154:454e48b] [com.apple.bluetooth:Stack.LE]  StartAdvertising tech=1 handle=0
2025-07-21 17:06:07.111 Df bluetoothd[154:454e48b] [com.apple.bluetooth:Stack.LE]  Address rotation in progress:NO
2025-07-21 17:06:07.111 Df bluetoothd[154:454e48b] [com.apple.bluetooth:Server.LE.Advertise] Advertising state change:  Idle(0) --> Starting(1) stack:ON
2025-07-21 17:06:07.125 Df bluetoothd[154:11d8] [com.apple.bluetooth:Stack.LE]  Address rotation in progress:NO
2025-07-21 17:06:07.125 Df bluetoothd[154:11d8] [com.apple.bluetooth:Stack.LE]  StartAdvertising tech=1 handle=2
2025-07-21 17:06:07.125 Df bluetoothd[154:11d8] [com.apple.bluetooth:Stack.LE]  Address rotation in progress:NO
2025-07-21 17:06:07.140 Df bluetoothd[154:11d8] [com.apple.bluetooth:Stack.LE]  Address rotation in progress:NO
2025-07-21 17:06:07.140 Df bluetoothd[154:11d8] [com.apple.bluetooth:Stack.LE]  StartAdvertising tech=1 handle=3
2025-07-21 17:06:07.141 Df bluetoothd[154:11d8] [com.apple.bluetooth:Stack.LE]  Address rotation in progress:NO
2025-07-21 17:06:07.155 Df bluetoothd[154:11d8] [com.apple.bluetooth:Stack.LE]  Address rotation in progress:NO
2025-07-21 17:06:07.155 Df bluetoothd[154:11d8] [com.apple.bluetooth:Stack.LE]  StartAdvertising tech=1 handle=4
2025-07-21 17:06:07.155 Df bluetoothd[154:11d8] [com.apple.bluetooth:Stack.LE]  Address rotation in progress:NO
2025-07-21 17:06:07.170 Df bluetoothd[154:11d8] [com.apple.bluetooth:Stack.LE]  Address rotation in progress:NO
2025-07-21 17:06:07.170 Df bluetoothd[154:454fc93] [com.apple.bluetooth:Server.LE.Advertise] Started advertising successfully status=0
2025-07-21 17:06:07.170 Df bluetoothd[154:454fc93] [com.apple.bluetooth:Server.LE.Advertise] Advertising state change:  Starting(1) --> Advertising(2) stack:ON
2025-07-21 17:06:07.170 Df bluetoothd[154:454fc93] [com.apple.bluetooth:Server.LE.Advertise] background advertising sessions:AppleMFG:0 Extended:0
2025-07-21 17:06:07.255 Df bluetoothd[154:454fc93] [com.apple.bluetooth:Server.Core] Le [0x44]: time  40, coex   0, rssi -37, tx [S=  0:F=  0], rx [S=  0:F=  0], 1M {rx 0, tx 0}, 2M {rx 0, tx 0}
2025-07-21 17:06:07.312 Df bluetoothd[154:454fc93] [com.apple.bluetooth:Server.LE.Advertise] background advertising sessions:AppleMFG:0 Extended:0
2025-07-21 17:06:07.488 Df bluetoothd[154:454fc93] [com.apple.bluetooth:Server.Core] Classic [0x10]: time   2, coex   0, rssi -43, tx [S=  0:F=  0], rx [S=  0:F=  0], Pkt Tx{0 0 0}{0 0 0}{0 0 0} Rx{0 0 0}{0 0 0}{0 0 0}
2025-07-21 17:06:07.489 Df bluetoothd[154:11d8] [com.apple.bluetooth:Server.Core] Desense: WLAN Status: ON, isWiFiAssociated: No, wiFiAssociatedBand2GHz: No, wiFiAssociatedBand5GHz: No
2025-07-21 17:06:08.136 Df bluetoothd[154:454f0e9] [com.apple.bluetooth:CBDaemonServer] Identities resolve added: Addr f9e94576d2a1, AT 926f06, CBDevice 45A59C21-C5BF-748A-CFE1-6E1575A907D5, BDA F9:E9:45:76:D2:A1, Nm 'Kyle’s MacBook Air', Md Mac14,2, IDS 7F49F13D-F9C0-42EF-BA33-52EA8DE51D34, stID 7F49F13D-F9C0-42EF-BA33-52EA8DE51D34, DsFl 0x800040 < NearbyInfo Pairing >, DvF 0x1B080 < SameAccount Hidden BLEPaired CloudPaired HIDGoodBehavior >, RSSI -89, Ch 38, BTv 5.2, AdTsMC <1318760901587>, AMfD <4c 00 10 05 4c 1c 92 6f 06>, nbIAT <92 6f 06>, nbIF 0x1C1 < AirDrop AT Duet WiFiP2P >, CF 0xA40000040 < NearbyInfo BLEAdvertisementData RSSI DiscoveryFlags >, matches 1
2025-07-21 17:06:08.136 Df bluetoothd[154:454f0e9] [com.apple.bluetooth:CBDaemonServer] BLE Scanner Device Found: CBDevice 45A59C21-C5BF-748A-CFE1-6E1575A907D5, BDA F9:E9:45:76:D2:A1, Nm 'Kyle’s MacBook Air', Md Mac14,2, IDS 7F49F13D-F9C0-42EF-BA33-52EA8DE51D34, stID 7F49F13D-F9C0-42EF-BA33-52EA8DE51D34, DsFl 0x800040 < NearbyInfo Pairing >, DvF 0x1B080 < SameAccount Hidden BLEPaired CloudPaired HIDGoodBehavior >, RSSI -89, Ch 38, BTv 5.2, AdTsMC <1318760901587>, AMfD <4c 00 10 05 4c 1c 92 6f 06>, nbIAT <92 6f 06>, nbIF 0x1C1 < AirDrop AT Duet WiFiP2P >, CF 0xA40000040 < NearbyInfo BLEAdvertisementData RSSI DiscoveryFlags >
2025-07-21 17:06:08.255 Df bluetoothd[154:454f0e9] [com.apple.bluetooth:Server.Core] Le [0x44]: time  40, coex   0, rssi -37, tx [S=  0:F=  0], rx [S=  0:F=  0], 1M {rx 0, tx 0}, 2M {rx 0, tx 0}
2025-07-21 17:06:08.492 Df bluetoothd[154:454f0e9] [com.apple.bluetooth:Server.Core] Classic [0x10]: time   2, coex   0, rssi -43, tx [S=  0:F=  0], rx [S=  0:F=  0], Pkt Tx{0 0 0}{0 0 0}{0 0 0} Rx{0 0 0}{0 0 0}{0 0 0}
2025-07-21 17:06:08.492 Df bluetoothd[154:11d8] [com.apple.bluetooth:Server.Core] Desense: WLAN Status: ON, isWiFiAssociated: No, wiFiAssociatedBand2GHz: No, wiFiAssociatedBand5GHz: No
2025-07-21 17:06:08.492 Df bluetoothd[154:454f0e9] [com.apple.bluetooth:Server.MacCoex] Desense Detection: Current Minimum NF Value for Core0 is -113 and Core1 is -111, current state is Off, current number of connected USBs is 2 and USB Detected is True
2025-07-21 17:06:08.889 Df bluetoothd[154:454fc93] [com.apple.bluetooth:CBStackBLEScanner] Scan start: rescan, DsFl 0x18D642A08040 < NearbyInfo WxStatus Connections Pairing ScreenOff BLEAdvertisementData RSSI Ensemble Identify AirPlaySource AirPlayTarget Attributes Leech >, DsTy <AirDrop, MacMigrate>, ScreenOn yes, 30/300 ms (10%), Filters: {Type 5, Dups no, RSSI -90}, {Type 10, Dups no, RSSI -75}, {Type 9, Dups no, RSSI -90}, {Type 15, Dups no, RSSI -15}, {Type 21, Dups no, RSSI -80, NoConsolidateRule, Blob [01 26 3A 80 5F], Mask [01 26 FF FF FF]}, {Type 16, Dups no, RSSI -90}, {Type 7, Dups no, RSSI -75}
2025-07-21 17:06:08.889 Df bluetoothd[154:454fc93] [com.apple.bluetooth:Server.Core] BT Stats for metric '<private>' sent to CoreAnalytics with result 0
2025-07-21 17:06:08.889 Df bluetoothd[154:454fc93] [com.apple.bluetooth:Server.Core] BT Stats for metric '<private>' sent to CoreAnalytics with result 0
2025-07-21 17:06:08.889 Df bluetoothd[154:454fc93] [com.apple.bluetooth:Server.Core] BT Stats for metric '<private>' sent to CoreAnalytics with result 0
2025-07-21 17:06:08.889 Df bluetoothd[154:454fc93] [com.apple.bluetooth:Server.Core] BT Stats for metric '<private>' sent to CoreAnalytics with result 0
2025-07-21 17:06:08.889 Df bluetoothd[154:454fc93] [com.apple.bluetooth:Server.Core] BT Stats for metric '<private>' sent to CoreAnalytics with result 0
2025-07-21 17:06:08.889 Df bluetoothd[154:454fc93] [com.apple.bluetooth:Server.Core] BT Stats for metric '<private>' sent to CoreAnalytics with result 0
2025-07-21 17:06:08.889 Df bluetoothd[154:454fc93] [com.apple.bluetooth:Server.Core] BT Stats for metric '<private>' sent to CoreAnalytics with result 0
2025-07-21 17:06:08.889 Df bluetoothd[154:454fc93] [com.apple.bluetooth:Server.LE.Scan] Received 'stop scan' request from session "CBDaemon-0xCB2E0006" (CBDaemon) updateScanParams:YES shouldUpdateState:YES
2025-07-21 17:06:08.889 Df bluetoothd[154:454fc93] [com.apple.bluetooth:Server.LE.Scan] ShouldScan=1 AnyValidScanRequests=1 anyValidScanRequestInPaused=0 fObserverState=Active ClientScanPowerAssertRequired=0 fScanFiltersNeedUpdagint=1
2025-07-21 17:06:08.889 Df bluetoothd[154:454fc93] [com.apple.bluetooth:Server.LE.Scan] updateADVBufferConfig current:00 new:00 configChanged:00
2025-07-21 17:06:08.889 Df bluetoothd[154:454fc93] [com.apple.bluetooth:Server.LE.Scan] state 32
2025-07-21 17:06:08.889 Df bluetoothd[154:454fc93] [com.apple.bluetooth:Server.LE.Scan] Findmy usecase "FindMyNotOptedIn" is asking for duplicates? No
2025-07-21 17:06:08.889 Df bluetoothd[154:454fc93] [com.apple.bluetooth:Server.LE.Scan] <private> allowDupes:0, agentAllowDupes:0, active:0
2025-07-21 17:06:08.889 Df bluetoothd[154:454fc93] [com.apple.bluetooth:Server.LE.Scan] <private> active 0
2025-07-21 17:06:08.890 Df bluetoothd[154:454fc93] [com.apple.bluetooth:Server.LE.Scan] state 32
2025-07-21 17:06:08.890 Df bluetoothd[154:454fc93] [com.apple.bluetooth:Server.LE.Scan] <private> allowDupes:0, agentAllowDupes:0, active:0
2025-07-21 17:06:08.890 Df bluetoothd[154:454fc93] [com.apple.bluetooth:Server.LE.Scan] <private> active 0
2025-07-21 17:06:08.890 Df bluetoothd[154:454fc93] [com.apple.bluetooth:Server.LE.Scan] state 32
2025-07-21 17:06:08.890 Df bluetoothd[154:454fc93] [com.apple.bluetooth:Server.LE.Scan] Findmy usecase "FindMyNotOptedIn" is asking for duplicates? No
2025-07-21 17:06:08.890 Df bluetoothd[154:454fc93] [com.apple.bluetooth:Server.LE.Scan] <private> allowDupes:0, agentAllowDupes:0, active:0
2025-07-21 17:06:08.890 Df bluetoothd[154:454fc93] [com.apple.bluetooth:Server.LE.Scan] <private> active 0
2025-07-21 17:06:08.890 Df bluetoothd[154:454fc93] [com.apple.bluetooth:Server.LE.Scan] ScanParams: numScanAgents 3, combined params AD:0 AS:0 MSL:3 (30/300) PSV:1
2025-07-21 17:06:08.890 Df bluetoothd[154:454fc93] [com.apple.bluetooth:Server.LE.Scan] ScanParams: [com.apple.locationd-central-139-0] AP:0 AD:0(30/300) AS:0 RAS:0 DMN:1 FG:0 ADVBF:0 pBT:0|[com.apple.bluetoothd-central-154-3] AP:0 AD:0(30/300) AS:0 RAS:0 DMN:1 FG:0 ADVBF:0 pBT:0|[com.apple.locationd-central-139-13] AP:0 AD:0(30/300) AS:0 RAS:0 DMN:1 FG:0 ADVBF:0 pBT:0
2025-07-21 17:06:08.890 Df bluetoothd[154:454fc93] [com.apple.bluetooth:Server.LE.Scan] Returning scan parameters: Main:30.00ms/300.00ms LP:0.00ms/300.00ms(supported) SC:0.00ms/50.00ms/non-concurrent(supported) Dm:(m:30/300) Cond:0:1:0 Sc:1 (passive) Dupfilter:Enabled minScanLevel:3 ENAssertion:N Pri:0/0
2025-07-21 17:06:08.890 Df bluetoothd[154:454fc93] [com.apple.bluetooth:Server.LE.Scan] needToRestart=1
2025-07-21 17:06:08.890 Df bluetoothd[154:454fc93] [com.apple.bluetooth:Server.LE.Scan] fShouldRetainDupsNextUpdate 0, screen? 1, retaindup? 0, EN scans? 0, created[EN]=0
2025-07-21 17:06:08.890 Df bluetoothd[154:454fc93] [com.apple.bluetooth:Server.LE.Scan] EN is not active - new retain dups value 0
2025-07-21 17:06:08.890 Df bluetoothd[154:454fc93] [com.apple.bluetooth:Server.LE.Scan] Received 'start UnspecifiedUnspecified SharingDefault SharingAirDrop scan' request  , without duplicates, duration:unlimited, on 1M PHY scan timing 30/300  scanLevel=3 from session "CBDaemon-0xCB2E0006"
2025-07-21 17:06:08.890 Df bluetoothd[154:454fc93] [com.apple.bluetooth:Server.LE.Scan] Waiting for scan state to settle before updating scan
2025-07-21 17:06:08.890 Df bluetoothd[154:454fc93] [com.apple.bluetooth:Server.LE.Scan] TryReadMatchAndADVBuffers reason:2 fMatchBufferExpectedEntries:0x255 fScreenState:On fMatchActionTableRulesCount:0 supportedADVBuffers:0 haveAnyHwObjectDiscoveryRequests:0 fADVBufferExpectedEntries:255 readInProgress[Wild]:0 readInProgress[NearOwner]:0 fMatchBufferReadInProgress:0
2025-07-21 17:06:08.894 Df bluetoothd[154:454fc93] [com.apple.bluetooth:Server.LE.Scan] Scanning stopped successfully.  10 Advertising Events, 0 dropped pkts
2025-07-21 17:06:08.895 Df bluetoothd[154:454fc93] [com.apple.bluetooth:Server.LE.Scan] Trying to remove scan filters with forceRemove=NO fHaveZoneFilters:NO fZoneScansHaveChanged:NO fHaveUUIDFilters:YES fHaveRuleFilters:YES
2025-07-21 17:06:08.914 Df bluetoothd[154:454fc93] [com.apple.bluetooth:Server.LE.Scan] Scan state change:  Stopping(4) --> Idle(1)
2025-07-21 17:06:08.914 Df bluetoothd[154:454fc93] [com.apple.bluetooth:Server.LE.Scan] handleScanStoppedEvent state=Idle observerState=Active
2025-07-21 17:06:08.914 Df bluetoothd[154:454fc93] [com.apple.bluetooth:Server.LE.Scan] ShouldScan=1 AnyValidScanRequests=1 anyValidScanRequestInPaused=0 fObserverState=Active ClientScanPowerAssertRequired=0 fScanFiltersNeedUpdagint=1
2025-07-21 17:06:08.914 Df bluetoothd[154:454fc93] [com.apple.bluetooth:Server.LE.Scan] updateADVBufferConfig current:00 new:00 configChanged:00
2025-07-21 17:06:08.914 Df bluetoothd[154:454fc93] [com.apple.bluetooth:Server.LE.Scan] state 32
2025-07-21 17:06:08.914 Df bluetoothd[154:454fc93] [com.apple.bluetooth:Server.LE.Scan] Findmy usecase "FindMyNotOptedIn" is asking for duplicates? No
2025-07-21 17:06:08.914 Df bluetoothd[154:454fc93] [com.apple.bluetooth:Server.LE.Scan] <private> allowDupes:0, agentAllowDupes:0, active:0
2025-07-21 17:06:08.914 Df bluetoothd[154:454fc93] [com.apple.bluetooth:Server.LE.Scan] <private> active 0
2025-07-21 17:06:08.914 Df bluetoothd[154:454fc93] [com.apple.bluetooth:Server.LE.Scan] state 32
2025-07-21 17:06:08.915 Df bluetoothd[154:454fc93] [com.apple.bluetooth:Server.LE.Scan] <private> allowDupes:0, agentAllowDupes:0, active:0
2025-07-21 17:06:08.915 Df bluetoothd[154:454fc93] [com.apple.bluetooth:Server.LE.Scan] <private> active 0
2025-07-21 17:06:08.915 Df bluetoothd[154:454fc93] [com.apple.bluetooth:Server.LE.Scan] state 32
2025-07-21 17:06:08.915 Df bluetoothd[154:454fc93] [com.apple.bluetooth:Server.LE.Scan] Findmy usecase "FindMyNotOptedIn" is asking for duplicates? No
2025-07-21 17:06:08.915 Df bluetoothd[154:454fc93] [com.apple.bluetooth:Server.LE.Scan] <private> allowDupes:0, agentAllowDupes:0, active:0
2025-07-21 17:06:08.915 Df bluetoothd[154:454fc93] [com.apple.bluetooth:Server.LE.Scan] <private> active 0
2025-07-21 17:06:08.915 Df bluetoothd[154:454fc93] [com.apple.bluetooth:Server.LE.Scan] state 32
2025-07-21 17:06:08.915 Df bluetoothd[154:454fc93] [com.apple.bluetooth:Server.LE.Scan] <private> allowDupes:0, agentAllowDupes:0, active:0
2025-07-21 17:06:08.915 Df bluetoothd[154:454fc93] [com.apple.bluetooth:Server.LE.Scan] <private> active 0
2025-07-21 17:06:08.915 Df bluetoothd[154:454fc93] [com.apple.bluetooth:Server.LE.Scan] ScanParams: numScanAgents 4, combined params AD:0 AS:0 MSL:3 (30/300) PSV:1
2025-07-21 17:06:08.915 Df bluetoothd[154:454fc93] [com.apple.bluetooth:Server.LE.Scan] ScanParams: [com.apple.locationd-central-139-0] AP:0 AD:0(30/300) AS:0 RAS:0 DMN:1 FG:0 ADVBF:0 pBT:0|[com.apple.bluetoothd-central-154-3] AP:0 AD:0(30/300) AS:0 RAS:0 DMN:1 FG:0 ADVBF:0 pBT:0|[com.apple.locationd-central-139-13] AP:0 AD:0(30/300) AS:0 RAS:0 DMN:1 FG:0 ADVBF:0 pBT:0
2025-07-21 17:06:08.915 Df bluetoothd[154:454fc93] [com.apple.bluetooth:Server.LE.Scan] ScanParams: [CBDaemon-0xCB2E0006] AP:0 AD:0(30/300) AS:0 RAS:0 DMN:1 FG:0 ADVBF:0 pBT:0
2025-07-21 17:06:08.915 Df bluetoothd[154:454fc93] [com.apple.bluetooth:Server.LE.Scan] Returning scan parameters: Main:30.00ms/300.00ms LP:0.00ms/300.00ms(supported) SC:0.00ms/50.00ms/non-concurrent(supported) Dm:(m:30/300) Cond:0:1:0 Sc:1 (passive) Dupfilter:Enabled minScanLevel:3 ENAssertion:N Pri:0/0
2025-07-21 17:06:08.915 Df bluetoothd[154:454fc93] [com.apple.bluetooth:Server.LE.Scan] needToRestart=1
2025-07-21 17:06:08.915 Df bluetoothd[154:454fc93] [com.apple.bluetooth:Server.LE.Scan] Starting passive scan (300.00ms/30.00ms) with duplicate filter enabled scNeed=1 stateO=0, retainDups=0 fScanFiltersNeedUpdating=YES
2025-07-21 17:06:08.990 Df bluetoothd[154:454fc93] [com.apple.bluetooth:Server.LE.Scan] ShouldScan=1 AnyValidScanRequests=1 anyValidScanRequestInPaused=0 fObserverState=Active ClientScanPowerAssertRequired=0 fScanFiltersNeedUpdagint=0
2025-07-21 17:06:08.990 Df bluetoothd[154:454fc93] [com.apple.bluetooth:Server.LE.Scan] updateADVBufferConfig current:00 new:00 configChanged:00
2025-07-21 17:06:08.990 Df bluetoothd[154:454fc93] [com.apple.bluetooth:Server.LE.Scan] state 32
2025-07-21 17:06:08.990 Df bluetoothd[154:454fc93] [com.apple.bluetooth:Server.LE.Scan] Findmy usecase "FindMyNotOptedIn" is asking for duplicates? No
2025-07-21 17:06:08.990 Df bluetoothd[154:454fc93] [com.apple.bluetooth:Server.LE.Scan] <private> allowDupes:0, agentAllowDupes:0, active:0
2025-07-21 17:06:08.990 Df bluetoothd[154:454fc93] [com.apple.bluetooth:Server.LE.Scan] <private> active 0
2025-07-21 17:06:08.990 Df bluetoothd[154:454fc93] [com.apple.bluetooth:Server.LE.Scan] state 32
2025-07-21 17:06:08.990 Df bluetoothd[154:454fc93] [com.apple.bluetooth:Server.LE.Scan] <private> allowDupes:0, agentAllowDupes:0, active:0
2025-07-21 17:06:08.990 Df bluetoothd[154:454fc93] [com.apple.bluetooth:Server.LE.Scan] <private> active 0
2025-07-21 17:06:08.990 Df bluetoothd[154:454fc93] [com.apple.bluetooth:Server.LE.Scan] state 32
2025-07-21 17:06:08.990 Df bluetoothd[154:454fc93] [com.apple.bluetooth:Server.LE.Scan] Findmy usecase "FindMyNotOptedIn" is asking for duplicates? No
2025-07-21 17:06:08.990 Df bluetoothd[154:454fc93] [com.apple.bluetooth:Server.LE.Scan] <private> allowDupes:0, agentAllowDupes:0, active:0
2025-07-21 17:06:08.990 Df bluetoothd[154:454fc93] [com.apple.bluetooth:Server.LE.Scan] <private> active 0
2025-07-21 17:06:08.990 Df bluetoothd[154:454fc93] [com.apple.bluetooth:Server.LE.Scan] state 32
2025-07-21 17:06:08.990 Df bluetoothd[154:454fc93] [com.apple.bluetooth:Server.LE.Scan] <private> allowDupes:0, agentAllowDupes:0, active:0
2025-07-21 17:06:08.990 Df bluetoothd[154:454fc93] [com.apple.bluetooth:Server.LE.Scan] <private> active 0
2025-07-21 17:06:08.990 Df bluetoothd[154:454fc93] [com.apple.bluetooth:Server.LE.Scan] ScanParams: numScanAgents 4, combined params AD:0 AS:0 MSL:3 (30/300) PSV:1
2025-07-21 17:06:08.990 Df bluetoothd[154:454fc93] [com.apple.bluetooth:Server.LE.Scan] ScanParams: [com.apple.locationd-central-139-0] AP:0 AD:0(30/300) AS:0 RAS:0 DMN:1 FG:0 ADVBF:0 pBT:0|[com.apple.bluetoothd-central-154-3] AP:0 AD:0(30/300) AS:0 RAS:0 DMN:1 FG:0 ADVBF:0 pBT:0|[com.apple.locationd-central-139-13] AP:0 AD:0(30/300) AS:0 RAS:0 DMN:1 FG:0 ADVBF:0 pBT:0
2025-07-21 17:06:08.990 Df bluetoothd[154:454fc93] [com.apple.bluetooth:Server.LE.Scan] ScanParams: [CBDaemon-0xCB2E0006] AP:0 AD:0(30/300) AS:0 RAS:0 DMN:1 FG:0 ADVBF:0 pBT:0
2025-07-21 17:06:08.991 Df bluetoothd[154:454fc93] [com.apple.bluetooth:Server.LE.Scan] Returning scan parameters: Main:30.00ms/300.00ms LP:0.00ms/300.00ms(supported) SC:0.00ms/50.00ms/non-concurrent(supported) Dm:(m:30/300) Cond:0:1:0 Sc:1 (passive) Dupfilter:Enabled minScanLevel:3 ENAssertion:N Pri:0/0
2025-07-21 17:06:08.991 Df bluetoothd[154:454fc93] [com.apple.bluetooth:Server.LE.Scan] needToRestart=1
2025-07-21 17:06:08.991 Df bluetoothd[154:454fc93] [com.apple.bluetooth:Server.LE.Scan] Starting passive scan (300.00ms/30.00ms) with duplicate filter enabled scNeed=0 stateO=0, retainDups=0 fScanFiltersNeedUpdating=NO
2025-07-21 17:06:08.991 Df bluetoothd[154:454fc93] [com.apple.bluetooth:Server.LE.Scan] overrideEnableGlobalDupFilter:1
2025-07-21 17:06:08.991 Df bluetoothd[154:454fc93] [com.apple.bluetooth:Server.LE.Scan] Scan state change:  Idle(1) --> Starting(2)
2025-07-21 17:06:08.991 Df bluetoothd[154:454fc93] [com.apple.bluetooth:Server.BTDaemon] <private>
2025-07-21 17:06:09.004 Df bluetoothd[154:454fc93] [com.apple.bluetooth:Server.LE.Scan] Scanning started successfully
2025-07-21 17:06:09.004 Df bluetoothd[154:454fc93] [com.apple.bluetooth:Server.LE.Scan] Scan state change:  Starting(2) --> Scanning(3)
2025-07-21 17:06:09.004 Df bluetoothd[154:454fc93] [com.apple.bluetooth:Server.LE.Scan] ShouldScan=1 AnyValidScanRequests=1 anyValidScanRequestInPaused=0 fObserverState=Active ClientScanPowerAssertRequired=0 fScanFiltersNeedUpdagint=0
2025-07-21 17:06:09.004 Df bluetoothd[154:454fc93] [com.apple.bluetooth:Server.LE.Scan] updateADVBufferConfig current:00 new:00 configChanged:00
2025-07-21 17:06:09.004 Df bluetoothd[154:454fc93] [com.apple.bluetooth:Server.LE.Scan] state 32
2025-07-21 17:06:09.004 Df bluetoothd[154:454fc93] [com.apple.bluetooth:Server.LE.Scan] Findmy usecase "FindMyNotOptedIn" is asking for duplicates? No
2025-07-21 17:06:09.004 Df bluetoothd[154:454fc93] [com.apple.bluetooth:Server.LE.Scan] <private> allowDupes:0, agentAllowDupes:0, active:0
2025-07-21 17:06:09.004 Df bluetoothd[154:454fc93] [com.apple.bluetooth:Server.LE.Scan] <private> active 0
2025-07-21 17:06:09.004 Df bluetoothd[154:454fc93] [com.apple.bluetooth:Server.LE.Scan] state 32
2025-07-21 17:06:09.004 Df bluetoothd[154:454fc93] [com.apple.bluetooth:Server.LE.Scan] <private> allowDupes:0, agentAllowDupes:0, active:0
2025-07-21 17:06:09.004 Df bluetoothd[154:454fc93] [com.apple.bluetooth:Server.LE.Scan] <private> active 0
2025-07-21 17:06:09.004 Df bluetoothd[154:454fc93] [com.apple.bluetooth:Server.LE.Scan] state 32
2025-07-21 17:06:09.004 Df bluetoothd[154:454fc93] [com.apple.bluetooth:Server.LE.Scan] Findmy usecase "FindMyNotOptedIn" is asking for duplicates? No
2025-07-21 17:06:09.004 Df bluetoothd[154:454fc93] [com.apple.bluetooth:Server.LE.Scan] <private> allowDupes:0, agentAllowDupes:0, active:0
2025-07-21 17:06:09.004 Df bluetoothd[154:454fc93] [com.apple.bluetooth:Server.LE.Scan] <private> active 0
2025-07-21 17:06:09.005 Df bluetoothd[154:454fc93] [com.apple.bluetooth:Server.LE.Scan] state 32
2025-07-21 17:06:09.005 Df bluetoothd[154:454fc93] [com.apple.bluetooth:Server.LE.Scan] <private> allowDupes:0, agentAllowDupes:0, active:0
2025-07-21 17:06:09.005 Df bluetoothd[154:454fc93] [com.apple.bluetooth:Server.LE.Scan] <private> active 0
2025-07-21 17:06:09.005 Df bluetoothd[154:454fc93] [com.apple.bluetooth:Server.LE.Scan] ScanParams: numScanAgents 4, combined params AD:0 AS:0 MSL:3 (30/300) PSV:1
2025-07-21 17:06:09.005 Df bluetoothd[154:454fc93] [com.apple.bluetooth:Server.LE.Scan] ScanParams: [com.apple.locationd-central-139-0] AP:0 AD:0(30/300) AS:0 RAS:0 DMN:1 FG:0 ADVBF:0 pBT:0|[com.apple.bluetoothd-central-154-3] AP:0 AD:0(30/300) AS:0 RAS:0 DMN:1 FG:0 ADVBF:0 pBT:0|[com.apple.locationd-central-139-13] AP:0 AD:0(30/300) AS:0 RAS:0 DMN:1 FG:0 ADVBF:0 pBT:0
2025-07-21 17:06:09.005 Df bluetoothd[154:454fc93] [com.apple.bluetooth:Server.LE.Scan] ScanParams: [CBDaemon-0xCB2E0006] AP:0 AD:0(30/300) AS:0 RAS:0 DMN:1 FG:0 ADVBF:0 pBT:0
2025-07-21 17:06:09.005 Df bluetoothd[154:454fc93] [com.apple.bluetooth:Server.LE.Scan] Returning scan parameters: Main:30.00ms/300.00ms LP:0.00ms/300.00ms(supported) SC:0.00ms/50.00ms/non-concurrent(supported) Dm:(m:30/300) Cond:0:1:0 Sc:1 (passive) Dupfilter:Enabled minScanLevel:3 ENAssertion:N Pri:0/0
2025-07-21 17:06:09.005 Df bluetoothd[154:454fc93] [com.apple.bluetooth:Server.LE.Scan] needToRestart=0
2025-07-21 17:06:09.023 Df sharingd[4170:4a85b] [com.apple.bluetooth:WirelessProximity] Nearby clear duplicate filter cache type 1
2025-07-21 17:06:09.024 Df bluetoothd[154:454f0e9] [com.apple.bluetooth:WirelessProximity] clear dup filter cache for process sharingd (4170) with scan request of type 16, blob: {length = 0, bytes = 0x}, mask {length = 0, bytes = 0x}, active: 0, duplicates: 0, screen on: No Scan, screen off: No Scan, locked: 1,  rssi: -90, peers: (
) nearby scan mode: 10, advbuf: 0, priority critical: 0, range: 0, usecases:
2025-07-21 17:06:09.024 Df bluetoothd[154:454f0e9] [com.apple.bluetooth:WirelessProximity] About to clearDuplicateFilterCache for type: 16
2025-07-21 17:06:09.024 Df bluetoothd[154:454fc93] [com.apple.bluetooth:Server.XPC] Received XPC message "CBMsgIdClearDuplicateFilterCache" from session "com.apple.bluetoothd-central-154-3"
2025-07-21 17:06:09.030 Df bluetoothd[154:454fc93] [com.apple.bluetooth:Server.App] clearDuplicateFilterCache for session "com.apple.bluetoothd" type 16
2025-07-21 17:06:09.074 Df bluetoothd[154:454fc93] [com.apple.bluetooth:CBDaemonServer] BLE Scanner Device Found: CBDevice DC41C4B4-EB4A-47B0-4FC8-173D225D2F8F, BDA 60:2B:A2:E3:FF:15, Nm 'Bluetooth Device', DsFl 0x40 < NearbyInfo >, DvF 0x40000000000 < Connectable >, RSSI -52, Ch 37, AdTsMC <1318761839466>, AMfD <4c 00 10 06 2f 1e 47 a8 0a de>, nbIAT <47 a8 0a>, nbIF 0x3C2 < Ranging AT Duet WiFiP2P HtSp >, CF 0x200000000 < RSSI >
2025-07-21 17:06:09.257 Df bluetoothd[154:454fc93] [com.apple.bluetooth:Server.Core] Le [0x44]: time  40, coex   0, rssi -37, tx [S=  0:F=  0], rx [S=  0:F=  0], 1M {rx 0, tx 0}, 2M {rx 0, tx 0}
2025-07-21 17:06:09.436 Df bluetoothd[154:454e48b] [com.apple.bluetooth:CBDaemonServer] Identities resolve added: Addr d2ca5fafb6f1, AT 2a9df4, CBDevice 6E227281-9968-3BC6-D7A7-3400823A917F, BDA D2:CA:5F:AF:B6:F1, Nm 'Kyle’s Mac mini', Md Mac14,12, IDS 93A8F1D1-F4E7-4ED9-AE72-B76FA705B1F1, stID 93A8F1D1-F4E7-4ED9-AE72-B76FA705B1F1, DsFl 0x800040 < NearbyInfo Pairing >, DvF 0x1B080 < SameAccount Hidden BLEPaired CloudPaired HIDGoodBehavior >, RSSI -85, Ch 38, CtInfo CBControllerInfo, BlSt Unknown, DcsS Unknown, Sync Status: Uploaded, FastLE v1, Allowed: yes, InqS Unknown, LMPv 0 (Unknown), SSrv: 0x392039 < HFP AVRCP A2DP HID Braille LEA AACP GATT SerialPort >, BTv 5.3, AdTsMC <1318762201300>, AMfD <4c 00 10 05 4d 1c 2a 9d f4>, nbIAT <2a 9d f4>, nbIF 0x1C1 < AirDrop AT Duet WiFiP2P >, CF 0xA40000040 < NearbyInfo BLEAdvertisementData RSSI DiscoveryFlags >, matches 1
2025-07-21 17:06:09.436 Df bluetoothd[154:454e48b] [com.apple.bluetooth:CBDaemonServer] BLE Scanner Device Found: CBDevice 6E227281-9968-3BC6-D7A7-3400823A917F, BDA D2:CA:5F:AF:B6:F1, Nm 'Kyle’s Mac mini', Md Mac14,12, IDS 93A8F1D1-F4E7-4ED9-AE72-B76FA705B1F1, stID 93A8F1D1-F4E7-4ED9-AE72-B76FA705B1F1, DsFl 0x800040 < NearbyInfo Pairing >, DvF 0x1B080 < SameAccount Hidden BLEPaired CloudPaired HIDGoodBehavior >, RSSI -85, Ch 38, CtInfo CBControllerInfo, BlSt Unknown, DcsS Unknown, Sync Status: Uploaded, FastLE v1, Allowed: yes, InqS Unknown, LMPv 0 (Unknown), SSrv: 0x392039 < HFP AVRCP A2DP HID Braille LEA AACP GATT SerialPort >, BTv 5.3, AdTsMC <1318762201300>, AMfD <4c 00 10 05 4d 1c 2a 9d f4>, nbIAT <2a 9d f4>, nbIF 0x1C1 < AirDrop AT Duet WiFiP2P >, CF 0xA40000040 < NearbyInfo BLEAdvertisementData RSSI DiscoveryFlags >
2025-07-21 17:06:09.491 Df bluetoothd[154:454e48b] [com.apple.bluetooth:Server.Core] Classic [0x10]: time   2, coex   0, rssi -43, tx [S=  0:F=  0], rx [S=  0:F=  0], Pkt Tx{0 0 0}{0 0 0}{0 0 0} Rx{0 0 0}{0 0 0}{0 0 0}
2025-07-21 17:06:09.491 Df bluetoothd[154:11d8] [com.apple.bluetooth:Server.Core] Desense: WLAN Status: ON, isWiFiAssociated: No, wiFiAssociatedBand2GHz: No, wiFiAssociatedBand5GHz: No
2025-07-21 17:06:09.549 Df bluetoothd[154:454fa0d] [com.apple.bluetooth:CBDaemonServer] Identities resolve added: Addr 6404f883e84d, AT 926f06, CBDevice C008F3D6-FC65-2AAD-F910-3A7B46987534, BDA 64:04:F8:83:E8:4D, Nm 'Kyle’s MacBook Air', Md Mac14,2, IDS 7F49F13D-F9C0-42EF-BA33-52EA8DE51D34, AcID kylemath@gmail.com, stID 7F49F13D-F9C0-42EF-BA33-52EA8DE51D34, DsFl 0x40 < NearbyInfo >, DvF 0x40000000080 < SameAccount Connectable >, RSSI -89, Ch 38, AdTsMC <1318762314102>, AMfD <4c 00 10 05 4c 1c 92 6f 06>, nbIAT <92 6f 06>, nbIF 0x1C1 < AirDrop AT Duet WiFiP2P >, CF 0x80A40000040 < NearbyInfo BLEAdvertisementData RSSI DiscoveryFlags Attributes >, matches 1
2025-07-21 17:06:09.549 Df bluetoothd[154:454fa0d] [com.apple.bluetooth:CBStackController] FastLEConnection:modifyDevice changed:0 cloudID:C008F3D6-FC65-2AAD-F910-3A7B46987534 deviceUUID:c008f3d6-fc65-2aad-f910-3a7b46987534 inDevice.controllerInfo.fastLEConnectionInfoVersion 0 data:NULL allowed:0
2025-07-21 17:06:09.549 Df bluetoothd[154:454fa0d] [com.apple.bluetooth:CBDaemonServer] BLE Scanner Device Found: CBDevice C008F3D6-FC65-2AAD-F910-3A7B46987534, BDA 64:04:F8:83:E8:4D, Nm 'Kyle’s MacBook Air', Md Mac14,2, IDS 7F49F13D-F9C0-42EF-BA33-52EA8DE51D34, AcID kylemath@gmail.com, stID 7F49F13D-F9C0-42EF-BA33-52EA8DE51D34, DsFl 0x40 < NearbyInfo >, DvF 0x40000000080 < SameAccount Connectable >, RSSI -89, Ch 38, AdTsMC <1318762314102>, AMfD <4c 00 10 05 4c 1c 92 6f 06>, nbIAT <92 6f 06>, nbIF 0x1C1 < AirDrop AT Duet WiFiP2P >, CF 0x80A40000040 < NearbyInfo BLEAdvertisementData RSSI DiscoveryFlags Attributes >
2025-07-21 17:06:09.661 Df bluetoothd[154:454fa0d] [com.apple.bluetooth:CBDaemonServer] BLE Scanner Device Found: CBDevice 897294C0-EA5C-A355-A37F-8E59E42833BF, BDA 51:F7:56:CB:2F:CC, Nm 'Bluetooth Device', DsFl 0x40 < NearbyInfo >, DvF 0x40000000000 < Connectable >, RSSI -71, Ch 39, AdTsMC <1318762426605>, AMfD <4c 00 10 02 03 00>, CF 0x200000000 < RSSI >
2025-07-21 17:06:09.912 Df bluetoothd[154:454fc93] [com.apple.bluetooth:CBDaemonServer] BLE Scanner Device Found: CBDevice 4A883DDD-64B3-BF51-8DE5-73F1320D1B1D, BDA CC:5F:8D:DE:93:75, Nm 'Bluetooth Device', DsFl 0x20000000000 < ObjectDiscoveryNearOwner >, DvF 0x40000000000 < Connectable >, RSSI -93, Ch 37, AdTsMC <1318762677947>, AMfD <4c 00 12 02 00 01>, odBS High, odMd NearOwner, odNO 4c5f8dde9375, odPI ApGn, odPK NULL, CF 0xA0A40000000 < BLEAdvertisementData RSSI DiscoveryFlags ObjectDiscoveryNearOwner Attributes >
2025-07-21 17:06:10.257 Df bluetoothd[154:454fa0d] [com.apple.bluetooth:Server.Core] Le [0x44]: time  40, coex   0, rssi -38, tx [S=  0:F=  0], rx [S=  0:F=  0], 1M {rx 0, tx 0}, 2M {rx 0, tx 0}
2025-07-21 17:06:10.494 Df bluetoothd[154:454fa0d] [com.apple.bluetooth:Server.Core] Classic [0x10]: time   2, coex   0, rssi -43, tx [S=  0:F=  0], rx [S=  0:F=  0], Pkt Tx{0 0 0}{0 0 0}{0 0 0} Rx{0 0 0}{0 0 0}{0 0 0}
2025-07-21 17:06:10.494 Df bluetoothd[154:11d8] [com.apple.bluetooth:Server.Core] Desense: WLAN Status: ON, isWiFiAssociated: No, wiFiAssociatedBand2GHz: No, wiFiAssociatedBand5GHz: No
2025-07-21 17:06:10.495 Df bluetoothd[154:454fa0d] [com.apple.bluetooth:Server.MacCoex] Desense Detection: Current Minimum NF Value for Core0 is -113 and Core1 is -111, current state is Off, current number of connected USBs is 2 and USB Detected is True
2025-07-21 17:06:11.046 Df bluetoothd[154:454fa0d] [com.apple.bluetooth:Server.MacCoex] Adding LE Connection <private>
2025-07-21 17:06:11.046 Df bluetoothd[154:454fa0d] [com.apple.bluetooth:Server.MacCoex] Posting Bluetooth Status Notification <private>
2025-07-21 17:06:11.258 Df bluetoothd[154:454fa0d] [com.apple.bluetooth:Server.Core] Le [0x44]: time  40, coex   0, rssi -38, tx [S=  0:F=  0], rx [S=  0:F=  0], 1M {rx 0, tx 0}, 2M {rx 0, tx 0}
2025-07-21 17:06:11.497 Df bluetoothd[154:454fa0d] [com.apple.bluetooth:Server.Core] Classic [0x10]: time   2, coex   0, rssi -43, tx [S=  0:F=  0], rx [S=  0:F=  0], Pkt Tx{0 0 0}{0 0 0}{0 0 0} Rx{0 0 0}{0 0 0}{0 0 0}
2025-07-21 17:06:11.497 Df bluetoothd[154:11d8] [com.apple.bluetooth:Server.Core] Desense: WLAN Status: ON, isWiFiAssociated: No, wiFiAssociatedBand2GHz: No, wiFiAssociatedBand5GHz: No
2025-07-21 17:06:11.498 Df bluetoothd[154:454fa0d] [com.apple.bluetooth:Server.MacCoex] Desense Detection: Current Minimum NF Value for Core0 is -113 and Core1 is -111, current state is Off, current number of connected USBs is 2 and USB Detected is True
2025-07-21 17:06:12.259 Df bluetoothd[154:454fa0d] [com.apple.bluetooth:Server.Core] Le [0x44]: time  40, coex   0, rssi -37, tx [S=  0:F=  0], rx [S=  0:F=  0], 1M {rx 0, tx 0}, 2M {rx 0, tx 0}
2025-07-21 17:06:12.328 Df bluetoothd[154:454e48b] [com.apple.bluetooth:CBDaemonServer] BLE Scanner Device Found: CBDevice BE0B8A43-8DEA-C6D8-B5A9-6C15463BC288, BDA 4C:7D:A5:82:98:74, Nm 'Kyle’s Mac mini', Md Mac14,12, IDS 93A8F1D1-F4E7-4ED9-AE72-B76FA705B1F1, AcID kylemath@gmail.com, stID 93A8F1D1-F4E7-4ED9-AE72-B76FA705B1F1, DsFl 0x8000000000 < AirPlayTarget >, DsTy <NearbyInfoV2, MiLo>, DvF 0x40000000080 < SameAccount Connectable >, RSSI -89, Ch 39, AdTsMC <1318765094254>, AMfD <4c 00 09 08 13 02 c0 a8 56 47 1b 58 16 08 00 c8 10 78 6a 1e 40 0b>, apTC 2, apTF 0x13 < SupportsAWDLSolo SupportsMediaControl HasPort >, apTI 192.168.86.71, apTP 7000, nb2Fe 0x4 < MiLo >, nb2A <10 78 6a>, nb2Ai <1e 40 0b>, CF 0x200000000 < RSSI >
2025-07-21 17:06:12.497 Df bluetoothd[154:454e48b] [com.apple.bluetooth:Server.Core] Classic [0x10]: time   2, coex   0, rssi -43, tx [S=  0:F=  0], rx [S=  0:F=  0], Pkt Tx{0 0 0}{0 0 0}{0 0 0} Rx{0 0 0}{0 0 0}{0 0 0}
2025-07-21 17:06:12.497 Df bluetoothd[154:11d8] [com.apple.bluetooth:Server.Core] Desense: WLAN Status: ON, isWiFiAssociated: No, wiFiAssociatedBand2GHz: No, wiFiAssociatedBand5GHz: No
2025-07-21 17:06:13.259 Df bluetoothd[154:454e48b] [com.apple.bluetooth:Server.Core] Le [0x44]: time  40, coex   0, rssi -37, tx [S=  0:F=  0], rx [S=  0:F=  0], 1M {rx 0, tx 0}, 2M {rx 0, tx 0}
2025-07-21 17:06:13.266 Df identityservicesd[4146:4a76e] [com.apple.bluetooth:WirelessProximity] Continuity start advertising with data: advertising request of type 12, priority 7, UseFG 48 (30.00 ms), data {length = 14, bytes = 0x08701d7fe9c177e25ae83c30aa28}, connectable 1, addr change 1, options {
}, advertisementRequestedAt 0
2025-07-21 17:06:13.266 Df bluetoothd[154:454e48b] [com.apple.bluetooth:WirelessProximity] Start advertising for process identityservicesd (4146) of type 12 with advertising interval 48 (30.00 ms)
2025-07-21 17:06:13.266 Df bluetoothd[154:454e48b] [com.apple.bluetooth:WirelessProximity] Setting advert timer for client 12 with time 2.00
2025-07-21 17:06:13.266 Df bluetoothd[154:454e48b] [com.apple.bluetooth:WirelessProximity] [Privacy] removeAdvertisingRequest: 12, <private>
2025-07-21 17:06:13.266 Df bluetoothd[154:454e48b] [com.apple.bluetooth:WirelessProximity] Adding data of type: 9, advData: {length = 8, bytes = 0x132ec0a801411b58} advInterval: 290 EPA:0
2025-07-21 17:06:13.266 Df bluetoothd[154:454e48b] [com.apple.bluetooth:WirelessProximity] Current advertisement packet: {length = 10, bytes = 0x0908132ec0a801411b58} advertRate: 290 EPA:0
2025-07-21 17:06:13.267 Df bluetoothd[154:454e48b] [com.apple.bluetooth:WirelessProximity] Adding data of type: 12, advData: {length = 14, bytes = 0x08701d7fe9c177e25ae83c30aa28} advInterval: 48 EPA:0
2025-07-21 17:06:13.267 Df bluetoothd[154:454e48b] [com.apple.bluetooth:WirelessProximity] Current advertisement packet: {length = 16, bytes = 0x0c0e08701d7fe9c177e25ae83c30aa28} advertRate: 48 EPA:0
2025-07-21 17:06:13.267 Df bluetoothd[154:454e48b] [com.apple.bluetooth:WirelessProximity] Adding data of type: 16, advData: {length = 6, bytes = 0x4b1d3a805f58} advInterval: 432 EPA:0
2025-07-21 17:06:13.267 Df bluetoothd[154:454e48b] [com.apple.bluetooth:WirelessProximity] Current advertisement packet: {length = 24, bytes = 0x0c0e08701d7fe9c177e25ae83c30aa2810064b1d3a805f58} advertRate: 48 EPA:0
2025-07-21 17:06:13.267 Df bluetoothd[154:454e48b] [com.apple.bluetooth:WirelessProximity] Adding data of type: 22, advData: {length = 8, bytes = 0x0095ed5ad776ba42} advInterval: 290 EPA:0
2025-07-21 17:06:13.267 Df bluetoothd[154:454e48b] [com.apple.bluetooth:WirelessProximity] Current advertisement packet: {length = 20, bytes = 0x0908132ec0a801411b5816080095ed5ad776ba42} advertRate: 290 EPA:0
2025-07-21 17:06:13.267 Df bluetoothd[154:454e48b] [com.apple.bluetooth:WirelessProximity] [Privacy] AdvertisingRulesiOS: current connectable advertisers: <private>, current clients for address change notification: <private>
2025-07-21 17:06:13.267 Df bluetoothd[154:454e48b] [com.apple.bluetooth:WirelessProximity] [Privacy] AdvertisingRulesiOS: remaining connectable advertisers: <private>, notification clients: <private>
2025-07-21 17:06:13.267 Df bluetoothd[154:454e48b] [com.apple.bluetooth:WirelessProximity] [Privacy] AdvertisingRulesiOS: current non-connectable advertisers: <private>, current clients for address change notification: <private>
2025-07-21 17:06:13.267 Df bluetoothd[154:454e48b] [com.apple.bluetooth:WirelessProximity] [Privacy] AdvertisingRulesiOS: remaining non-connectable advertisers: <private>, notification clients: <private>
2025-07-21 17:06:13.267 Df bluetoothd[154:454e48b] [com.apple.bluetooth:WirelessProximity] AdvertisingRulesiOS - current advertisers: 9 12 16 22
2025-07-21 17:06:13.267 Df bluetoothd[154:454e48b] [com.apple.bluetooth:WirelessProximity] [Privacy] AdvertisingRulesiOS: AddrChangeNotificationNeeded adv packet:  <private>
2025-07-21 17:06:13.267 Df bluetoothd[154:454e48b] [com.apple.bluetooth:WirelessProximity] [Privacy] AdvertisingRulesiOS: AddrChangeNotificationNeeded adv packet:  <private>
2025-07-21 17:06:13.267 Df bluetoothd[154:454e48b] [com.apple.bluetooth:WirelessProximity] AdvertisingRulesiOS - advertising packets: (
        {
        kCBAdvDataAppleMfgData = {length = 28, bytes = 0x1bff4c00 0c0e0870 1d7fe9c1 77e25ae8 ... 10064b1d 3a805f58 };
        kCBAdvDataIsConnectable = 1;
        kCBAdvOptionAdvertisingInterval = 48;
        kCBAdvOptionStopOnAdvertisingAddressChange = 1;
        kCBManagerListOfClients =         (
            "com.apple.identityservicesd",
            "com.apple.sharingd"
        );
        kCBMsgArgIsPrivilegedDaemon = 1;
    },
        {
        kCBAdvDataAppleMfgData = {length = 24, bytes = 0x17ff4c000908132ec0a801411b5816080095ed5ad776ba42};
        kCBAdvDataIsConnectable = 0;
        kCBAdvOptionAdvertisingInterval = 290;
        kCBAdvOptionStopOnAdvertisingAddressChange = 1;
        kCBMsgArgIsPrivilegedDaemon = 1;
    }
)
2025-07-21 17:06:13.267 Df bluetoothd[154:454e48b] [com.apple.bluetooth:WirelessProximity] Requesting to start advertising for clients 9 12 16 22  with (
        {
        kCBAdvDataAppleMfgData = {length = 28, bytes = 0x1bff4c00 0c0e0870 1d7fe9c1 77e25ae8 ... 10064b1d 3a805f58 };
        kCBAdvDataIsConnectable = 1;
        kCBAdvOptionAdvertisingInterval = 48;
        kCBAdvOptionStopOnAdvertisingAddressChange = 1;
        kCBManagerListOfClients =         (
            "com.apple.identityservicesd",
            "com.apple.sharingd"
        );
        kCBMsgArgIsPrivilegedDaemon = 1;
    },
        {
        kCBAdvDataAppleMfgData = {length = 24, bytes = 0x17ff4c000908132ec0a801411b5816080095ed5ad776ba42};
        kCBAdvDataIsConnectable = 0;
        kCBAdvOptionAdvertisingInterval = 290;
        kCBAdvOptionStopOnAdvertisingAddressChange = 1;
        kCBMsgArgIsPrivilegedDaemon = 1;
    }
)
2025-07-21 17:06:13.267 Df bluetoothd[154:454fa0d] [com.apple.bluetooth:Server.XPC] Received XPC message "CBMsgIdStopAdvertising" from session "com.apple.bluetoothd-peripheral-154-4"
2025-07-21 17:06:13.267 Df bluetoothd[154:454fa0d] [com.apple.bluetooth:Server.LE.Advertise] Received 'stop advertising' request from session "com.apple.bluetoothd-peripheral-154-4"
2025-07-21 17:06:13.267 Df bluetoothd[154:454fa0d] [com.apple.bluetooth:Server.Core] BT Stats for metric '<private>' sent to CoreAnalytics with result 0
2025-07-21 17:06:13.267 Df bluetoothd[154:454fa0d] [com.apple.bluetooth:Server.Core] BT Stats for metric '<private>' sent to CoreAnalytics with result 0
2025-07-21 17:06:13.267 Df bluetoothd[154:454fa0d] [com.apple.bluetooth:Server.XPC] Received XPC message "CBMsgIdStopAdvertising" from session "com.apple.bluetoothd-peripheral-154-5"
2025-07-21 17:06:13.267 Df bluetoothd[154:454e48b] [com.apple.bluetooth:Server.LE.Advertise] background advertising sessions:AppleMFG:0 Extended:0
2025-07-21 17:06:13.267 Df bluetoothd[154:454f0e9] [com.apple.bluetooth:WirelessProximity] [Privacy] Did stop advertising with error: (null)
2025-07-21 17:06:13.267 Df bluetoothd[154:454e48b] [com.apple.bluetooth:Stack.LE]  StopAdvertising tech=1
2025-07-21 17:06:13.267 Df bluetoothd[154:454e48b] [com.apple.bluetooth:Stack.LE]  Address rotation in progress:NO
2025-07-21 17:06:13.267 Df bluetoothd[154:454e48b] [com.apple.bluetooth:Server.LE.Advertise] Advertising state change:  Advertising(2) --> Stopping(3) stack:ON
2025-07-21 17:06:13.267 Df bluetoothd[154:454fa0d] [com.apple.bluetooth:Server.LE.Advertise] Received 'stop advertising' request from session "com.apple.bluetoothd-peripheral-154-5"
2025-07-21 17:06:13.267 Df bluetoothd[154:454fa0d] [com.apple.bluetooth:Server.Core] BT Stats for metric '<private>' sent to CoreAnalytics with result 0
2025-07-21 17:06:13.267 Df bluetoothd[154:454fa0d] [com.apple.bluetooth:Server.XPC] Received XPC message "CBMsgIdStartAdvertising" from session "com.apple.bluetoothd-peripheral-154-4"
2025-07-21 17:06:13.267 Df bluetoothd[154:454f0e9] [com.apple.bluetooth:WirelessProximity] [Privacy] Did stop advertising with error: (null)
2025-07-21 17:06:13.267 Df bluetoothd[154:454fa0d] [com.apple.bluetooth:Server.XPC] Setting client list to <private>
2025-07-21 17:06:13.267 Df bluetoothd[154:454fa0d] [com.apple.bluetooth:Server.LE.Advertise] Received 'start advertising' request from session "com.apple.bluetoothd-peripheral-154-4", with manufacturer data [ 1B FF 4C 00 0C 0E 08 70 1D 7F E9 C1 77 E2 5A E8 3C 30 AA 28 10 06 4B 1D 3A 80 5F 58 ], interval 30, no name
2025-07-21 17:06:13.267 Df bluetoothd[154:454fa0d] [com.apple.bluetooth:Server.LE.Advertise] Calling updateAdvertisement
2025-07-21 17:06:13.268 Df bluetoothd[154:454fa0d] [com.apple.bluetooth:Server.XPC] Received XPC message "CBMsgIdStartAdvertising" from session "com.apple.bluetoothd-peripheral-154-5"
2025-07-21 17:06:13.268 Df bluetoothd[154:454fa0d] [com.apple.bluetooth:Server.XPC] Setting client list to <private>
2025-07-21 17:06:13.268 Df bluetoothd[154:454e48b] [com.apple.bluetooth:WirelessProximity] Started to advertise for type 9 with error (null)
2025-07-21 17:06:13.268 Df bluetoothd[154:454fa0d] [com.apple.bluetooth:Server.LE.Advertise] Received 'start advertising' request from session "com.apple.bluetoothd-peripheral-154-5", with manufacturer data [ 17 FF 4C 00 09 08 13 2E C0 A8 01 41 1B 58 16 08 00 95 ED 5A D7 76 BA 42 ], interval 122, no name
2025-07-21 17:06:13.268 Df bluetoothd[154:454e48b] [com.apple.bluetooth:WirelessProximity] Started to advertise for type 12 with error (null)
2025-07-21 17:06:13.268 Df bluetoothd[154:454fa0d] [com.apple.bluetooth:Server.LE.Advertise] Calling updateAdvertisement
2025-07-21 17:06:13.268 Df bluetoothd[154:454e48b] [com.apple.bluetooth:WirelessProximity] Advertising started for client <private> (4146) of type 12
2025-07-21 17:06:13.268 Df bluetoothd[154:454e48b] [com.apple.bluetooth:WirelessProximity] Started to advertise for type 16 with error (null)
2025-07-21 17:06:13.268 Df bluetoothd[154:454e48b] [com.apple.bluetooth:WirelessProximity] Advertising started for client <private> (4170) of type 16
2025-07-21 17:06:13.268 Df bluetoothd[154:454e48b] [com.apple.bluetooth:WirelessProximity] Started to advertise for type 22 with error (null)
2025-07-21 17:06:13.271 Df bluetoothd[154:11d8] [com.apple.bluetooth:Stack.LE]  Address rotation in progress:NO
2025-07-21 17:06:13.272 Df bluetoothd[154:454f0e9] [com.apple.bluetooth:Server.LE.Advertise] Stopped advertising successfully status=0
2025-07-21 17:06:13.272 Df bluetoothd[154:454f0e9] [com.apple.bluetooth:Server.LE.Advertise] Advertising state change:  Stopping(3) --> Idle(0) stack:ON
2025-07-21 17:06:13.272 Df bluetoothd[154:454f0e9] [com.apple.bluetooth:Server.LE.Advertise] background advertising sessions:AppleMFG:0 Extended:0
2025-07-21 17:06:13.272 Df bluetoothd[154:454f0e9] [com.apple.bluetooth:Stack.LE]  StartAdvertising tech=1 handle=0
2025-07-21 17:06:13.272 Df bluetoothd[154:454f0e9] [com.apple.bluetooth:Stack.LE]  Address rotation in progress:NO
2025-07-21 17:06:13.272 Df bluetoothd[154:454f0e9] [com.apple.bluetooth:Server.LE.Advertise] Advertising state change:  Idle(0) --> Starting(1) stack:ON
2025-07-21 17:06:13.284 Df bluetoothd[154:11d8] [com.apple.bluetooth:Stack.LE]  Address rotation in progress:NO
2025-07-21 17:06:13.285 Df bluetoothd[154:11d8] [com.apple.bluetooth:Stack.LE]  StartAdvertising tech=1 handle=2
2025-07-21 17:06:13.285 Df bluetoothd[154:11d8] [com.apple.bluetooth:Stack.LE]  Address rotation in progress:NO
2025-07-21 17:06:13.297 Df bluetoothd[154:11d8] [com.apple.bluetooth:Stack.LE]  Address rotation in progress:NO
2025-07-21 17:06:13.297 Df bluetoothd[154:11d8] [com.apple.bluetooth:Stack.LE]  StartAdvertising tech=1 handle=3
2025-07-21 17:06:13.297 Df bluetoothd[154:11d8] [com.apple.bluetooth:Stack.LE]  Address rotation in progress:NO
2025-07-21 17:06:13.311 Df bluetoothd[154:11d8] [com.apple.bluetooth:Stack.LE]  Address rotation in progress:NO
2025-07-21 17:06:13.311 Df bluetoothd[154:11d8] [com.apple.bluetooth:Stack.LE]  StartAdvertising tech=1 handle=4
2025-07-21 17:06:13.311 Df bluetoothd[154:11d8] [com.apple.bluetooth:Stack.LE]  Address rotation in progress:NO
2025-07-21 17:06:13.323 Df bluetoothd[154:11d8] [com.apple.bluetooth:Stack.LE]  Address rotation in progress:NO
2025-07-21 17:06:13.323 Df bluetoothd[154:454f0e9] [com.apple.bluetooth:Server.LE.Advertise] Started advertising successfully status=0
2025-07-21 17:06:13.323 Df bluetoothd[154:454f0e9] [com.apple.bluetooth:Server.LE.Advertise] Advertising state change:  Starting(1) --> Advertising(2) stack:ON
2025-07-21 17:06:13.323 Df bluetoothd[154:454f0e9] [com.apple.bluetooth:Server.LE.Advertise] background advertising sessions:AppleMFG:0 Extended:0
2025-07-21 17:06:13.471 Df bluetoothd[154:454e48a] [com.apple.bluetooth:Server.LE.Advertise] background advertising sessions:AppleMFG:0 Extended:0
2025-07-21 17:06:13.500 Df bluetoothd[154:11d8] [com.apple.bluetooth:Server.Core] Desense: WLAN Status: ON, isWiFiAssociated: No, wiFiAssociatedBand2GHz: No, wiFiAssociatedBand5GHz: No
2025-07-21 17:06:13.500 Df bluetoothd[154:454e48a] [com.apple.bluetooth:Server.Core] Classic [0x10]: time   3, coex   0, rssi -43, tx [S=  0:F=  0], rx [S=  0:F=  0], Pkt Tx{0 0 0}{0 0 0}{0 0 0} Rx{0 0 0}{0 0 0}{0 0 0}
2025-07-21 17:06:13.501 Df bluetoothd[154:454e48a] [com.apple.bluetooth:Server.MacCoex] Desense Detection: Current Minimum NF Value for Core0 is -113 and Core1 is -111, current state is Off, current number of connected USBs is 2 and USB Detected is True
2025-07-21 17:06:14.259 Df bluetoothd[154:454f0e9] [com.apple.bluetooth:Server.Core] Le [0x44]: time  40, coex   0, rssi -37, tx [S=  0:F=  0], rx [S=  0:F=  0], 1M {rx 0, tx 0}, 2M {rx 0, tx 0}
2025-07-21 17:06:14.500 Df bluetoothd[154:454f0e9] [com.apple.bluetooth:Server.Core] Classic [0x10]: time   2, coex   0, rssi -43, tx [S=  0:F=  0], rx [S=  0:F=  0], Pkt Tx{0 0 0}{0 0 0}{0 0 0} Rx{0 0 0}{0 0 0}{0 0 0}
2025-07-21 17:06:14.500 Df bluetoothd[154:11d8] [com.apple.bluetooth:Server.Core] Desense: WLAN Status: ON, isWiFiAssociated: No, wiFiAssociatedBand2GHz: No, wiFiAssociatedBand5GHz: No
2025-07-21 17:06:14.534 Df bluetoothd[154:454e48a] [com.apple.bluetooth:CBDaemonServer] Identities resolve added: Addr 4242ea4afef1, AT 2a9df4, CBDevice FD8437A8-5646-E4A6-5E4A-ACCC6BAD52B4, BDA 42:42:EA:4A:FE:F1, Nm 'Kyle’s Mac mini', Md Mac14,12, IDS 93A8F1D1-F4E7-4ED9-AE72-B76FA705B1F1, AcID kylemath@gmail.com, stID 93A8F1D1-F4E7-4ED9-AE72-B76FA705B1F1, DsFl 0x40 < NearbyInfo >, DvF 0x40000000080 < SameAccount Connectable >, RSSI -80, Ch 37, AdTsMC <1318767299577>, AMfD <4c 00 10 05 4d 1c 2a 9d f4>, nbIAT <2a 9d f4>, nbIF 0x1C1 < AirDrop AT Duet WiFiP2P >, CF 0x80A40000040 < NearbyInfo BLEAdvertisementData RSSI DiscoveryFlags Attributes >, matches 1
2025-07-21 17:06:14.534 Df bluetoothd[154:454e48a] [com.apple.bluetooth:CBStackController] FastLEConnection:modifyDevice changed:0 cloudID:FD8437A8-5646-E4A6-5E4A-ACCC6BAD52B4 deviceUUID:fd8437a8-5646-e4a6-5e4a-accc6bad52b4 inDevice.controllerInfo.fastLEConnectionInfoVersion 0 data:NULL allowed:0
2025-07-21 17:06:14.534 Df bluetoothd[154:454e48a] [com.apple.bluetooth:CBDaemonServer] BLE Scanner Device Found: CBDevice FD8437A8-5646-E4A6-5E4A-ACCC6BAD52B4, BDA 42:42:EA:4A:FE:F1, Nm 'Kyle’s Mac mini', Md Mac14,12, IDS 93A8F1D1-F4E7-4ED9-AE72-B76FA705B1F1, AcID kylemath@gmail.com, stID 93A8F1D1-F4E7-4ED9-AE72-B76FA705B1F1, DsFl 0x40 < NearbyInfo >, DvF 0x40000000080 < SameAccount Connectable >, RSSI -80, Ch 37, AdTsMC <1318767299577>, AMfD <4c 00 10 05 4d 1c 2a 9d f4>, nbIAT <2a 9d f4>, nbIF 0x1C1 < AirDrop AT Duet WiFiP2P >, CF 0x80A40000040 < NearbyInfo BLEAdvertisementData RSSI DiscoveryFlags Attributes >
2025-07-21 17:06:15.259 Df bluetoothd[154:454fa0d] [com.apple.bluetooth:Server.Core] Le [0x44]: time  40, coex   0, rssi -37, tx [S=  0:F=  0], rx [S=  0:F=  0], 1M {rx 0, tx 0}, 2M {rx 0, tx 0}
2025-07-21 17:06:15.267 Df bluetoothd[154:454fa0d] [com.apple.bluetooth:WirelessProximity] Advert timer expired for client 12 after 2.00 seconds
2025-07-21 17:06:15.268 Df identityservicesd[4146:4a76e] [com.apple.bluetooth:WirelessProximity] Continuity update advertising with data: advertising request of type 12, priority 7, UseFG 290 (181.25 ms), data {length = 14, bytes = 0x08701d7fe9c177e25ae83c30aa28}, connectable 1, addr change 1, options {
}, advertisementRequestedAt 0
2025-07-21 17:06:15.268 Df bluetoothd[154:454fa0d] [com.apple.bluetooth:WirelessProximity] Updating advert request for client 12 after 2.00 seconds
2025-07-21 17:06:15.268 Df bluetoothd[154:454fa0d] [com.apple.bluetooth:WirelessProximity] Start advertising for process identityservicesd (4146) of type 12 with advertising interval 290 (181.25 ms)
2025-07-21 17:06:15.268 Df bluetoothd[154:454fa0d] [com.apple.bluetooth:WirelessProximity] [Privacy] removeAdvertisingRequest: 12, <private>
2025-07-21 17:06:15.268 Df bluetoothd[154:454fa0d] [com.apple.bluetooth:WirelessProximity] Adding data of type: 9, advData: {length = 8, bytes = 0x132ec0a801411b58} advInterval: 290 EPA:0
2025-07-21 17:06:15.268 Df bluetoothd[154:454fa0d] [com.apple.bluetooth:WirelessProximity] Current advertisement packet: {length = 10, bytes = 0x0908132ec0a801411b58} advertRate: 290 EPA:0
2025-07-21 17:06:15.268 Df bluetoothd[154:454fa0d] [com.apple.bluetooth:WirelessProximity] Adding data of type: 12, advData: {length = 14, bytes = 0x08701d7fe9c177e25ae83c30aa28} advInterval: 290 EPA:0
2025-07-21 17:06:15.268 Df bluetoothd[154:454fa0d] [com.apple.bluetooth:WirelessProximity] Current advertisement packet: {length = 16, bytes = 0x0c0e08701d7fe9c177e25ae83c30aa28} advertRate: 290 EPA:0
2025-07-21 17:06:15.268 Df bluetoothd[154:454fa0d] [com.apple.bluetooth:WirelessProximity] Adding data of type: 16, advData: {length = 6, bytes = 0x4b1d3a805f58} advInterval: 432 EPA:0
2025-07-21 17:06:15.268 Df bluetoothd[154:454fa0d] [com.apple.bluetooth:WirelessProximity] Current advertisement packet: {length = 24, bytes = 0x0c0e08701d7fe9c177e25ae83c30aa2810064b1d3a805f58} advertRate: 290 EPA:0
2025-07-21 17:06:15.268 Df bluetoothd[154:454fa0d] [com.apple.bluetooth:WirelessProximity] Adding data of type: 22, advData: {length = 8, bytes = 0x0095ed5ad776ba42} advInterval: 290 EPA:0
2025-07-21 17:06:15.268 Df bluetoothd[154:454fa0d] [com.apple.bluetooth:WirelessProximity] Current advertisement packet: {length = 20, bytes = 0x0908132ec0a801411b5816080095ed5ad776ba42} advertRate: 290 EPA:0
2025-07-21 17:06:15.268 Df bluetoothd[154:454fa0d] [com.apple.bluetooth:WirelessProximity] [Privacy] AdvertisingRulesiOS: current connectable advertisers: <private>, current clients for address change notification: <private>
2025-07-21 17:06:15.268 Df bluetoothd[154:454fa0d] [com.apple.bluetooth:WirelessProximity] [Privacy] AdvertisingRulesiOS: remaining connectable advertisers: <private>, notification clients: <private>
2025-07-21 17:06:15.269 Df bluetoothd[154:454fa0d] [com.apple.bluetooth:WirelessProximity] [Privacy] AdvertisingRulesiOS: current non-connectable advertisers: <private>, current clients for address change notification: <private>
2025-07-21 17:06:15.269 Df bluetoothd[154:454fa0d] [com.apple.bluetooth:WirelessProximity] [Privacy] AdvertisingRulesiOS: remaining non-connectable advertisers: <private>, notification clients: <private>
2025-07-21 17:06:15.269 Df bluetoothd[154:454fa0d] [com.apple.bluetooth:WirelessProximity] AdvertisingRulesiOS - current advertisers: 9 12 16 22
2025-07-21 17:06:15.269 Df bluetoothd[154:454fa0d] [com.apple.bluetooth:WirelessProximity] [Privacy] AdvertisingRulesiOS: AddrChangeNotificationNeeded adv packet:  <private>
2025-07-21 17:06:15.269 Df bluetoothd[154:454fa0d] [com.apple.bluetooth:WirelessProximity] [Privacy] AdvertisingRulesiOS: AddrChangeNotificationNeeded adv packet:  <private>
2025-07-21 17:06:15.269 Df bluetoothd[154:454fa0d] [com.apple.bluetooth:WirelessProximity] AdvertisingRulesiOS - advertising packets: (
        {
        kCBAdvDataAppleMfgData = {length = 28, bytes = 0x1bff4c00 0c0e0870 1d7fe9c1 77e25ae8 ... 10064b1d 3a805f58 };
        kCBAdvDataIsConnectable = 1;
        kCBAdvOptionAdvertisingInterval = 290;
        kCBAdvOptionStopOnAdvertisingAddressChange = 1;
        kCBManagerListOfClients =         (
            "com.apple.identityservicesd",
            "com.apple.sharingd"
        );
        kCBMsgArgIsPrivilegedDaemon = 1;
    },
        {
        kCBAdvDataAppleMfgData = {length = 24, bytes = 0x17ff4c000908132ec0a801411b5816080095ed5ad776ba42};
        kCBAdvDataIsConnectable = 0;
        kCBAdvOptionAdvertisingInterval = 290;
        kCBAdvOptionStopOnAdvertisingAddressChange = 1;
        kCBMsgArgIsPrivilegedDaemon = 1;
    }
)
2025-07-21 17:06:15.269 Df bluetoothd[154:454fa0d] [com.apple.bluetooth:WirelessProximity] Requesting to start advertising for clients 9 12 16 22  with (
        {
        kCBAdvDataAppleMfgData = {length = 28, bytes = 0x1bff4c00 0c0e0870 1d7fe9c1 77e25ae8 ... 10064b1d 3a805f58 };
        kCBAdvDataIsConnectable = 1;
        kCBAdvOptionAdvertisingInterval = 290;
        kCBAdvOptionStopOnAdvertisingAddressChange = 1;
        kCBManagerListOfClients =         (
            "com.apple.identityservicesd",
            "com.apple.sharingd"
        );
        kCBMsgArgIsPrivilegedDaemon = 1;
    },
        {
        kCBAdvDataAppleMfgData = {length = 24, bytes = 0x17ff4c000908132ec0a801411b5816080095ed5ad776ba42};
        kCBAdvDataIsConnectable = 0;
        kCBAdvOptionAdvertisingInterval = 290;
        kCBAdvOptionStopOnAdvertisingAddressChange = 1;
        kCBMsgArgIsPrivilegedDaemon = 1;
    }
)
2025-07-21 17:06:15.269 Df bluetoothd[154:454e48a] [com.apple.bluetooth:Server.XPC] Received XPC message "CBMsgIdStopAdvertising" from session "com.apple.bluetoothd-peripheral-154-4"
2025-07-21 17:06:15.269 Df bluetoothd[154:454e48a] [com.apple.bluetooth:Server.LE.Advertise] Received 'stop advertising' request from session "com.apple.bluetoothd-peripheral-154-4"
2025-07-21 17:06:15.269 Df bluetoothd[154:454e48a] [com.apple.bluetooth:Server.Core] BT Stats for metric '<private>' sent to CoreAnalytics with result 0
2025-07-21 17:06:15.269 Df bluetoothd[154:454e48a] [com.apple.bluetooth:Server.Core] BT Stats for metric '<private>' sent to CoreAnalytics with result 0
2025-07-21 17:06:15.269 Df bluetoothd[154:454e48a] [com.apple.bluetooth:Server.XPC] Received XPC message "CBMsgIdStopAdvertising" from session "com.apple.bluetoothd-peripheral-154-5"
2025-07-21 17:06:15.270 Df bluetoothd[154:454fa0d] [com.apple.bluetooth:Server.LE.Advertise] background advertising sessions:AppleMFG:0 Extended:0
2025-07-21 17:06:15.270 Df bluetoothd[154:454f0e9] [com.apple.bluetooth:WirelessProximity] [Privacy] Did stop advertising with error: (null)
2025-07-21 17:06:15.270 Df bluetoothd[154:454fa0d] [com.apple.bluetooth:Stack.LE]  StopAdvertising tech=1
2025-07-21 17:06:15.270 Df bluetoothd[154:454fa0d] [com.apple.bluetooth:Stack.LE]  Address rotation in progress:NO
2025-07-21 17:06:15.270 Df bluetoothd[154:454fa0d] [com.apple.bluetooth:Server.LE.Advertise] Advertising state change:  Advertising(2) --> Stopping(3) stack:ON
2025-07-21 17:06:15.270 Df bluetoothd[154:454e48a] [com.apple.bluetooth:Server.LE.Advertise] Received 'stop advertising' request from session "com.apple.bluetoothd-peripheral-154-5"
2025-07-21 17:06:15.270 Df bluetoothd[154:454e48a] [com.apple.bluetooth:Server.Core] BT Stats for metric '<private>' sent to CoreAnalytics with result 0
2025-07-21 17:06:15.270 Df bluetoothd[154:454e48a] [com.apple.bluetooth:Server.XPC] Received XPC message "CBMsgIdStartAdvertising" from session "com.apple.bluetoothd-peripheral-154-4"
2025-07-21 17:06:15.270 Df bluetoothd[154:454f0e9] [com.apple.bluetooth:WirelessProximity] [Privacy] Did stop advertising with error: (null)
2025-07-21 17:06:15.270 Df bluetoothd[154:454e48a] [com.apple.bluetooth:Server.XPC] Setting client list to <private>
2025-07-21 17:06:15.270 Df bluetoothd[154:454e48a] [com.apple.bluetooth:Server.LE.Advertise] Received 'start advertising' request from session "com.apple.bluetoothd-peripheral-154-4", with manufacturer data [ 1B FF 4C 00 0C 0E 08 70 1D 7F E9 C1 77 E2 5A E8 3C 30 AA 28 10 06 4B 1D 3A 80 5F 58 ], interval 122, no name
2025-07-21 17:06:15.270 Df bluetoothd[154:454e48a] [com.apple.bluetooth:Server.LE.Advertise] Calling updateAdvertisement
2025-07-21 17:06:15.270 Df bluetoothd[154:454e48a] [com.apple.bluetooth:Server.XPC] Received XPC message "CBMsgIdStartAdvertising" from session "com.apple.bluetoothd-peripheral-154-5"
2025-07-21 17:06:15.270 Df bluetoothd[154:454e48a] [com.apple.bluetooth:Server.XPC] Setting client list to <private>
2025-07-21 17:06:15.270 Df bluetoothd[154:454fa0d] [com.apple.bluetooth:WirelessProximity] Started to advertise for type 9 with error (null)
2025-07-21 17:06:15.270 Df bluetoothd[154:454e48a] [com.apple.bluetooth:Server.LE.Advertise] Received 'start advertising' request from session "com.apple.bluetoothd-peripheral-154-5", with manufacturer data [ 17 FF 4C 00 09 08 13 2E C0 A8 01 41 1B 58 16 08 00 95 ED 5A D7 76 BA 42 ], interval 122, no name
2025-07-21 17:06:15.270 Df bluetoothd[154:454fa0d] [com.apple.bluetooth:WirelessProximity] Started to advertise for type 12 with error (null)
2025-07-21 17:06:15.270 Df bluetoothd[154:454e48a] [com.apple.bluetooth:Server.LE.Advertise] Calling updateAdvertisement
2025-07-21 17:06:15.270 Df bluetoothd[154:454fa0d] [com.apple.bluetooth:WirelessProximity] Advertising started for client <private> (4146) of type 12
2025-07-21 17:06:15.271 Df bluetoothd[154:454fa0d] [com.apple.bluetooth:WirelessProximity] Started to advertise for type 16 with error (null)
2025-07-21 17:06:15.271 Df bluetoothd[154:454fa0d] [com.apple.bluetooth:WirelessProximity] Advertising started for client <private> (4170) of type 16
2025-07-21 17:06:15.271 Df bluetoothd[154:454fa0d] [com.apple.bluetooth:WirelessProximity] Started to advertise for type 22 with error (null)
2025-07-21 17:06:15.275 Df bluetoothd[154:11d8] [com.apple.bluetooth:Stack.LE]  Address rotation in progress:NO
2025-07-21 17:06:15.275 Df bluetoothd[154:454fa0d] [com.apple.bluetooth:Server.LE.Advertise] Stopped advertising successfully status=0
2025-07-21 17:06:15.275 Df bluetoothd[154:454fa0d] [com.apple.bluetooth:Server.LE.Advertise] Advertising state change:  Stopping(3) --> Idle(0) stack:ON
2025-07-21 17:06:15.275 Df bluetoothd[154:454fa0d] [com.apple.bluetooth:Server.LE.Advertise] background advertising sessions:AppleMFG:0 Extended:0
2025-07-21 17:06:15.275 Df bluetoothd[154:454fa0d] [com.apple.bluetooth:Stack.LE]  StartAdvertising tech=1 handle=0
2025-07-21 17:06:15.275 Df bluetoothd[154:454fa0d] [com.apple.bluetooth:Stack.LE]  Address rotation in progress:NO
2025-07-21 17:06:15.275 Df bluetoothd[154:454fa0d] [com.apple.bluetooth:Server.LE.Advertise] Advertising state change:  Idle(0) --> Starting(1) stack:ON
2025-07-21 17:06:15.290 Df bluetoothd[154:11d8] [com.apple.bluetooth:Stack.LE]  Address rotation in progress:NO
2025-07-21 17:06:15.290 Df bluetoothd[154:11d8] [com.apple.bluetooth:Stack.LE]  StartAdvertising tech=1 handle=2
2025-07-21 17:06:15.290 Df bluetoothd[154:11d8] [com.apple.bluetooth:Stack.LE]  Address rotation in progress:NO
2025-07-21 17:06:15.305 Df bluetoothd[154:11d8] [com.apple.bluetooth:Stack.LE]  Address rotation in progress:NO
2025-07-21 17:06:15.305 Df bluetoothd[154:11d8] [com.apple.bluetooth:Stack.LE]  StartAdvertising tech=1 handle=3
2025-07-21 17:06:15.305 Df bluetoothd[154:11d8] [com.apple.bluetooth:Stack.LE]  Address rotation in progress:NO
2025-07-21 17:06:15.319 Df bluetoothd[154:11d8] [com.apple.bluetooth:Stack.LE]  Address rotation in progress:NO
2025-07-21 17:06:15.319 Df bluetoothd[154:11d8] [com.apple.bluetooth:Stack.LE]  StartAdvertising tech=1 handle=4
2025-07-21 17:06:15.319 Df bluetoothd[154:11d8] [com.apple.bluetooth:Stack.LE]  Address rotation in progress:NO
2025-07-21 17:06:15.333 Df bluetoothd[154:11d8] [com.apple.bluetooth:Stack.LE]  Address rotation in progress:NO
2025-07-21 17:06:15.333 Df bluetoothd[154:454e48a] [com.apple.bluetooth:Server.LE.Advertise] Started advertising successfully status=0
2025-07-21 17:06:15.333 Df bluetoothd[154:454e48a] [com.apple.bluetooth:Server.LE.Advertise] Advertising state change:  Starting(1) --> Advertising(2) stack:ON
2025-07-21 17:06:15.333 Df bluetoothd[154:454e48a] [com.apple.bluetooth:Server.LE.Advertise] background advertising sessions:AppleMFG:0 Extended:0
2025-07-21 17:06:15.479 Df bluetoothd[154:454fa0d] [com.apple.bluetooth:Server.LE.Advertise] background advertising sessions:AppleMFG:0 Extended:0
2025-07-21 17:06:15.479 Df bluetoothd[154:454e48a] [com.apple.bluetooth:Server.MacCoex] Adding LE Connection <private>
2025-07-21 17:06:15.479 Df bluetoothd[154:454e48a] [com.apple.bluetooth:Server.MacCoex] Posting Bluetooth Status Notification <private>
2025-07-21 17:06:15.506 Df bluetoothd[154:454fa0d] [com.apple.bluetooth:Server.Core] Classic [0x10]: time   2, coex   0, rssi -43, tx [S=  0:F=  0], rx [S=  0:F=  0], Pkt Tx{0 0 0}{0 0 0}{0 0 0} Rx{0 0 0}{0 0 0}{0 0 0}
2025-07-21 17:06:15.506 Df bluetoothd[154:11d8] [com.apple.bluetooth:Server.Core] Desense: WLAN Status: ON, isWiFiAssociated: No, wiFiAssociatedBand2GHz: No, wiFiAssociatedBand5GHz: No
2025-07-21 17:06:15.507 Df bluetoothd[154:454fa0d] [com.apple.bluetooth:Server.MacCoex] Desense Detection: Current Minimum NF Value for Core0 is -113 and Core1 is -111, current state is Off, current number of connected USBs is 2 and USB Detected is True
2025-07-21 17:06:16.261 Df bluetoothd[154:454fa0d] [com.apple.bluetooth:Server.Core] Le [0x44]: time  40, coex   0, rssi -36, tx [S=  0:F=  0], rx [S=  0:F=  0], 1M {rx 0, tx 0}, 2M {rx 0, tx 0}
2025-07-21 17:06:16.507 Df bluetoothd[154:11d8] [com.apple.bluetooth:Server.Core] Desense: WLAN Status: ON, isWiFiAssociated: No, wiFiAssociatedBand2GHz: No, wiFiAssociatedBand5GHz: No
2025-07-21 17:06:16.507 Df bluetoothd[154:454fa0d] [com.apple.bluetooth:Server.Core] Classic [0x10]: time   2, coex   0, rssi -43, tx [S=  0:F=  0], rx [S=  0:F=  0], Pkt Tx{0 0 0}{0 0 0}{0 0 0} Rx{0 0 0}{0 0 0}{0 0 0}
2025-07-21 17:06:16.507 Df bluetoothd[154:454fa0d] [com.apple.bluetooth:Server.MacCoex] Desense Detection: Current Minimum NF Value for Core0 is -113 and Core1 is -111, current state is Off, current number of connected USBs is 2 and USB Detected is True
2025-07-21 17:06:17.261 Df bluetoothd[154:454e48a] [com.apple.bluetooth:Server.Core] Le [0x44]: time  40, coex   0, rssi -36, tx [S=  0:F=  0], rx [S=  0:F=  0], 1M {rx 0, tx 0}, 2M {rx 0, tx 0}
2025-07-21 17:06:17.436 Df bluetoothd[154:454e48a] [com.apple.bluetooth:Server.LE.Scan] decryptProximityPairingPayload device:<private> address:<private>
2025-07-21 17:06:17.509 Df bluetoothd[154:454e48a] [com.apple.bluetooth:Server.Core] Classic [0x10]: time   2, coex   0, rssi -43, tx [S=  0:F=  0], rx [S=  0:F=  0], Pkt Tx{0 0 0}{0 0 0}{0 0 0} Rx{0 0 0}{0 0 0}{0 0 0}
2025-07-21 17:06:17.509 Df bluetoothd[154:11d8] [com.apple.bluetooth:Server.Core] Desense: WLAN Status: ON, isWiFiAssociated: No, wiFiAssociatedBand2GHz: No, wiFiAssociatedBand5GHz: No
2025-07-21 17:06:17.509 Df bluetoothd[154:454e48a] [com.apple.bluetooth:Server.MacCoex] Desense Detection: Current Minimum NF Value for Core0 is -113 and Core1 is -111, current state is Off, current number of connected USBs is 2 and USB Detected is True
2025-07-21 17:06:18.260 Df bluetoothd[154:454e48a] [com.apple.bluetooth:Server.Core] Le [0x44]: time  40, coex   0, rssi -36, tx [S=  1:F=  1], rx [S=  0:F=  0], 1M {rx 0, tx 0}, 2M {rx 2, tx 0}
2025-07-21 17:06:18.509 Df bluetoothd[154:454e48a] [com.apple.bluetooth:Server.Core] Classic [0x10]: time   5, coex   0, rssi -43, tx [S=  1:F= 43], rx [S=  0:F=  0], Pkt Tx{0 0 0}{0 0 0}{0 0 0} Rx{0 0 0}{0 0 0}{0 0 0}
2025-07-21 17:06:18.509 Df bluetoothd[154:11d8] [com.apple.bluetooth:Server.Core] Desense: WLAN Status: ON, isWiFiAssociated: No, wiFiAssociatedBand2GHz: No, wiFiAssociatedBand5GHz: No
2025-07-21 17:06:18.510 Df bluetoothd[154:454e48a] [com.apple.bluetooth:Server.MacCoex] Desense Detection: Current Minimum NF Value for Core0 is -113 and Core1 is -111, current state is Off, current number of connected USBs is 2 and USB Detected is True
2025-07-21 17:06:19.026 Df sharingd[4170:4a85b] [com.apple.bluetooth:WirelessProximity] Nearby clear duplicate filter cache type 1
2025-07-21 17:06:19.026 Df bluetoothd[154:454e48a] [com.apple.bluetooth:WirelessProximity] clear dup filter cache for process sharingd (4170) with scan request of type 16, blob: {length = 0, bytes = 0x}, mask {length = 0, bytes = 0x}, active: 0, duplicates: 0, screen on: No Scan, screen off: No Scan, locked: 1,  rssi: -90, peers: (
) nearby scan mode: 10, advbuf: 0, priority critical: 0, range: 0, usecases:
2025-07-21 17:06:19.026 Df bluetoothd[154:454e48a] [com.apple.bluetooth:WirelessProximity] About to clearDuplicateFilterCache for type: 16
2025-07-21 17:06:19.027 Df bluetoothd[154:454fa0d] [com.apple.bluetooth:Server.XPC] Received XPC message "CBMsgIdClearDuplicateFilterCache" from session "com.apple.bluetoothd-central-154-3"
2025-07-21 17:06:19.031 Df bluetoothd[154:454fa0d] [com.apple.bluetooth:Server.App] clearDuplicateFilterCache for session "com.apple.bluetoothd" type 16
2025-07-21 17:06:19.230 Df bluetoothd[154:454e48a] [com.apple.bluetooth:CBDaemonServer] BLE Scanner Device Found: CBDevice DC41C4B4-EB4A-47B0-4FC8-173D225D2F8F, BDA 60:2B:A2:E3:FF:15, Nm 'Bluetooth Device', DsFl 0x40 < NearbyInfo >, DvF 0x40000000000 < Connectable >, RSSI -50, Ch 38, AdTsMC <1318771996007>, AMfD <4c 00 10 06 2f 1e 47 a8 0a de>, nbIAT <47 a8 0a>, nbIF 0x3C2 < Ranging AT Duet WiFiP2P HtSp >, CF 0x200000000 < RSSI >
2025-07-21 17:06:19.260 Df bluetoothd[154:454e48a] [com.apple.bluetooth:Server.Core] Le [0x44]: time  40, coex   0, rssi -36, tx [S=  0:F=  0], rx [S=  0:F=  0], 1M {rx 0, tx 0}, 2M {rx 0, tx 0}
2025-07-21 17:06:19.507 Df bluetoothd[154:454e48a] [com.apple.bluetooth:Server.Core] Classic [0x10]: time   2, coex   0, rssi -43, tx [S=  0:F=  0], rx [S=  0:F=  0], Pkt Tx{0 0 0}{0 0 0}{0 0 0} Rx{0 0 0}{0 0 0}{0 0 0}
2025-07-21 17:06:19.507 Df bluetoothd[154:11d8] [com.apple.bluetooth:Server.Core] Desense: WLAN Status: ON, isWiFiAssociated: No, wiFiAssociatedBand2GHz: No, wiFiAssociatedBand5GHz: No
2025-07-21 17:06:19.881 Df bluetoothd[154:454fa0d] [com.apple.bluetooth:CBDaemonServer] BLE Scanner Device Found: CBDevice 897294C0-EA5C-A355-A37F-8E59E42833BF, BDA 51:F7:56:CB:2F:CC, Nm 'Bluetooth Device', DsFl 0x40 < NearbyInfo >, DvF 0x40000000000 < Connectable >, RSSI -72, Ch 39, AdTsMC <1318772647235>, AMfD <4c 00 10 02 03 00>, CF 0x200000000 < RSSI >
2025-07-21 17:06:20.266 Df bluetoothd[154:454fa0d] [com.apple.bluetooth:Server.Core] Le [0x44]: time  40, coex   0, rssi -36, tx [S=  0:F=  0], rx [S=  0:F=  0], 1M {rx 0, tx 0}, 2M {rx 0, tx 0}
2025-07-21 17:06:20.508 Df bluetoothd[154:454fa0d] [com.apple.bluetooth:Server.Core] Classic [0x10]: time   2, coex   0, rssi -43, tx [S=  0:F=  4], rx [S=  0:F=  0], Pkt Tx{0 0 0}{0 0 0}{0 0 0} Rx{0 0 0}{0 0 0}{0 0 0}
2025-07-21 17:06:20.508 Df bluetoothd[154:11d8] [com.apple.bluetooth:Server.Core] Desense: WLAN Status: ON, isWiFiAssociated: No, wiFiAssociatedBand2GHz: No, wiFiAssociatedBand5GHz: No
2025-07-21 17:06:20.509 Df bluetoothd[154:454fa0d] [com.apple.bluetooth:Server.MacCoex] Desense Detection: Current Minimum NF Value for Core0 is -113 and Core1 is -111, current state is Off, current number of connected USBs is 2 and USB Detected is True
2025-07-21 17:06:21.271 Df bluetoothd[154:454fa0d] [com.apple.bluetooth:Server.Core] Le [0x44]: time  40, coex   0, rssi -36, tx [S=  0:F=  0], rx [S=  0:F=  0], 1M {rx 0, tx 0}, 2M {rx 0, tx 0}
2025-07-21 17:06:21.379 Df bluetoothd[154:454fa0d] [com.apple.bluetooth:Server.MacCoex] Adding LE Connection <private>
2025-07-21 17:06:21.379 Df bluetoothd[154:454fa0d] [com.apple.bluetooth:Server.MacCoex] Posting Bluetooth Status Notification <private>
2025-07-21 17:06:21.510 Df bluetoothd[154:454fc93] [com.apple.bluetooth:Server.Core] Classic [0x10]: time   5, coex   0, rssi -43, tx [S=  1:F= 27], rx [S=  0:F=  0], Pkt Tx{0 0 0}{0 0 0}{0 0 0} Rx{0 0 0}{0 0 0}{0 0 0}
2025-07-21 17:06:21.510 Df bluetoothd[154:11d8] [com.apple.bluetooth:Server.Core] Desense: WLAN Status: ON, isWiFiAssociated: No, wiFiAssociatedBand2GHz: No, wiFiAssociatedBand5GHz: No
2025-07-21 17:06:21.510 Df bluetoothd[154:454fc93] [com.apple.bluetooth:Server.MacCoex] Desense Detection: Current Minimum NF Value for Core0 is -113 and Core1 is -111, current state is Off, current number of connected USBs is 2 and USB Detected is True
2025-07-21 17:06:21.986 Df bluetoothd[154:11d8] [com.apple.bluetooth:Server.Core] vseAdvStatsEvent - ver 2 duration 60 (secs) instance 0 num ADVs [total 2314 NonExtended 2314 Extended 0] Ch [37 801 38 788 39 725] FailedOnAllCh 1 Denied by [Coex 0 BT 1 Others 0] txPower [min 12 max 12 mode 12]
2025-07-21 17:06:22.270 Df bluetoothd[154:454fc93] [com.apple.bluetooth:Server.Core] Le [0x44]: time  41, coex   0, rssi -36, tx [S=  0:F=  0], rx [S=  0:F=  0], 1M {rx 0, tx 0}, 2M {rx 0, tx 0}
2025-07-21 17:06:22.512 Df bluetoothd[154:454fc93] [com.apple.bluetooth:Server.Core] Classic [0x10]: time   2, coex   0, rssi -43, tx [S=  0:F=  0], rx [S=  0:F=  0], Pkt Tx{0 0 0}{0 0 0}{0 0 0} Rx{0 0 0}{0 0 0}{0 0 0}
2025-07-21 17:06:22.512 Df bluetoothd[154:11d8] [com.apple.bluetooth:Server.Core] Desense: WLAN Status: ON, isWiFiAssociated: No, wiFiAssociatedBand2GHz: No, wiFiAssociatedBand5GHz: No
2025-07-21 17:06:22.513 Df bluetoothd[154:454fc93] [com.apple.bluetooth:Server.MacCoex] Desense Detection: Current Minimum NF Value for Core0 is -113 and Core1 is -111, current state is Off, current number of connected USBs is 2 and USB Detected is True
2025-07-21 17:06:23.277 Df bluetoothd[154:454fc93] [com.apple.bluetooth:Server.Core] Le [0x44]: time  40, coex   0, rssi -36, tx [S=  0:F=  0], rx [S=  0:F=  0], 1M {rx 0, tx 0}, 2M {rx 0, tx 0}
2025-07-21 17:06:23.512 Df bluetoothd[154:454fa0d] [com.apple.bluetooth:Server.Core] Classic [0x10]: time   5, coex   0, rssi -43, tx [S=  1:F= 21], rx [S=  0:F=  0], Pkt Tx{0 0 0}{0 0 0}{0 0 0} Rx{0 0 0}{0 0 0}{0 0 0}
2025-07-21 17:06:23.513 Df bluetoothd[154:11d8] [com.apple.bluetooth:Server.Core] Desense: WLAN Status: ON, isWiFiAssociated: No, wiFiAssociatedBand2GHz: No, wiFiAssociatedBand5GHz: No
2025-07-21 17:06:23.513 Df bluetoothd[154:454fa0d] [com.apple.bluetooth:Server.MacCoex] Desense Detection: Current Minimum NF Value for Core0 is -113 and Core1 is -111, current state is Off, current number of connected USBs is 2 and USB Detected is True
2025-07-21 17:06:24.276 Df bluetoothd[154:454fa0d] [com.apple.bluetooth:Server.Core] Le [0x44]: time  40, coex   0, rssi -36, tx [S=  0:F=  0], rx [S=  0:F=  0], 1M {rx 0, tx 0}, 2M {rx 0, tx 0}
2025-07-21 17:06:24.514 Df bluetoothd[154:454fa0d] [com.apple.bluetooth:Server.Core] Classic [0x10]: time   2, coex   0, rssi -43, tx [S=  0:F=  0], rx [S=  0:F=  0], Pkt Tx{0 0 0}{0 0 0}{0 0 0} Rx{0 0 0}{0 0 0}{0 0 0}
2025-07-21 17:06:24.514 Df bluetoothd[154:11d8] [com.apple.bluetooth:Server.Core] Desense: WLAN Status: ON, isWiFiAssociated: No, wiFiAssociatedBand2GHz: No, wiFiAssociatedBand5GHz: No
2025-07-21 17:06:24.515 Df bluetoothd[154:454fa0d] [com.apple.bluetooth:Server.MacCoex] Desense Detection: Current Minimum NF Value for Core0 is -113 and Core1 is -111, current state is Off, current number of connected USBs is 2 and USB Detected is True
2025-07-21 17:06:25.278 Df bluetoothd[154:454fc93] [com.apple.bluetooth:Server.Core] Le [0x44]: time  40, coex   0, rssi -36, tx [S=  0:F=  0], rx [S=  0:F=  0], 1M {rx 0, tx 0}, 2M {rx 0, tx 0}
2025-07-21 17:06:25.512 Df bluetoothd[154:454fc93] [com.apple.bluetooth:Server.Core] Classic [0x10]: time   2, coex   0, rssi -43, tx [S=  0:F=  6], rx [S=  0:F=  0], Pkt Tx{0 0 0}{0 0 0}{0 0 0} Rx{0 0 0}{0 0 0}{0 0 0}
2025-07-21 17:06:25.512 Df bluetoothd[154:11d8] [com.apple.bluetooth:Server.Core] Desense: WLAN Status: ON, isWiFiAssociated: No, wiFiAssociatedBand2GHz: No, wiFiAssociatedBand5GHz: No
2025-07-21 17:06:25.552 Df bluetoothd[154:454fa0d] [com.apple.bluetooth:CBDaemonServer] BLE Scanner Device Found: CBDevice 51071261-28A8-3EC0-38D8-D91467198DE9, BDA E5:5C:CA:18:E8:68, Nm 'Bluetooth Device', DsFl 0x20000000000 < ObjectDiscoveryNearOwner >, DvF 0x40000000000 < Connectable >, RSSI -91, Ch 38, AdTsMC <1318778316900>, AMfD <4c 00 12 02 00 00>, odBS High, odMd NearOwner, odNO 255cca18e868, odPI ApGn, odPK NULL, CF 0xA0A40000000 < BLEAdvertisementData RSSI DiscoveryFlags ObjectDiscoveryNearOwner Attributes >
2025-07-21 17:06:25.931 Df bluetoothd[154:454e48a] [com.apple.bluetooth:Server.MacCoex] Adding LE Connection <private>
2025-07-21 17:06:25.932 Df bluetoothd[154:454e48a] [com.apple.bluetooth:Server.MacCoex] Posting Bluetooth Status Notification <private>
2025-07-21 17:06:26.279 Df bluetoothd[154:454fc93] [com.apple.bluetooth:Server.Core] Le [0x44]: time  40, coex   0, rssi -36, tx [S=  0:F=  0], rx [S=  0:F=  0], 1M {rx 0, tx 0}, 2M {rx 0, tx 0}
2025-07-21 17:06:26.415 Df bluetoothd[154:454fc93] [com.apple.bluetooth:CBDaemonServer] BLE Scanner Device Found: CBDevice EBDE8137-07D2-51EC-B99E-9CA2D1E8913C, BDA DE:0A:7F:D9:AF:1C, Nm 'Bluetooth Device', DsFl 0x20000000000 < ObjectDiscoveryNearOwner >, DvF 0x40000000000 < Connectable >, RSSI -89, Ch 38, AdTsMC <1318779180593>, AMfD <4c 00 12 02 00 02>, odBS High, odMd NearOwner, odNO 9e0a7fd9af1c, odPI ApGn, odPK NULL, CF 0xA0A40000000 < BLEAdvertisementData RSSI DiscoveryFlags ObjectDiscoveryNearOwner Attributes >
2025-07-21 17:06:26.514 Df bluetoothd[154:454fc93] [com.apple.bluetooth:Server.Core] Classic [0x10]: time   6, coex   0, rssi -43, tx [S=  1:F=  3], rx [S=  0:F=  0], Pkt Tx{0 0 0}{0 0 0}{0 0 0} Rx{0 0 0}{0 0 0}{0 0 0}
2025-07-21 17:06:26.514 Df bluetoothd[154:11d8] [com.apple.bluetooth:Server.Core] Desense: WLAN Status: ON, isWiFiAssociated: No, wiFiAssociatedBand2GHz: No, wiFiAssociatedBand5GHz: No
2025-07-21 17:06:26.514 Df bluetoothd[154:454fc93] [com.apple.bluetooth:Server.MacCoex] Desense Detection: Current Minimum NF Value for Core0 is -113 and Core1 is -111, current state is Off, current number of connected USBs is 2 and USB Detected is True
2025-07-21 17:06:27.282 Df bluetoothd[154:454fc93] [com.apple.bluetooth:Server.Core] Le [0x44]: time  40, coex   0, rssi -37, tx [S=  0:F=  0], rx [S=  0:F=  0], 1M {rx 0, tx 0}, 2M {rx 0, tx 0}
2025-07-21 17:06:27.514 Df bluetoothd[154:454fc93] [com.apple.bluetooth:Server.Core] Classic [0x10]: time   2, coex   0, rssi -43, tx [S=  0:F=  0], rx [S=  0:F=  0], Pkt Tx{0 0 0}{0 0 0}{0 0 0} Rx{0 0 0}{0 0 0}{0 0 0}
2025-07-21 17:06:27.514 Df bluetoothd[154:11d8] [com.apple.bluetooth:Server.Core] Desense: WLAN Status: ON, isWiFiAssociated: No, wiFiAssociatedBand2GHz: No, wiFiAssociatedBand5GHz: No
2025-07-21 17:06:27.514 Df bluetoothd[154:454e48a] [com.apple.bluetooth:Server.MacCoex] Desense Detection: Current Minimum NF Value for Core0 is -113 and Core1 is -111, current state is Off, current number of connected USBs is 2 and USB Detected is True
2025-07-21 17:06:28.282 Df bluetoothd[154:454e48a] [com.apple.bluetooth:Server.Core] Le [0x44]: time  40, coex   0, rssi -37, tx [S=  0:F=  0], rx [S=  0:F=  0], 1M {rx 0, tx 0}, 2M {rx 0, tx 0}
2025-07-21 17:06:28.513 Df bluetoothd[154:454e48a] [com.apple.bluetooth:Server.Core] Classic [0x10]: time   2, coex   0, rssi -43, tx [S=  0:F=  0], rx [S=  0:F=  0], Pkt Tx{0 0 0}{0 0 0}{0 0 0} Rx{0 0 0}{0 0 0}{0 0 0}
2025-07-21 17:06:28.514 Df bluetoothd[154:11d8] [com.apple.bluetooth:Server.Core] Desense: WLAN Status: ON, isWiFiAssociated: No, wiFiAssociatedBand2GHz: No, wiFiAssociatedBand5GHz: No
2025-07-21 17:06:29.024 Df sharingd[4170:4a85b] [com.apple.bluetooth:WirelessProximity] Nearby clear duplicate filter cache type 1
2025-07-21 17:06:29.025 Df bluetoothd[154:454fc93] [com.apple.bluetooth:WirelessProximity] clear dup filter cache for process sharingd (4170) with scan request of type 16, blob: {length = 0, bytes = 0x}, mask {length = 0, bytes = 0x}, active: 0, duplicates: 0, screen on: No Scan, screen off: No Scan, locked: 1,  rssi: -90, peers: (
) nearby scan mode: 10, advbuf: 0, priority critical: 0, range: 0, usecases:
2025-07-21 17:06:29.025 Df bluetoothd[154:454fc93] [com.apple.bluetooth:WirelessProximity] About to clearDuplicateFilterCache for type: 16
2025-07-21 17:06:29.025 Df bluetoothd[154:454e48a] [com.apple.bluetooth:Server.XPC] Received XPC message "CBMsgIdClearDuplicateFilterCache" from session "com.apple.bluetoothd-central-154-3"
2025-07-21 17:06:29.029 Df bluetoothd[154:454e48a] [com.apple.bluetooth:Server.App] clearDuplicateFilterCache for session "com.apple.bluetoothd" type 16
2025-07-21 17:06:29.283 Df bluetoothd[154:454e48a] [com.apple.bluetooth:Server.Core] Le [0x44]: time  40, coex   0, rssi -37, tx [S=  0:F=  0], rx [S=  0:F=  0], 1M {rx 0, tx 0}, 2M {rx 0, tx 0}
2025-07-21 17:06:29.517 Df bluetoothd[154:454e48a] [com.apple.bluetooth:Server.Core] Classic [0x10]: time   2, coex   0, rssi -43, tx [S=  0:F=  0], rx [S=  0:F=  0], Pkt Tx{0 0 0}{0 0 0}{0 0 0} Rx{0 0 0}{0 0 0}{0 0 0}
2025-07-21 17:06:29.517 Df bluetoothd[154:11d8] [com.apple.bluetooth:Server.Core] Desense: WLAN Status: ON, isWiFiAssociated: No, wiFiAssociatedBand2GHz: No, wiFiAssociatedBand5GHz: No
2025-07-21 17:06:29.517 Df bluetoothd[154:454e48a] [com.apple.bluetooth:Server.MacCoex] Desense Detection: Current Minimum NF Value for Core0 is -113 and Core1 is -112, current state is Off, current number of connected USBs is 2 and USB Detected is True
2025-07-21 17:06:29.889 Df bluetoothd[154:454fc93] [com.apple.bluetooth:CBStackBLEScanner] Scan start: rescan, DsFl 0x18D642A08040 < NearbyInfo WxStatus Connections Pairing ScreenOff BLEAdvertisementData RSSI Ensemble Identify AirPlaySource AirPlayTarget Attributes Leech >, DsTy <AirDrop, MacMigrate>, ScreenOn yes, 30/300 ms (10%), Filters: {Type 5, Dups no, RSSI -90}, {Type 10, Dups no, RSSI -75}, {Type 9, Dups no, RSSI -90}, {Type 15, Dups no, RSSI -15}, {Type 21, Dups no, RSSI -80, NoConsolidateRule, Blob [01 26 3A 80 5F], Mask [01 26 FF FF FF]}, {Type 16, Dups no, RSSI -90}, {Type 7, Dups no, RSSI -75}
2025-07-21 17:06:29.889 Df bluetoothd[154:454fc93] [com.apple.bluetooth:Server.Core] BT Stats for metric '<private>' sent to CoreAnalytics with result 0
2025-07-21 17:06:29.889 Df bluetoothd[154:454fc93] [com.apple.bluetooth:Server.Core] BT Stats for metric '<private>' sent to CoreAnalytics with result 0
2025-07-21 17:06:29.889 Df bluetoothd[154:454fc93] [com.apple.bluetooth:Server.Core] BT Stats for metric '<private>' sent to CoreAnalytics with result 0
2025-07-21 17:06:29.889 Df bluetoothd[154:454fc93] [com.apple.bluetooth:Server.Core] BT Stats for metric '<private>' sent to CoreAnalytics with result 0
2025-07-21 17:06:29.889 Df bluetoothd[154:454fc93] [com.apple.bluetooth:Server.Core] BT Stats for metric '<private>' sent to CoreAnalytics with result 0
2025-07-21 17:06:29.889 Df bluetoothd[154:454fc93] [com.apple.bluetooth:Server.Core] BT Stats for metric '<private>' sent to CoreAnalytics with result 0
2025-07-21 17:06:29.889 Df bluetoothd[154:454fc93] [com.apple.bluetooth:Server.Core] BT Stats for metric '<private>' sent to CoreAnalytics with result 0
2025-07-21 17:06:29.889 Df bluetoothd[154:454fc93] [com.apple.bluetooth:Server.LE.Scan] Received 'stop scan' request from session "CBDaemon-0xCB2E0006" (CBDaemon) updateScanParams:YES shouldUpdateState:YES
2025-07-21 17:06:29.889 Df bluetoothd[154:454fc93] [com.apple.bluetooth:Server.LE.Scan] ShouldScan=1 AnyValidScanRequests=1 anyValidScanRequestInPaused=0 fObserverState=Active ClientScanPowerAssertRequired=0 fScanFiltersNeedUpdagint=1
2025-07-21 17:06:29.889 Df bluetoothd[154:454fc93] [com.apple.bluetooth:Server.LE.Scan] updateADVBufferConfig current:00 new:00 configChanged:00
2025-07-21 17:06:29.889 Df bluetoothd[154:454fc93] [com.apple.bluetooth:Server.LE.Scan] state 32
2025-07-21 17:06:29.890 Df bluetoothd[154:454fc93] [com.apple.bluetooth:Server.LE.Scan] Findmy usecase "FindMyNotOptedIn" is asking for duplicates? No
2025-07-21 17:06:29.890 Df bluetoothd[154:454fc93] [com.apple.bluetooth:Server.LE.Scan] <private> allowDupes:0, agentAllowDupes:0, active:0
2025-07-21 17:06:29.890 Df bluetoothd[154:454fc93] [com.apple.bluetooth:Server.LE.Scan] <private> active 0
2025-07-21 17:06:29.890 Df bluetoothd[154:454fc93] [com.apple.bluetooth:Server.LE.Scan] state 32
2025-07-21 17:06:29.890 Df bluetoothd[154:454fc93] [com.apple.bluetooth:Server.LE.Scan] <private> allowDupes:0, agentAllowDupes:0, active:0
2025-07-21 17:06:29.890 Df bluetoothd[154:454fc93] [com.apple.bluetooth:Server.LE.Scan] <private> active 0
2025-07-21 17:06:29.890 Df bluetoothd[154:454fc93] [com.apple.bluetooth:Server.LE.Scan] state 32
2025-07-21 17:06:29.890 Df bluetoothd[154:454fc93] [com.apple.bluetooth:Server.LE.Scan] Findmy usecase "FindMyNotOptedIn" is asking for duplicates? No
2025-07-21 17:06:29.890 Df bluetoothd[154:454fc93] [com.apple.bluetooth:Server.LE.Scan] <private> allowDupes:0, agentAllowDupes:0, active:0
2025-07-21 17:06:29.890 Df bluetoothd[154:454fc93] [com.apple.bluetooth:Server.LE.Scan] <private> active 0
2025-07-21 17:06:29.890 Df bluetoothd[154:454fc93] [com.apple.bluetooth:Server.LE.Scan] ScanParams: numScanAgents 3, combined params AD:0 AS:0 MSL:3 (30/300) PSV:1
2025-07-21 17:06:29.890 Df bluetoothd[154:454fc93] [com.apple.bluetooth:Server.LE.Scan] ScanParams: [com.apple.locationd-central-139-0] AP:0 AD:0(30/300) AS:0 RAS:0 DMN:1 FG:0 ADVBF:0 pBT:0|[com.apple.bluetoothd-central-154-3] AP:0 AD:0(30/300) AS:0 RAS:0 DMN:1 FG:0 ADVBF:0 pBT:0|[com.apple.locationd-central-139-13] AP:0 AD:0(30/300) AS:0 RAS:0 DMN:1 FG:0 ADVBF:0 pBT:0
2025-07-21 17:06:29.890 Df bluetoothd[154:454fc93] [com.apple.bluetooth:Server.LE.Scan] Returning scan parameters: Main:30.00ms/300.00ms LP:0.00ms/300.00ms(supported) SC:0.00ms/50.00ms/non-concurrent(supported) Dm:(m:30/300) Cond:0:1:0 Sc:1 (passive) Dupfilter:Enabled minScanLevel:3 ENAssertion:N Pri:0/0
2025-07-21 17:06:29.890 Df bluetoothd[154:454fc93] [com.apple.bluetooth:Server.LE.Scan] needToRestart=1
2025-07-21 17:06:29.890 Df bluetoothd[154:454fc93] [com.apple.bluetooth:Server.LE.Scan] fShouldRetainDupsNextUpdate 0, screen? 1, retaindup? 0, EN scans? 0, created[EN]=0
2025-07-21 17:06:29.890 Df bluetoothd[154:454fc93] [com.apple.bluetooth:Server.LE.Scan] EN is not active - new retain dups value 0
2025-07-21 17:06:29.890 Df bluetoothd[154:454fc93] [com.apple.bluetooth:Server.LE.Scan] Received 'start UnspecifiedUnspecified SharingDefault SharingAirDrop scan' request  , without duplicates, duration:unlimited, on 1M PHY scan timing 30/300  scanLevel=3 from session "CBDaemon-0xCB2E0006"
2025-07-21 17:06:29.890 Df bluetoothd[154:454fc93] [com.apple.bluetooth:Server.LE.Scan] Waiting for scan state to settle before updating scan
2025-07-21 17:06:29.890 Df bluetoothd[154:454fc93] [com.apple.bluetooth:Server.LE.Scan] TryReadMatchAndADVBuffers reason:2 fMatchBufferExpectedEntries:0x255 fScreenState:On fMatchActionTableRulesCount:0 supportedADVBuffers:0 haveAnyHwObjectDiscoveryRequests:0 fADVBufferExpectedEntries:255 readInProgress[Wild]:0 readInProgress[NearOwner]:0 fMatchBufferReadInProgress:0
2025-07-21 17:06:29.893 Df bluetoothd[154:454e48a] [com.apple.bluetooth:Server.LE.Scan] Scanning stopped successfully.  12 Advertising Events, 0 dropped pkts
2025-07-21 17:06:29.893 Df bluetoothd[154:454e48a] [com.apple.bluetooth:Server.LE.Scan] Trying to remove scan filters with forceRemove=NO fHaveZoneFilters:NO fZoneScansHaveChanged:NO fHaveUUIDFilters:YES fHaveRuleFilters:YES
2025-07-21 17:06:29.911 Df bluetoothd[154:454e48a] [com.apple.bluetooth:Server.LE.Scan] Scan state change:  Stopping(4) --> Idle(1)
2025-07-21 17:06:29.911 Df bluetoothd[154:454e48a] [com.apple.bluetooth:Server.LE.Scan] handleScanStoppedEvent state=Idle observerState=Active
2025-07-21 17:06:29.911 Df bluetoothd[154:454e48a] [com.apple.bluetooth:Server.LE.Scan] ShouldScan=1 AnyValidScanRequests=1 anyValidScanRequestInPaused=0 fObserverState=Active ClientScanPowerAssertRequired=0 fScanFiltersNeedUpdagint=1
2025-07-21 17:06:29.911 Df bluetoothd[154:454e48a] [com.apple.bluetooth:Server.LE.Scan] updateADVBufferConfig current:00 new:00 configChanged:00
2025-07-21 17:06:29.911 Df bluetoothd[154:454e48a] [com.apple.bluetooth:Server.LE.Scan] state 32
2025-07-21 17:06:29.911 Df bluetoothd[154:454e48a] [com.apple.bluetooth:Server.LE.Scan] Findmy usecase "FindMyNotOptedIn" is asking for duplicates? No
2025-07-21 17:06:29.911 Df bluetoothd[154:454e48a] [com.apple.bluetooth:Server.LE.Scan] <private> allowDupes:0, agentAllowDupes:0, active:0
2025-07-21 17:06:29.911 Df bluetoothd[154:454e48a] [com.apple.bluetooth:Server.LE.Scan] <private> active 0
2025-07-21 17:06:29.911 Df bluetoothd[154:454e48a] [com.apple.bluetooth:Server.LE.Scan] state 32
2025-07-21 17:06:29.911 Df bluetoothd[154:454e48a] [com.apple.bluetooth:Server.LE.Scan] <private> allowDupes:0, agentAllowDupes:0, active:0
2025-07-21 17:06:29.911 Df bluetoothd[154:454e48a] [com.apple.bluetooth:Server.LE.Scan] <private> active 0
2025-07-21 17:06:29.911 Df bluetoothd[154:454e48a] [com.apple.bluetooth:Server.LE.Scan] state 32
2025-07-21 17:06:29.911 Df bluetoothd[154:454e48a] [com.apple.bluetooth:Server.LE.Scan] Findmy usecase "FindMyNotOptedIn" is asking for duplicates? No
2025-07-21 17:06:29.911 Df bluetoothd[154:454e48a] [com.apple.bluetooth:Server.LE.Scan] <private> allowDupes:0, agentAllowDupes:0, active:0
2025-07-21 17:06:29.911 Df bluetoothd[154:454e48a] [com.apple.bluetooth:Server.LE.Scan] <private> active 0
2025-07-21 17:06:29.911 Df bluetoothd[154:454e48a] [com.apple.bluetooth:Server.LE.Scan] state 32
2025-07-21 17:06:29.912 Df bluetoothd[154:454e48a] [com.apple.bluetooth:Server.LE.Scan] <private> allowDupes:0, agentAllowDupes:0, active:0
2025-07-21 17:06:29.912 Df bluetoothd[154:454e48a] [com.apple.bluetooth:Server.LE.Scan] <private> active 0
2025-07-21 17:06:29.912 Df bluetoothd[154:454e48a] [com.apple.bluetooth:Server.LE.Scan] ScanParams: numScanAgents 4, combined params AD:0 AS:0 MSL:3 (30/300) PSV:1
2025-07-21 17:06:29.912 Df bluetoothd[154:454e48a] [com.apple.bluetooth:Server.LE.Scan] ScanParams: [com.apple.locationd-central-139-0] AP:0 AD:0(30/300) AS:0 RAS:0 DMN:1 FG:0 ADVBF:0 pBT:0|[com.apple.bluetoothd-central-154-3] AP:0 AD:0(30/300) AS:0 RAS:0 DMN:1 FG:0 ADVBF:0 pBT:0|[com.apple.locationd-central-139-13] AP:0 AD:0(30/300) AS:0 RAS:0 DMN:1 FG:0 ADVBF:0 pBT:0
2025-07-21 17:06:29.912 Df bluetoothd[154:454e48a] [com.apple.bluetooth:Server.LE.Scan] ScanParams: [CBDaemon-0xCB2E0006] AP:0 AD:0(30/300) AS:0 RAS:0 DMN:1 FG:0 ADVBF:0 pBT:0
2025-07-21 17:06:29.912 Df bluetoothd[154:454e48a] [com.apple.bluetooth:Server.LE.Scan] Returning scan parameters: Main:30.00ms/300.00ms LP:0.00ms/300.00ms(supported) SC:0.00ms/50.00ms/non-concurrent(supported) Dm:(m:30/300) Cond:0:1:0 Sc:1 (passive) Dupfilter:Enabled minScanLevel:3 ENAssertion:N Pri:0/0
2025-07-21 17:06:29.912 Df bluetoothd[154:454e48a] [com.apple.bluetooth:Server.LE.Scan] needToRestart=1
2025-07-21 17:06:29.912 Df bluetoothd[154:454e48a] [com.apple.bluetooth:Server.LE.Scan] Starting passive scan (300.00ms/30.00ms) with duplicate filter enabled scNeed=1 stateO=0, retainDups=0 fScanFiltersNeedUpdating=YES
2025-07-21 17:06:29.979 Df bluetoothd[154:454e48a] [com.apple.bluetooth:Server.LE.Scan] ShouldScan=1 AnyValidScanRequests=1 anyValidScanRequestInPaused=0 fObserverState=Active ClientScanPowerAssertRequired=0 fScanFiltersNeedUpdagint=0
2025-07-21 17:06:29.979 Df bluetoothd[154:454e48a] [com.apple.bluetooth:Server.LE.Scan] updateADVBufferConfig current:00 new:00 configChanged:00
2025-07-21 17:06:29.979 Df bluetoothd[154:454e48a] [com.apple.bluetooth:Server.LE.Scan] state 32
2025-07-21 17:06:29.979 Df bluetoothd[154:454e48a] [com.apple.bluetooth:Server.LE.Scan] Findmy usecase "FindMyNotOptedIn" is asking for duplicates? No
2025-07-21 17:06:29.979 Df bluetoothd[154:454e48a] [com.apple.bluetooth:Server.LE.Scan] <private> allowDupes:0, agentAllowDupes:0, active:0
2025-07-21 17:06:29.979 Df bluetoothd[154:454e48a] [com.apple.bluetooth:Server.LE.Scan] <private> active 0
2025-07-21 17:06:29.979 Df bluetoothd[154:454e48a] [com.apple.bluetooth:Server.LE.Scan] state 32
2025-07-21 17:06:29.979 Df bluetoothd[154:454e48a] [com.apple.bluetooth:Server.LE.Scan] <private> allowDupes:0, agentAllowDupes:0, active:0
2025-07-21 17:06:29.979 Df bluetoothd[154:454e48a] [com.apple.bluetooth:Server.LE.Scan] <private> active 0
2025-07-21 17:06:29.979 Df bluetoothd[154:454e48a] [com.apple.bluetooth:Server.LE.Scan] state 32
2025-07-21 17:06:29.979 Df bluetoothd[154:454e48a] [com.apple.bluetooth:Server.LE.Scan] Findmy usecase "FindMyNotOptedIn" is asking for duplicates? No
2025-07-21 17:06:29.979 Df bluetoothd[154:454e48a] [com.apple.bluetooth:Server.LE.Scan] <private> allowDupes:0, agentAllowDupes:0, active:0
2025-07-21 17:06:29.979 Df bluetoothd[154:454e48a] [com.apple.bluetooth:Server.LE.Scan] <private> active 0
2025-07-21 17:06:29.979 Df bluetoothd[154:454e48a] [com.apple.bluetooth:Server.LE.Scan] state 32
2025-07-21 17:06:29.979 Df bluetoothd[154:454e48a] [com.apple.bluetooth:Server.LE.Scan] <private> allowDupes:0, agentAllowDupes:0, active:0
2025-07-21 17:06:29.979 Df bluetoothd[154:454e48a] [com.apple.bluetooth:Server.LE.Scan] <private> active 0
2025-07-21 17:06:29.979 Df bluetoothd[154:454e48a] [com.apple.bluetooth:Server.LE.Scan] ScanParams: numScanAgents 4, combined params AD:0 AS:0 MSL:3 (30/300) PSV:1
2025-07-21 17:06:29.979 Df bluetoothd[154:454e48a] [com.apple.bluetooth:Server.LE.Scan] ScanParams: [com.apple.locationd-central-139-0] AP:0 AD:0(30/300) AS:0 RAS:0 DMN:1 FG:0 ADVBF:0 pBT:0|[com.apple.bluetoothd-central-154-3] AP:0 AD:0(30/300) AS:0 RAS:0 DMN:1 FG:0 ADVBF:0 pBT:0|[com.apple.locationd-central-139-13] AP:0 AD:0(30/300) AS:0 RAS:0 DMN:1 FG:0 ADVBF:0 pBT:0
2025-07-21 17:06:29.979 Df bluetoothd[154:454e48a] [com.apple.bluetooth:Server.LE.Scan] ScanParams: [CBDaemon-0xCB2E0006] AP:0 AD:0(30/300) AS:0 RAS:0 DMN:1 FG:0 ADVBF:0 pBT:0
2025-07-21 17:06:29.979 Df bluetoothd[154:454e48a] [com.apple.bluetooth:Server.LE.Scan] Returning scan parameters: Main:30.00ms/300.00ms LP:0.00ms/300.00ms(supported) SC:0.00ms/50.00ms/non-concurrent(supported) Dm:(m:30/300) Cond:0:1:0 Sc:1 (passive) Dupfilter:Enabled minScanLevel:3 ENAssertion:N Pri:0/0
2025-07-21 17:06:29.980 Df bluetoothd[154:454e48a] [com.apple.bluetooth:Server.LE.Scan] needToRestart=1
2025-07-21 17:06:29.980 Df bluetoothd[154:454e48a] [com.apple.bluetooth:Server.LE.Scan] Starting passive scan (300.00ms/30.00ms) with duplicate filter enabled scNeed=0 stateO=0, retainDups=0 fScanFiltersNeedUpdating=NO
2025-07-21 17:06:29.980 Df bluetoothd[154:454e48a] [com.apple.bluetooth:Server.LE.Scan] overrideEnableGlobalDupFilter:1
2025-07-21 17:06:29.980 Df bluetoothd[154:454e48a] [com.apple.bluetooth:Server.LE.Scan] Scan state change:  Idle(1) --> Starting(2)
2025-07-21 17:06:29.980 Df bluetoothd[154:454e48a] [com.apple.bluetooth:Server.BTDaemon] <private>
2025-07-21 17:06:29.996 Df bluetoothd[154:454e48a] [com.apple.bluetooth:Server.LE.Scan] Scanning started successfully
2025-07-21 17:06:29.996 Df bluetoothd[154:454e48a] [com.apple.bluetooth:Server.LE.Scan] Scan state change:  Starting(2) --> Scanning(3)
2025-07-21 17:06:29.996 Df bluetoothd[154:454e48a] [com.apple.bluetooth:Server.LE.Scan] ShouldScan=1 AnyValidScanRequests=1 anyValidScanRequestInPaused=0 fObserverState=Active ClientScanPowerAssertRequired=0 fScanFiltersNeedUpdagint=0
2025-07-21 17:06:29.996 Df bluetoothd[154:454e48a] [com.apple.bluetooth:Server.LE.Scan] updateADVBufferConfig current:00 new:00 configChanged:00
2025-07-21 17:06:29.996 Df bluetoothd[154:454e48a] [com.apple.bluetooth:Server.LE.Scan] state 32
2025-07-21 17:06:29.996 Df bluetoothd[154:454e48a] [com.apple.bluetooth:Server.LE.Scan] Findmy usecase "FindMyNotOptedIn" is asking for duplicates? No
2025-07-21 17:06:29.996 Df bluetoothd[154:454e48a] [com.apple.bluetooth:Server.LE.Scan] <private> allowDupes:0, agentAllowDupes:0, active:0
2025-07-21 17:06:29.996 Df bluetoothd[154:454e48a] [com.apple.bluetooth:Server.LE.Scan] <private> active 0
2025-07-21 17:06:29.996 Df bluetoothd[154:454e48a] [com.apple.bluetooth:Server.LE.Scan] state 32
2025-07-21 17:06:29.996 Df bluetoothd[154:454e48a] [com.apple.bluetooth:Server.LE.Scan] <private> allowDupes:0, agentAllowDupes:0, active:0
2025-07-21 17:06:29.996 Df bluetoothd[154:454e48a] [com.apple.bluetooth:Server.LE.Scan] <private> active 0
2025-07-21 17:06:29.996 Df bluetoothd[154:454e48a] [com.apple.bluetooth:Server.LE.Scan] state 32
2025-07-21 17:06:29.996 Df bluetoothd[154:454e48a] [com.apple.bluetooth:Server.LE.Scan] Findmy usecase "FindMyNotOptedIn" is asking for duplicates? No
2025-07-21 17:06:29.996 Df bluetoothd[154:454e48a] [com.apple.bluetooth:Server.LE.Scan] <private> allowDupes:0, agentAllowDupes:0, active:0
2025-07-21 17:06:29.996 Df bluetoothd[154:454e48a] [com.apple.bluetooth:Server.LE.Scan] <private> active 0
2025-07-21 17:06:29.996 Df bluetoothd[154:454e48a] [com.apple.bluetooth:Server.LE.Scan] state 32
2025-07-21 17:06:29.996 Df bluetoothd[154:454e48a] [com.apple.bluetooth:Server.LE.Scan] <private> allowDupes:0, agentAllowDupes:0, active:0
2025-07-21 17:06:29.996 Df bluetoothd[154:454e48a] [com.apple.bluetooth:Server.LE.Scan] <private> active 0
2025-07-21 17:06:29.996 Df bluetoothd[154:454e48a] [com.apple.bluetooth:Server.LE.Scan] ScanParams: numScanAgents 4, combined params AD:0 AS:0 MSL:3 (30/300) PSV:1
2025-07-21 17:06:29.996 Df bluetoothd[154:454e48a] [com.apple.bluetooth:Server.LE.Scan] ScanParams: [com.apple.locationd-central-139-0] AP:0 AD:0(30/300) AS:0 RAS:0 DMN:1 FG:0 ADVBF:0 pBT:0|[com.apple.bluetoothd-central-154-3] AP:0 AD:0(30/300) AS:0 RAS:0 DMN:1 FG:0 ADVBF:0 pBT:0|[com.apple.locationd-central-139-13] AP:0 AD:0(30/300) AS:0 RAS:0 DMN:1 FG:0 ADVBF:0 pBT:0
2025-07-21 17:06:29.996 Df bluetoothd[154:454e48a] [com.apple.bluetooth:Server.LE.Scan] ScanParams: [CBDaemon-0xCB2E0006] AP:0 AD:0(30/300) AS:0 RAS:0 DMN:1 FG:0 ADVBF:0 pBT:0
2025-07-21 17:06:29.996 Df bluetoothd[154:454e48a] [com.apple.bluetooth:Server.LE.Scan] Returning scan parameters: Main:30.00ms/300.00ms LP:0.00ms/300.00ms(supported) SC:0.00ms/50.00ms/non-concurrent(supported) Dm:(m:30/300) Cond:0:1:0 Sc:1 (passive) Dupfilter:Enabled minScanLevel:3 ENAssertion:N Pri:0/0
2025-07-21 17:06:29.996 Df bluetoothd[154:454e48a] [com.apple.bluetooth:Server.LE.Scan] needToRestart=0
2025-07-21 17:06:30.286 Df bluetoothd[154:454fc93] [com.apple.bluetooth:Server.Core] Le [0x44]: time  40, coex   0, rssi -37, tx [S=  0:F=  0], rx [S=  0:F=  0], 1M {rx 0, tx 0}, 2M {rx 0, tx 0}
2025-07-21 17:06:30.337 Df bluetoothd[154:454e48b] [com.apple.bluetooth:CBDaemonServer] BLE Scanner Device Found: CBDevice 897294C0-EA5C-A355-A37F-8E59E42833BF, BDA 51:F7:56:CB:2F:CC, Nm 'Bluetooth Device', DsFl 0x40 < NearbyInfo >, DvF 0x40000000000 < Connectable >, RSSI -70, Ch 38, AdTsMC <1318783102695>, AMfD <4c 00 10 02 03 00>, CF 0x200000000 < RSSI >
2025-07-21 17:06:30.370 Df identityservicesd[4146:4a76e] [com.apple.bluetooth:WirelessProximity] Continuity start advertising with data: advertising request of type 12, priority 7, UseFG 48 (30.00 ms), data {length = 14, bytes = 0x08711d2019c4880a40a8e78aaaee}, connectable 1, addr change 1, options {
}, advertisementRequestedAt 0
2025-07-21 17:06:30.370 Df bluetoothd[154:454fc93] [com.apple.bluetooth:WirelessProximity] Start advertising for process identityservicesd (4146) of type 12 with advertising interval 48 (30.00 ms)
2025-07-21 17:06:30.370 Df bluetoothd[154:454fc93] [com.apple.bluetooth:WirelessProximity] Setting advert timer for client 12 with time 2.00
2025-07-21 17:06:30.370 Df bluetoothd[154:454fc93] [com.apple.bluetooth:WirelessProximity] [Privacy] removeAdvertisingRequest: 12, <private>
2025-07-21 17:06:30.370 Df bluetoothd[154:454fc93] [com.apple.bluetooth:WirelessProximity] Adding data of type: 9, advData: {length = 8, bytes = 0x132ec0a801411b58} advInterval: 290 EPA:0
2025-07-21 17:06:30.370 Df bluetoothd[154:454fc93] [com.apple.bluetooth:WirelessProximity] Current advertisement packet: {length = 10, bytes = 0x0908132ec0a801411b58} advertRate: 290 EPA:0
2025-07-21 17:06:30.370 Df bluetoothd[154:454fc93] [com.apple.bluetooth:WirelessProximity] Adding data of type: 12, advData: {length = 14, bytes = 0x08711d2019c4880a40a8e78aaaee} advInterval: 48 EPA:0
2025-07-21 17:06:30.370 Df bluetoothd[154:454fc93] [com.apple.bluetooth:WirelessProximity] Current advertisement packet: {length = 16, bytes = 0x0c0e08711d2019c4880a40a8e78aaaee} advertRate: 48 EPA:0
2025-07-21 17:06:30.370 Df bluetoothd[154:454fc93] [com.apple.bluetooth:WirelessProximity] Adding data of type: 16, advData: {length = 6, bytes = 0x4b1d3a805f58} advInterval: 432 EPA:0
2025-07-21 17:06:30.371 Df bluetoothd[154:454fc93] [com.apple.bluetooth:WirelessProximity] Current advertisement packet: {length = 24, bytes = 0x0c0e08711d2019c4880a40a8e78aaaee10064b1d3a805f58} advertRate: 48 EPA:0
2025-07-21 17:06:30.371 Df bluetoothd[154:454fc93] [com.apple.bluetooth:WirelessProximity] Adding data of type: 22, advData: {length = 8, bytes = 0x0095ed5ad776ba42} advInterval: 290 EPA:0
2025-07-21 17:06:30.371 Df bluetoothd[154:454fc93] [com.apple.bluetooth:WirelessProximity] Current advertisement packet: {length = 20, bytes = 0x0908132ec0a801411b5816080095ed5ad776ba42} advertRate: 290 EPA:0
2025-07-21 17:06:30.371 Df bluetoothd[154:454fc93] [com.apple.bluetooth:WirelessProximity] [Privacy] AdvertisingRulesiOS: current connectable advertisers: <private>, current clients for address change notification: <private>
2025-07-21 17:06:30.371 Df bluetoothd[154:454fc93] [com.apple.bluetooth:WirelessProximity] [Privacy] AdvertisingRulesiOS: remaining connectable advertisers: <private>, notification clients: <private>
2025-07-21 17:06:30.371 Df bluetoothd[154:454fc93] [com.apple.bluetooth:WirelessProximity] [Privacy] AdvertisingRulesiOS: current non-connectable advertisers: <private>, current clients for address change notification: <private>
2025-07-21 17:06:30.371 Df bluetoothd[154:454fc93] [com.apple.bluetooth:WirelessProximity] [Privacy] AdvertisingRulesiOS: remaining non-connectable advertisers: <private>, notification clients: <private>
2025-07-21 17:06:30.371 Df bluetoothd[154:454fc93] [com.apple.bluetooth:WirelessProximity] AdvertisingRulesiOS - current advertisers: 9 12 16 22
2025-07-21 17:06:30.371 Df bluetoothd[154:454fc93] [com.apple.bluetooth:WirelessProximity] [Privacy] AdvertisingRulesiOS: AddrChangeNotificationNeeded adv packet:  <private>
2025-07-21 17:06:30.371 Df bluetoothd[154:454fc93] [com.apple.bluetooth:WirelessProximity] [Privacy] AdvertisingRulesiOS: AddrChangeNotificationNeeded adv packet:  <private>
2025-07-21 17:06:30.371 Df bluetoothd[154:454fc93] [com.apple.bluetooth:WirelessProximity] AdvertisingRulesiOS - advertising packets: (
        {
        kCBAdvDataAppleMfgData = {length = 28, bytes = 0x1bff4c00 0c0e0871 1d2019c4 880a40a8 ... 10064b1d 3a805f58 };
        kCBAdvDataIsConnectable = 1;
        kCBAdvOptionAdvertisingInterval = 48;
        kCBAdvOptionStopOnAdvertisingAddressChange = 1;
        kCBManagerListOfClients =         (
            "com.apple.identityservicesd",
            "com.apple.sharingd"
        );
        kCBMsgArgIsPrivilegedDaemon = 1;
    },
        {
        kCBAdvDataAppleMfgData = {length = 24, bytes = 0x17ff4c000908132ec0a801411b5816080095ed5ad776ba42};
        kCBAdvDataIsConnectable = 0;
        kCBAdvOptionAdvertisingInterval = 290;
        kCBAdvOptionStopOnAdvertisingAddressChange = 1;
        kCBMsgArgIsPrivilegedDaemon = 1;
    }
)
2025-07-21 17:06:30.371 Df bluetoothd[154:454fc93] [com.apple.bluetooth:WirelessProximity] Requesting to start advertising for clients 9 12 16 22  with (
        {
        kCBAdvDataAppleMfgData = {length = 28, bytes = 0x1bff4c00 0c0e0871 1d2019c4 880a40a8 ... 10064b1d 3a805f58 };
        kCBAdvDataIsConnectable = 1;
        kCBAdvOptionAdvertisingInterval = 48;
        kCBAdvOptionStopOnAdvertisingAddressChange = 1;
        kCBManagerListOfClients =         (
            "com.apple.identityservicesd",
            "com.apple.sharingd"
        );
        kCBMsgArgIsPrivilegedDaemon = 1;
    },
        {
        kCBAdvDataAppleMfgData = {length = 24, bytes = 0x17ff4c000908132ec0a801411b5816080095ed5ad776ba42};
        kCBAdvDataIsConnectable = 0;
        kCBAdvOptionAdvertisingInterval = 290;
        kCBAdvOptionStopOnAdvertisingAddressChange = 1;
        kCBMsgArgIsPrivilegedDaemon = 1;
    }
)
2025-07-21 17:06:30.371 Df bluetoothd[154:454e48b] [com.apple.bluetooth:Server.XPC] Received XPC message "CBMsgIdStopAdvertising" from session "com.apple.bluetoothd-peripheral-154-4"
2025-07-21 17:06:30.371 Df bluetoothd[154:454e48b] [com.apple.bluetooth:Server.LE.Advertise] Received 'stop advertising' request from session "com.apple.bluetoothd-peripheral-154-4"
2025-07-21 17:06:30.371 Df bluetoothd[154:454e48b] [com.apple.bluetooth:Server.Core] BT Stats for metric '<private>' sent to CoreAnalytics with result 0
2025-07-21 17:06:30.371 Df bluetoothd[154:454e48b] [com.apple.bluetooth:Server.Core] BT Stats for metric '<private>' sent to CoreAnalytics with result 0
2025-07-21 17:06:30.371 Df bluetoothd[154:454e48b] [com.apple.bluetooth:Server.XPC] Received XPC message "CBMsgIdStopAdvertising" from session "com.apple.bluetoothd-peripheral-154-5"
2025-07-21 17:06:30.372 Df bluetoothd[154:454fa0d] [com.apple.bluetooth:WirelessProximity] [Privacy] Did stop advertising with error: (null)
2025-07-21 17:06:30.372 Df bluetoothd[154:454fc93] [com.apple.bluetooth:Server.LE.Advertise] background advertising sessions:AppleMFG:0 Extended:0
2025-07-21 17:06:30.372 Df bluetoothd[154:454fc93] [com.apple.bluetooth:Stack.LE]  StopAdvertising tech=1
2025-07-21 17:06:30.372 Df bluetoothd[154:454fc93] [com.apple.bluetooth:Stack.LE]  Address rotation in progress:NO
2025-07-21 17:06:30.372 Df bluetoothd[154:454fc93] [com.apple.bluetooth:Server.LE.Advertise] Advertising state change:  Advertising(2) --> Stopping(3) stack:ON
2025-07-21 17:06:30.372 Df bluetoothd[154:454e48b] [com.apple.bluetooth:Server.LE.Advertise] Received 'stop advertising' request from session "com.apple.bluetoothd-peripheral-154-5"
2025-07-21 17:06:30.372 Df bluetoothd[154:454e48b] [com.apple.bluetooth:Server.Core] BT Stats for metric '<private>' sent to CoreAnalytics with result 0
2025-07-21 17:06:30.372 Df bluetoothd[154:454e48b] [com.apple.bluetooth:Server.XPC] Received XPC message "CBMsgIdStartAdvertising" from session "com.apple.bluetoothd-peripheral-154-4"
2025-07-21 17:06:30.372 Df bluetoothd[154:454e48a] [com.apple.bluetooth:WirelessProximity] [Privacy] Did stop advertising with error: (null)
2025-07-21 17:06:30.372 Df bluetoothd[154:454e48b] [com.apple.bluetooth:Server.XPC] Setting client list to <private>
2025-07-21 17:06:30.372 Df bluetoothd[154:454e48b] [com.apple.bluetooth:Server.LE.Advertise] Received 'start advertising' request from session "com.apple.bluetoothd-peripheral-154-4", with manufacturer data [ 1B FF 4C 00 0C 0E 08 71 1D 20 19 C4 88 0A 40 A8 E7 8A AA EE 10 06 4B 1D 3A 80 5F 58 ], interval 30, no name
2025-07-21 17:06:30.372 Df bluetoothd[154:454e48b] [com.apple.bluetooth:Server.LE.Advertise] Calling updateAdvertisement
2025-07-21 17:06:30.372 Df bluetoothd[154:454e48b] [com.apple.bluetooth:Server.XPC] Received XPC message "CBMsgIdStartAdvertising" from session "com.apple.bluetoothd-peripheral-154-5"
2025-07-21 17:06:30.372 Df bluetoothd[154:454e48b] [com.apple.bluetooth:Server.XPC] Setting client list to <private>
2025-07-21 17:06:30.372 Df bluetoothd[154:454e48b] [com.apple.bluetooth:Server.LE.Advertise] Received 'start advertising' request from session "com.apple.bluetoothd-peripheral-154-5", with manufacturer data [ 17 FF 4C 00 09 08 13 2E C0 A8 01 41 1B 58 16 08 00 95 ED 5A D7 76 BA 42 ], interval 122, no name
2025-07-21 17:06:30.372 Df bluetoothd[154:454fc93] [com.apple.bluetooth:WirelessProximity] Started to advertise for type 9 with error (null)
2025-07-21 17:06:30.372 Df bluetoothd[154:454e48b] [com.apple.bluetooth:Server.LE.Advertise] Calling updateAdvertisement
2025-07-21 17:06:30.372 Df bluetoothd[154:454fc93] [com.apple.bluetooth:WirelessProximity] Started to advertise for type 12 with error (null)
2025-07-21 17:06:30.372 Df bluetoothd[154:454fc93] [com.apple.bluetooth:WirelessProximity] Advertising started for client <private> (4146) of type 12
2025-07-21 17:06:30.372 Df bluetoothd[154:454e48a] [com.apple.bluetooth:Server.MacCoex] Adding LE Connection <private>
2025-07-21 17:06:30.372 Df bluetoothd[154:454fc93] [com.apple.bluetooth:WirelessProximity] Started to advertise for type 16 with error (null)
2025-07-21 17:06:30.373 Df bluetoothd[154:454fc93] [com.apple.bluetooth:WirelessProximity] Advertising started for client <private> (4170) of type 16
2025-07-21 17:06:30.373 Df bluetoothd[154:454fc93] [com.apple.bluetooth:WirelessProximity] Started to advertise for type 22 with error (null)
2025-07-21 17:06:30.373 Df bluetoothd[154:454e48a] [com.apple.bluetooth:Server.MacCoex] Posting Bluetooth Status Notification <private>
2025-07-21 17:06:30.377 Df bluetoothd[154:11d8] [com.apple.bluetooth:Stack.LE]  Address rotation in progress:NO
2025-07-21 17:06:30.377 Df bluetoothd[154:454e48a] [com.apple.bluetooth:Server.LE.Advertise] Stopped advertising successfully status=0
2025-07-21 17:06:30.377 Df bluetoothd[154:454e48a] [com.apple.bluetooth:Server.LE.Advertise] Advertising state change:  Stopping(3) --> Idle(0) stack:ON
2025-07-21 17:06:30.377 Df bluetoothd[154:454e48a] [com.apple.bluetooth:Server.LE.Advertise] background advertising sessions:AppleMFG:0 Extended:0
2025-07-21 17:06:30.377 Df bluetoothd[154:454e48a] [com.apple.bluetooth:Stack.LE]  StartAdvertising tech=1 handle=0
2025-07-21 17:06:30.377 Df bluetoothd[154:454e48a] [com.apple.bluetooth:Stack.LE]  Address rotation in progress:NO
2025-07-21 17:06:30.377 Df bluetoothd[154:454e48a] [com.apple.bluetooth:Server.LE.Advertise] Advertising state change:  Idle(0) --> Starting(1) stack:ON
2025-07-21 17:06:30.391 Df bluetoothd[154:11d8] [com.apple.bluetooth:Stack.LE]  Address rotation in progress:NO
2025-07-21 17:06:30.392 Df bluetoothd[154:11d8] [com.apple.bluetooth:Stack.LE]  StartAdvertising tech=1 handle=2
2025-07-21 17:06:30.392 Df bluetoothd[154:11d8] [com.apple.bluetooth:Stack.LE]  Address rotation in progress:NO
2025-07-21 17:06:30.406 Df bluetoothd[154:11d8] [com.apple.bluetooth:Stack.LE]  Address rotation in progress:NO
2025-07-21 17:06:30.407 Df bluetoothd[154:11d8] [com.apple.bluetooth:Stack.LE]  StartAdvertising tech=1 handle=3
2025-07-21 17:06:30.407 Df bluetoothd[154:11d8] [com.apple.bluetooth:Stack.LE]  Address rotation in progress:NO
2025-07-21 17:06:30.420 Df bluetoothd[154:11d8] [com.apple.bluetooth:Stack.LE]  Address rotation in progress:NO
2025-07-21 17:06:30.420 Df bluetoothd[154:11d8] [com.apple.bluetooth:Stack.LE]  StartAdvertising tech=1 handle=4
2025-07-21 17:06:30.420 Df bluetoothd[154:11d8] [com.apple.bluetooth:Stack.LE]  Address rotation in progress:NO
2025-07-21 17:06:30.435 Df bluetoothd[154:11d8] [com.apple.bluetooth:Stack.LE]  Address rotation in progress:NO
2025-07-21 17:06:30.435 Df bluetoothd[154:454e48b] [com.apple.bluetooth:Server.LE.Advertise] Started advertising successfully status=0
2025-07-21 17:06:30.435 Df bluetoothd[154:454e48b] [com.apple.bluetooth:Server.LE.Advertise] Advertising state change:  Starting(1) --> Advertising(2) stack:ON
2025-07-21 17:06:30.435 Df bluetoothd[154:454e48b] [com.apple.bluetooth:Server.LE.Advertise] background advertising sessions:AppleMFG:0 Extended:0
2025-07-21 17:06:30.516 Df bluetoothd[154:454e48b] [com.apple.bluetooth:Server.Core] Classic [0x10]: time   1, coex   0, rssi -43, tx [S=  0:F=  0], rx [S=  0:F=  0], Pkt Tx{0 0 0}{0 0 0}{0 0 0} Rx{0 0 0}{0 0 0}{0 0 0}
2025-07-21 17:06:30.516 Df bluetoothd[154:11d8] [com.apple.bluetooth:Server.Core] Desense: WLAN Status: ON, isWiFiAssociated: No, wiFiAssociatedBand2GHz: No, wiFiAssociatedBand5GHz: No
2025-07-21 17:06:30.579 Df bluetoothd[154:454e48b] [com.apple.bluetooth:Server.LE.Advertise] background advertising sessions:AppleMFG:0 Extended:0
2025-07-21 17:06:31.287 Df bluetoothd[154:454fc93] [com.apple.bluetooth:Server.Core] Le [0x44]: time  15, coex   0, rssi -40, tx [S=  0:F=  0], rx [S= 78:F=  0], 1M {rx 0, tx 0}, 2M {rx 0, tx 78}
2025-07-21 17:06:31.287 Df bluetoothd[154:454e48a] [com.apple.bluetooth:Server.Core] BT Stats for metric '<private>' sent to CoreAnalytics with result 0
2025-07-21 17:06:31.288 Df bluetoothd[154:454e48a] [com.apple.bluetooth:Server.Core] HID Latency Statistics events indicated HID lag issue is detected on connection handle 0x0044, vid = 1133 (0x046d), pid = 45105 (0xb031)
2025-07-21 17:06:31.288 Df bluetoothd[154:454e48a] [com.apple.bluetooth:Server.Core] BT Stats for metric '<private>' sent to CoreAnalytics with result 0
2025-07-21 17:06:31.288 Df bluetoothd[154:b9c] [com.apple.bluetooth:BTServicesClient] TargetUserSession kylemathewson 501
2025-07-21 17:06:31.290 Df audioaccessoryd[4247:454ff01] [com.apple.bluetooth:BTServicesDaemon] DiagnosticControl: { "IsDeviceStatisticEnabled" : true, "NumberOfRSSIDecreasedMoreThan30dBm" : 0, "FWVersion" : "0.0.0", "HFPSessionState" : 3, "DeviceLowestRSSI" : -54, "AverageHIDLatencyInMSec" : 29, "PID" : 45105, "SniffInterval_Bin_01_11.25ms" : 0, "WiFiOnWhichBand" : 0, "TotalAnomaliesInBins" : 3, "SniffInterval_Bin_11_750ms" : 0, "DisconnectReason" : 0, "LEASessionState" : 3, "SniffInterval_Bin_02_15ms" : 2, "PER" : 0, "RSSI" : 0, "SniffIntervalSkippedPercentage" : 0, "SniffInterval_Bin_10_500ms" : 1, "DSniffOffset" : 2, "SniffInterval_Bin_12_>750ms" : 1, "ConnectedClassicDevice" : 0, "SniffInterval_Bin_05_45ms" : 0, "IsHFPActive" : false, "TriggerReason" : "Anomaly", "WiFiPowerState" : 2, "IsLEAStreaming" : false, "SniffIntervalSkipped" : 0, "NumberOfRSSIIncreasedMoreThan30dBm" : 0, "MaxHIDLatencyInMSec" : ">750ms", "NumberOfAppleMouseOrTrackpadConnected" : 1, "StatisticsCollectedInSeconds" : 1, "SniffIntervalServicedPercentage" : 201, "_input" : "HIDLagDetected", "SniffInterval_Bin_09_150ms" <…>
2025-07-21 17:06:31.290 Df audioaccessoryd[4247:454ff01] [com.apple.bluetooth:BTServicesDaemon] A2DPSessionState" : 3, "NumberOfRSSIDecreasedBetween26To30dBm" : 0, "ConnectedLEDevice" : 0, }
2025-07-21 17:06:31.291 Df bluetoothd[154:b9c] [com.apple.bluetooth:BTServicesClient] Invalidating
2025-07-21 17:06:31.516 Df bluetoothd[154:454fc93] [com.apple.bluetooth:Server.Core] Classic [0x10]: time   2, coex   0, rssi -44, tx [S=  0:F=  0], rx [S=  0:F=  0], Pkt Tx{0 0 0}{0 0 0}{0 0 0} Rx{0 0 0}{0 0 0}{0 0 0}
2025-07-21 17:06:31.516 Df bluetoothd[154:11d8] [com.apple.bluetooth:Server.Core] Desense: WLAN Status: ON, isWiFiAssociated: No, wiFiAssociatedBand2GHz: No, wiFiAssociatedBand5GHz: No
2025-07-21 17:06:31.517 Df bluetoothd[154:454fc93] [com.apple.bluetooth:Server.MacCoex] Desense Detection: Current Minimum NF Value for Core0 is -112 and Core1 is -112, current state is Off, current number of connected USBs is 2 and USB Detected is True
2025-07-21 17:06:31.536 Df bluetoothd[154:454e48a] [com.apple.bluetooth:CBDaemonServer] BLE Scanner Device Found: CBDevice BE0B8A43-8DEA-C6D8-B5A9-6C15463BC288, BDA 4C:7D:A5:82:98:74, Nm 'Kyle’s Mac mini', Md Mac14,12, IDS 93A8F1D1-F4E7-4ED9-AE72-B76FA705B1F1, AcID kylemath@gmail.com, stID 93A8F1D1-F4E7-4ED9-AE72-B76FA705B1F1, DsFl 0x8000000000 < AirPlayTarget >, DsTy <NearbyInfoV2, MiLo>, DvF 0x40000000080 < SameAccount Connectable >, RSSI -85, Ch 39, AdTsMC <1318784301473>, AMfD <4c 00 09 08 13 02 c0 a8 56 47 1b 58 16 08 00 c8 10 78 6a 1e 40 0b>, apTC 2, apTF 0x13 < SupportsAWDLSolo SupportsMediaControl HasPort >, apTI 192.168.86.71, apTP 7000, nb2Fe 0x4 < MiLo >, nb2A <10 78 6a>, nb2Ai <1e 40 0b>, CF 0x200000000 < RSSI >
2025-07-21 17:06:31.850 Df bluetoothd[154:454e48b] [com.apple.bluetooth:CBDaemonServer] BLE Scanner Device Found: CBDevice DC41C4B4-EB4A-47B0-4FC8-173D225D2F8F, BDA 60:2B:A2:E3:FF:15, Nm 'Bluetooth Device', DsFl 0x40 < NearbyInfo >, DvF 0x40000000000 < Connectable >, RSSI -49, Ch 38, AdTsMC <1318784615553>, AMfD <4c 00 10 06 2f 1e 47 a8 0a de>, nbIAT <47 a8 0a>, nbIF 0x3C2 < Ranging AT Duet WiFiP2P HtSp >, CF 0x200000000 < RSSI >
2025-07-21 17:06:32.107 Df bluetoothd[154:454e48a] [com.apple.bluetooth:CBDaemonServer] BLE Scanner Device Found: CBDevice C008F3D6-FC65-2AAD-F910-3A7B46987534, BDA 64:04:F8:83:E8:4D, Nm 'Kyle’s MacBook Air', Md Mac14,2, IDS 7F49F13D-F9C0-42EF-BA33-52EA8DE51D34, AcID kylemath@gmail.com, stID 7F49F13D-F9C0-42EF-BA33-52EA8DE51D34, DsFl 0x40 < NearbyInfo >, DvF 0x40000000080 < SameAccount Connectable >, RSSI -89, Ch 38, AdTsMC <1318784872442>, AMfD <4c 00 10 05 4c 1c 92 6f 06>, nbIAT <92 6f 06>, nbIF 0x1C1 < AirDrop AT Duet WiFiP2P >, CF 0x200000000 < RSSI >
2025-07-21 17:06:32.288 Df bluetoothd[154:454e48a] [com.apple.bluetooth:Server.Core] Le [0x44]: time  15, coex   0, rssi -44, tx [S=  0:F=  0], rx [S= 76:F=  0], 1M {rx 0, tx 0}, 2M {rx 0, tx 76}
2025-07-21 17:06:32.371 Df bluetoothd[154:454fc93] [com.apple.bluetooth:WirelessProximity] Advert timer expired for client 12 after 2.00 seconds
2025-07-21 17:06:32.372 Df identityservicesd[4146:4a76e] [com.apple.bluetooth:WirelessProximity] Continuity update advertising with data: advertising request of type 12, priority 7, UseFG 290 (181.25 ms), data {length = 14, bytes = 0x08711d2019c4880a40a8e78aaaee}, connectable 1, addr change 1, options {
}, advertisementRequestedAt 0
2025-07-21 17:06:32.372 Df bluetoothd[154:454fc93] [com.apple.bluetooth:WirelessProximity] Updating advert request for client 12 after 2.00 seconds
2025-07-21 17:06:32.372 Df bluetoothd[154:454fc93] [com.apple.bluetooth:WirelessProximity] Start advertising for process identityservicesd (4146) of type 12 with advertising interval 290 (181.25 ms)
2025-07-21 17:06:32.372 Df bluetoothd[154:454fc93] [com.apple.bluetooth:WirelessProximity] [Privacy] removeAdvertisingRequest: 12, <private>
2025-07-21 17:06:32.372 Df bluetoothd[154:454fc93] [com.apple.bluetooth:WirelessProximity] Adding data of type: 9, advData: {length = 8, bytes = 0x132ec0a801411b58} advInterval: 290 EPA:0
2025-07-21 17:06:32.372 Df bluetoothd[154:454fc93] [com.apple.bluetooth:WirelessProximity] Current advertisement packet: {length = 10, bytes = 0x0908132ec0a801411b58} advertRate: 290 EPA:0
2025-07-21 17:06:32.372 Df bluetoothd[154:454fc93] [com.apple.bluetooth:WirelessProximity] Adding data of type: 12, advData: {length = 14, bytes = 0x08711d2019c4880a40a8e78aaaee} advInterval: 290 EPA:0
2025-07-21 17:06:32.372 Df bluetoothd[154:454fc93] [com.apple.bluetooth:WirelessProximity] Current advertisement packet: {length = 16, bytes = 0x0c0e08711d2019c4880a40a8e78aaaee} advertRate: 290 EPA:0
2025-07-21 17:06:32.372 Df bluetoothd[154:454fc93] [com.apple.bluetooth:WirelessProximity] Adding data of type: 16, advData: {length = 6, bytes = 0x4b1d3a805f58} advInterval: 432 EPA:0
2025-07-21 17:06:32.373 Df bluetoothd[154:454fc93] [com.apple.bluetooth:WirelessProximity] Current advertisement packet: {length = 24, bytes = 0x0c0e08711d2019c4880a40a8e78aaaee10064b1d3a805f58} advertRate: 290 EPA:0
2025-07-21 17:06:32.373 Df bluetoothd[154:454fc93] [com.apple.bluetooth:WirelessProximity] Adding data of type: 22, advData: {length = 8, bytes = 0x0095ed5ad776ba42} advInterval: 290 EPA:0
2025-07-21 17:06:32.373 Df bluetoothd[154:454fc93] [com.apple.bluetooth:WirelessProximity] Current advertisement packet: {length = 20, bytes = 0x0908132ec0a801411b5816080095ed5ad776ba42} advertRate: 290 EPA:0
2025-07-21 17:06:32.373 Df bluetoothd[154:454fc93] [com.apple.bluetooth:WirelessProximity] [Privacy] AdvertisingRulesiOS: current connectable advertisers: <private>, current clients for address change notification: <private>
2025-07-21 17:06:32.373 Df bluetoothd[154:454fc93] [com.apple.bluetooth:WirelessProximity] [Privacy] AdvertisingRulesiOS: remaining connectable advertisers: <private>, notification clients: <private>
2025-07-21 17:06:32.373 Df bluetoothd[154:454fc93] [com.apple.bluetooth:WirelessProximity] [Privacy] AdvertisingRulesiOS: current non-connectable advertisers: <private>, current clients for address change notification: <private>
2025-07-21 17:06:32.373 Df bluetoothd[154:454fc93] [com.apple.bluetooth:WirelessProximity] [Privacy] AdvertisingRulesiOS: remaining non-connectable advertisers: <private>, notification clients: <private>
2025-07-21 17:06:32.373 Df bluetoothd[154:454fc93] [com.apple.bluetooth:WirelessProximity] AdvertisingRulesiOS - current advertisers: 9 12 16 22
2025-07-21 17:06:32.373 Df bluetoothd[154:454fc93] [com.apple.bluetooth:WirelessProximity] [Privacy] AdvertisingRulesiOS: AddrChangeNotificationNeeded adv packet:  <private>
2025-07-21 17:06:32.373 Df bluetoothd[154:454fc93] [com.apple.bluetooth:WirelessProximity] [Privacy] AdvertisingRulesiOS: AddrChangeNotificationNeeded adv packet:  <private>
2025-07-21 17:06:32.373 Df bluetoothd[154:454fc93] [com.apple.bluetooth:WirelessProximity] AdvertisingRulesiOS - advertising packets: (
        {
        kCBAdvDataAppleMfgData = {length = 28, bytes = 0x1bff4c00 0c0e0871 1d2019c4 880a40a8 ... 10064b1d 3a805f58 };
        kCBAdvDataIsConnectable = 1;
        kCBAdvOptionAdvertisingInterval = 290;
        kCBAdvOptionStopOnAdvertisingAddressChange = 1;
        kCBManagerListOfClients =         (
            "com.apple.identityservicesd",
            "com.apple.sharingd"
        );
        kCBMsgArgIsPrivilegedDaemon = 1;
    },
        {
        kCBAdvDataAppleMfgData = {length = 24, bytes = 0x17ff4c000908132ec0a801411b5816080095ed5ad776ba42};
        kCBAdvDataIsConnectable = 0;
        kCBAdvOptionAdvertisingInterval = 290;
        kCBAdvOptionStopOnAdvertisingAddressChange = 1;
        kCBMsgArgIsPrivilegedDaemon = 1;
    }
)
2025-07-21 17:06:32.373 Df bluetoothd[154:454fc93] [com.apple.bluetooth:WirelessProximity] Requesting to start advertising for clients 9 12 16 22  with (
        {
        kCBAdvDataAppleMfgData = {length = 28, bytes = 0x1bff4c00 0c0e0871 1d2019c4 880a40a8 ... 10064b1d 3a805f58 };
        kCBAdvDataIsConnectable = 1;
        kCBAdvOptionAdvertisingInterval = 290;
        kCBAdvOptionStopOnAdvertisingAddressChange = 1;
        kCBManagerListOfClients =         (
            "com.apple.identityservicesd",
            "com.apple.sharingd"
        );
        kCBMsgArgIsPrivilegedDaemon = 1;
    },
        {
        kCBAdvDataAppleMfgData = {length = 24, bytes = 0x17ff4c000908132ec0a801411b5816080095ed5ad776ba42};
        kCBAdvDataIsConnectable = 0;
        kCBAdvOptionAdvertisingInterval = 290;
        kCBAdvOptionStopOnAdvertisingAddressChange = 1;
        kCBMsgArgIsPrivilegedDaemon = 1;
    }
)
2025-07-21 17:06:32.373 Df bluetoothd[154:454e48a] [com.apple.bluetooth:Server.XPC] Received XPC message "CBMsgIdStopAdvertising" from session "com.apple.bluetoothd-peripheral-154-4"
2025-07-21 17:06:32.373 Df bluetoothd[154:454e48a] [com.apple.bluetooth:Server.LE.Advertise] Received 'stop advertising' request from session "com.apple.bluetoothd-peripheral-154-4"
2025-07-21 17:06:32.373 Df bluetoothd[154:454e48a] [com.apple.bluetooth:Server.Core] BT Stats for metric '<private>' sent to CoreAnalytics with result 0
2025-07-21 17:06:32.373 Df bluetoothd[154:454e48a] [com.apple.bluetooth:Server.Core] BT Stats for metric '<private>' sent to CoreAnalytics with result 0
2025-07-21 17:06:32.373 Df bluetoothd[154:454e48a] [com.apple.bluetooth:Server.XPC] Received XPC message "CBMsgIdStopAdvertising" from session "com.apple.bluetoothd-peripheral-154-5"
2025-07-21 17:06:32.373 Df bluetoothd[154:454fc93] [com.apple.bluetooth:Server.LE.Advertise] background advertising sessions:AppleMFG:0 Extended:0
2025-07-21 17:06:32.373 Df bluetoothd[154:454fa0d] [com.apple.bluetooth:WirelessProximity] [Privacy] Did stop advertising with error: (null)
2025-07-21 17:06:32.373 Df bluetoothd[154:454fc93] [com.apple.bluetooth:Stack.LE]  StopAdvertising tech=1
2025-07-21 17:06:32.373 Df bluetoothd[154:454fc93] [com.apple.bluetooth:Stack.LE]  Address rotation in progress:NO
2025-07-21 17:06:32.374 Df bluetoothd[154:454fc93] [com.apple.bluetooth:Server.LE.Advertise] Advertising state change:  Advertising(2) --> Stopping(3) stack:ON
2025-07-21 17:06:32.374 Df bluetoothd[154:454e48a] [com.apple.bluetooth:Server.LE.Advertise] Received 'stop advertising' request from session "com.apple.bluetoothd-peripheral-154-5"
2025-07-21 17:06:32.374 Df bluetoothd[154:454e48a] [com.apple.bluetooth:Server.Core] BT Stats for metric '<private>' sent to CoreAnalytics with result 0
2025-07-21 17:06:32.374 Df bluetoothd[154:454e48a] [com.apple.bluetooth:Server.XPC] Received XPC message "CBMsgIdStartAdvertising" from session "com.apple.bluetoothd-peripheral-154-4"
2025-07-21 17:06:32.374 Df bluetoothd[154:454fa0d] [com.apple.bluetooth:WirelessProximity] [Privacy] Did stop advertising with error: (null)
2025-07-21 17:06:32.374 Df bluetoothd[154:454e48a] [com.apple.bluetooth:Server.XPC] Setting client list to <private>
2025-07-21 17:06:32.374 Df bluetoothd[154:454e48a] [com.apple.bluetooth:Server.LE.Advertise] Received 'start advertising' request from session "com.apple.bluetoothd-peripheral-154-4", with manufacturer data [ 1B FF 4C 00 0C 0E 08 71 1D 20 19 C4 88 0A 40 A8 E7 8A AA EE 10 06 4B 1D 3A 80 5F 58 ], interval 122, no name
2025-07-21 17:06:32.374 Df bluetoothd[154:454e48a] [com.apple.bluetooth:Server.LE.Advertise] Calling updateAdvertisement
2025-07-21 17:06:32.374 Df bluetoothd[154:454e48a] [com.apple.bluetooth:Server.XPC] Received XPC message "CBMsgIdStartAdvertising" from session "com.apple.bluetoothd-peripheral-154-5"
2025-07-21 17:06:32.374 Df bluetoothd[154:454e48a] [com.apple.bluetooth:Server.XPC] Setting client list to <private>
2025-07-21 17:06:32.374 Df bluetoothd[154:454e48b] [com.apple.bluetooth:WirelessProximity] Started to advertise for type 9 with error (null)
2025-07-21 17:06:32.374 Df bluetoothd[154:454e48a] [com.apple.bluetooth:Server.LE.Advertise] Received 'start advertising' request from session "com.apple.bluetoothd-peripheral-154-5", with manufacturer data [ 17 FF 4C 00 09 08 13 2E C0 A8 01 41 1B 58 16 08 00 95 ED 5A D7 76 BA 42 ], interval 122, no name
2025-07-21 17:06:32.374 Df bluetoothd[154:454e48b] [com.apple.bluetooth:WirelessProximity] Started to advertise for type 12 with error (null)
2025-07-21 17:06:32.374 Df bluetoothd[154:454e48a] [com.apple.bluetooth:Server.LE.Advertise] Calling updateAdvertisement
2025-07-21 17:06:32.374 Df bluetoothd[154:454e48b] [com.apple.bluetooth:WirelessProximity] Advertising started for client <private> (4146) of type 12
2025-07-21 17:06:32.374 Df bluetoothd[154:454e48b] [com.apple.bluetooth:WirelessProximity] Started to advertise for type 16 with error (null)
2025-07-21 17:06:32.374 Df bluetoothd[154:454e48b] [com.apple.bluetooth:WirelessProximity] Advertising started for client <private> (4170) of type 16
2025-07-21 17:06:32.374 Df bluetoothd[154:454e48b] [com.apple.bluetooth:WirelessProximity] Started to advertise for type 22 with error (null)
2025-07-21 17:06:32.378 Df bluetoothd[154:11d8] [com.apple.bluetooth:Stack.LE]  Address rotation in progress:NO
2025-07-21 17:06:32.378 Df bluetoothd[154:454e48b] [com.apple.bluetooth:Server.LE.Advertise] Stopped advertising successfully status=0
2025-07-21 17:06:32.378 Df bluetoothd[154:454e48b] [com.apple.bluetooth:Server.LE.Advertise] Advertising state change:  Stopping(3) --> Idle(0) stack:ON
2025-07-21 17:06:32.378 Df bluetoothd[154:454e48b] [com.apple.bluetooth:Server.LE.Advertise] background advertising sessions:AppleMFG:0 Extended:0
2025-07-21 17:06:32.378 Df bluetoothd[154:454e48b] [com.apple.bluetooth:Stack.LE]  StartAdvertising tech=1 handle=0
2025-07-21 17:06:32.378 Df bluetoothd[154:454e48b] [com.apple.bluetooth:Stack.LE]  Address rotation in progress:NO
2025-07-21 17:06:32.378 Df bluetoothd[154:454e48b] [com.apple.bluetooth:Server.LE.Advertise] Advertising state change:  Idle(0) --> Starting(1) stack:ON
2025-07-21 17:06:32.393 Df bluetoothd[154:11d8] [com.apple.bluetooth:Stack.LE]  Address rotation in progress:NO
2025-07-21 17:06:32.393 Df bluetoothd[154:11d8] [com.apple.bluetooth:Stack.LE]  StartAdvertising tech=1 handle=2
2025-07-21 17:06:32.393 Df bluetoothd[154:11d8] [com.apple.bluetooth:Stack.LE]  Address rotation in progress:NO
2025-07-21 17:06:32.405 Df bluetoothd[154:11d8] [com.apple.bluetooth:Stack.LE]  Address rotation in progress:NO
2025-07-21 17:06:32.405 Df bluetoothd[154:11d8] [com.apple.bluetooth:Stack.LE]  StartAdvertising tech=1 handle=3
2025-07-21 17:06:32.405 Df bluetoothd[154:11d8] [com.apple.bluetooth:Stack.LE]  Address rotation in progress:NO
2025-07-21 17:06:32.419 Df bluetoothd[154:11d8] [com.apple.bluetooth:Stack.LE]  Address rotation in progress:NO
2025-07-21 17:06:32.419 Df bluetoothd[154:11d8] [com.apple.bluetooth:Stack.LE]  StartAdvertising tech=1 handle=4
2025-07-21 17:06:32.419 Df bluetoothd[154:11d8] [com.apple.bluetooth:Stack.LE]  Address rotation in progress:NO
2025-07-21 17:06:32.430 Df bluetoothd[154:11d8] [com.apple.bluetooth:Stack.LE]  Address rotation in progress:NO
2025-07-21 17:06:32.430 Df bluetoothd[154:454e48b] [com.apple.bluetooth:Server.LE.Advertise] Started advertising successfully status=0
2025-07-21 17:06:32.430 Df bluetoothd[154:454e48b] [com.apple.bluetooth:Server.LE.Advertise] Advertising state change:  Starting(1) --> Advertising(2) stack:ON
2025-07-21 17:06:32.430 Df bluetoothd[154:454e48b] [com.apple.bluetooth:Server.LE.Advertise] background advertising sessions:AppleMFG:0 Extended:0
2025-07-21 17:06:32.442 Df bluetoothd[154:454e48b] [com.apple.bluetooth:CBDaemonServer] BLE Scanner Device Found: CBDevice DCEFB376-BE96-EB30-D52C-0105C00564C4, BDA C5:09:2D:F6:D3:77, Nm 'Bluetooth Device', DsFl 0x20000000000 < ObjectDiscoveryNearOwner >, DvF 0x40000000000 < Connectable >, RSSI -83, Ch 39, AdTsMC <1318785207004>, AMfD <4c 00 12 02 00 02>, odBS High, odMd NearOwner, odNO 85092df6d377, odPI ApGn, odPK NULL, CF 0xA0A40000000 < BLEAdvertisementData RSSI DiscoveryFlags ObjectDiscoveryNearOwner Attributes >
2025-07-21 17:06:32.518 Df bluetoothd[154:454e48b] [com.apple.bluetooth:Server.Core] Classic [0x10]: time   2, coex   0, rssi -44, tx [S=  0:F=  0], rx [S=  0:F=  0], Pkt Tx{0 0 0}{0 0 0}{0 0 0} Rx{0 0 0}{0 0 0}{0 0 0}
2025-07-21 17:06:32.518 Df bluetoothd[154:11d8] [com.apple.bluetooth:Server.Core] Desense: WLAN Status: ON, isWiFiAssociated: No, wiFiAssociatedBand2GHz: No, wiFiAssociatedBand5GHz: No
2025-07-21 17:06:32.518 Df bluetoothd[154:454fc93] [com.apple.bluetooth:Server.MacCoex] Desense Detection: Current Minimum NF Value for Core0 is -112 and Core1 is -112, current state is Off, current number of connected USBs is 2 and USB Detected is True
2025-07-21 17:06:32.579 Df bluetoothd[154:454fc93] [com.apple.bluetooth:Server.LE.Advertise] background advertising sessions:AppleMFG:0 Extended:0
2025-07-21 17:06:33.244 Df bluetoothd[154:b9c] [com.apple.bluetooth:Server.Core] [MacUserClient][NotificationEventHandler] -- Received Heart Beat notification -- HIDShim
2025-07-21 17:06:33.245 Df bluetoothd[154:454fc93] [com.apple.bluetooth:Server.Core] isHIDShimDevice: Device 64:5A:ED:EF:A1:C1 is a modern Apple HID and supportsUserSpaceHIDDriversOnMacOS() is true -- return false
2025-07-21 17:06:33.288 Df bluetoothd[154:454fc93] [com.apple.bluetooth:Server.Core] Le [0x44]: time  40, coex   0, rssi -44, tx [S=  0:F=  0], rx [S=  0:F=  0], 1M {rx 0, tx 0}, 2M {rx 0, tx 0}
2025-07-21 17:06:33.522 Df bluetoothd[154:454fc93] [com.apple.bluetooth:Server.Core] Classic [0x10]: time   2, coex   0, rssi -44, tx [S=  0:F=  0], rx [S=  0:F=  0], Pkt Tx{0 0 0}{0 0 0}{0 0 0} Rx{0 0 0}{0 0 0}{0 0 0}
2025-07-21 17:06:33.522 Df bluetoothd[154:11d8] [com.apple.bluetooth:Server.Core] Desense: WLAN Status: ON, isWiFiAssociated: No, wiFiAssociatedBand2GHz: No, wiFiAssociatedBand5GHz: No
2025-07-21 17:06:33.522 Df bluetoothd[154:454fc93] [com.apple.bluetooth:Server.MacCoex] Desense Detection: Current Minimum NF Value for Core0 is -112 and Core1 is -112, current state is Off, current number of connected USBs is 2 and USB Detected is True
2025-07-21 17:06:34.291 Df bluetoothd[154:454e48b] [com.apple.bluetooth:Server.Core] Le [0x44]: time  40, coex   0, rssi -45, tx [S=  0:F=  0], rx [S=  0:F=  0], 1M {rx 0, tx 0}, 2M {rx 0, tx 0}
2025-07-21 17:06:34.522 Df bluetoothd[154:454e48b] [com.apple.bluetooth:Server.Core] Classic [0x10]: time   2, coex   0, rssi -43, tx [S=  0:F=  0], rx [S=  0:F=  0], Pkt Tx{0 0 0}{0 0 0}{0 0 0} Rx{0 0 0}{0 0 0}{0 0 0}
2025-07-21 17:06:34.522 Df bluetoothd[154:11d8] [com.apple.bluetooth:Server.Core] Desense: WLAN Status: ON, isWiFiAssociated: No, wiFiAssociatedBand2GHz: No, wiFiAssociatedBand5GHz: No
2025-07-21 17:06:34.523 Df bluetoothd[154:454e48b] [com.apple.bluetooth:Server.MacCoex] Desense Detection: Current Minimum NF Value for Core0 is -113 and Core1 is -112, current state is Off, current number of connected USBs is 2 and USB Detected is True
2025-07-21 17:06:35.295 Df bluetoothd[154:454fc93] [com.apple.bluetooth:Server.Core] Le [0x44]: time  40, coex   0, rssi -45, tx [S=  0:F=  0], rx [S=  0:F=  0], 1M {rx 0, tx 0}, 2M {rx 0, tx 0}
2025-07-21 17:06:35.524 Df bluetoothd[154:454fc93] [com.apple.bluetooth:Server.Core] Classic [0x10]: time   2, coex   0, rssi -44, tx [S=  0:F=  6], rx [S=  0:F=  0], Pkt Tx{0 0 0}{0 0 0}{0 0 0} Rx{0 0 0}{0 0 0}{0 0 0}
2025-07-21 17:06:35.525 Df bluetoothd[154:11d8] [com.apple.bluetooth:Server.Core] Desense: WLAN Status: ON, isWiFiAssociated: No, wiFiAssociatedBand2GHz: No, wiFiAssociatedBand5GHz: No
2025-07-21 17:06:35.525 Df bluetoothd[154:454fc93] [com.apple.bluetooth:Server.MacCoex] Desense Detection: Current Minimum NF Value for Core0 is -113 and Core1 is -112, current state is Off, current number of connected USBs is 2 and USB Detected is True
2025-07-21 17:06:36.296 Df bluetoothd[154:454fc93] [com.apple.bluetooth:Server.Core] Le [0x44]: time  40, coex   0, rssi -45, tx [S=  1:F=  1], rx [S=  0:F=  0], 1M {rx 0, tx 0}, 2M {rx 2, tx 0}
2025-07-21 17:06:36.526 Df bluetoothd[154:454fc93] [com.apple.bluetooth:Server.Core] Classic [0x10]: time   5, coex   0, rssi -44, tx [S=  1:F= 15], rx [S=  0:F=  0], Pkt Tx{0 0 0}{0 0 0}{0 0 0} Rx{0 0 0}{0 0 0}{0 0 0}
2025-07-21 17:06:36.526 Df bluetoothd[154:11d8] [com.apple.bluetooth:Server.Core] Desense: WLAN Status: ON, isWiFiAssociated: No, wiFiAssociatedBand2GHz: No, wiFiAssociatedBand5GHz: No
2025-07-21 17:06:36.527 Df bluetoothd[154:454fc93] [com.apple.bluetooth:Server.MacCoex] Desense Detection: Current Minimum NF Value for Core0 is -113 and Core1 is -112, current state is Off, current number of connected USBs is 2 and USB Detected is True
2025-07-21 17:06:36.644 Df bluetoothd[154:454fa0d] [com.apple.bluetooth:CBDaemonServer] BLE Scanner Device Found: CBDevice 6E227281-9968-3BC6-D7A7-3400823A917F, BDA D2:CA:5F:AF:B6:F1, Nm 'Kyle’s Mac mini', Md Mac14,12, IDS 93A8F1D1-F4E7-4ED9-AE72-B76FA705B1F1, stID 93A8F1D1-F4E7-4ED9-AE72-B76FA705B1F1, DsFl 0x800040 < NearbyInfo Pairing >, DvF 0x1B080 < SameAccount Hidden BLEPaired CloudPaired HIDGoodBehavior >, RSSI -86, Ch 38, CtInfo CBControllerInfo, BlSt Unknown, DcsS Unknown, Sync Status: Uploaded, FastLE v1, Allowed: yes, InqS Unknown, LMPv 0 (Unknown), SSrv: 0x392039 < HFP AVRCP A2DP HID Braille LEA AACP GATT SerialPort >, BTv 5.3, AdTsMC <1318789409184>, AMfD <4c 00 10 05 4d 1c 2a 9d f4>, nbIAT <2a 9d f4>, nbIF 0x1C1 < AirDrop AT Duet WiFiP2P >, CF 0x200000000 < RSSI >
2025-07-21 17:06:36.915 Df bluetoothd[154:454e48a] [com.apple.bluetooth:CBDaemonServer] BLE Scanner Device Found: CBDevice FD8437A8-5646-E4A6-5E4A-ACCC6BAD52B4, BDA 42:42:EA:4A:FE:F1, Nm 'Kyle’s Mac mini', Md Mac14,12, IDS 93A8F1D1-F4E7-4ED9-AE72-B76FA705B1F1, AcID kylemath@gmail.com, stID 93A8F1D1-F4E7-4ED9-AE72-B76FA705B1F1, DsFl 0x40 < NearbyInfo >, DvF 0x40000000080 < SameAccount Connectable >, RSSI -83, Ch 39, AdTsMC <1318789679941>, AMfD <4c 00 10 05 4d 1c 2a 9d f4>, nbIAT <2a 9d f4>, nbIF 0x1C1 < AirDrop AT Duet WiFiP2P >, CF 0x200000000 < RSSI >
2025-07-21 17:06:37.302 Df bluetoothd[154:454e48a] [com.apple.bluetooth:Server.Core] Le [0x44]: time  40, coex   0, rssi -45, tx [S=  0:F=  0], rx [S=  0:F=  0], 1M {rx 0, tx 0}, 2M {rx 0, tx 0}
2025-07-21 17:06:37.371 Df bluetoothd[154:454e48a] [com.apple.bluetooth:Server.MacCoex] Adding LE Connection <private>
2025-07-21 17:06:37.372 Df bluetoothd[154:454e48a] [com.apple.bluetooth:Server.MacCoex] Posting Bluetooth Status Notification <private>
2025-07-21 17:06:37.526 Df bluetoothd[154:454e48a] [com.apple.bluetooth:Server.Core] Classic [0x10]: time   2, coex   0, rssi -44, tx [S=  0:F=  0], rx [S=  0:F=  0], Pkt Tx{0 0 0}{0 0 0}{0 0 0} Rx{0 0 0}{0 0 0}{0 0 0}
2025-07-21 17:06:37.526 Df bluetoothd[154:11d8] [com.apple.bluetooth:Server.Core] Desense: WLAN Status: ON, isWiFiAssociated: No, wiFiAssociatedBand2GHz: No, wiFiAssociatedBand5GHz: No
2025-07-21 17:06:38.300 Df bluetoothd[154:454e48b] [com.apple.bluetooth:Server.Core] BT Stats for metric '<private>' sent to CoreAnalytics with result 0
2025-07-21 17:06:38.300 Df bluetoothd[154:454e48b] [com.apple.bluetooth:Server.Core] HID Latency Statistics events indicated HID lag issue is detected on connection handle 0x0044, vid = 1133 (0x046d), pid = 45105 (0xb031)
2025-07-21 17:06:38.300 Df bluetoothd[154:454e48b] [com.apple.bluetooth:Server.Core] BT Stats for metric '<private>' sent to CoreAnalytics with result 0
2025-07-21 17:06:38.301 Df bluetoothd[154:b9c] [com.apple.bluetooth:BTServicesClient] TargetUserSession kylemathewson 501
2025-07-21 17:06:38.301 Df bluetoothd[154:454e48b] [com.apple.bluetooth:Server.Core] Le [0x44]: time  34, coex   0, rssi -43, tx [S=  1:F=  1], rx [S= 22:F=  0], 1M {rx 0, tx 0}, 2M {rx 2, tx 22}
2025-07-21 17:06:38.302 Df audioaccessoryd[4247:454ff01] [com.apple.bluetooth:BTServicesDaemon] DiagnosticControl: { "IsDeviceStatisticEnabled" : true, "NumberOfRSSIDecreasedMoreThan30dBm" : 0, "FWVersion" : "0.0.0", "HFPSessionState" : 3, "DeviceLowestRSSI" : -54, "AverageHIDLatencyInMSec" : 53, "PID" : 45105, "SniffInterval_Bin_01_11.25ms" : 0, "WiFiOnWhichBand" : 0, "TotalAnomaliesInBins" : 1, "SniffInterval_Bin_11_750ms" : 0, "DisconnectReason" : 0, "LEASessionState" : 3, "SniffInterval_Bin_02_15ms" : 0, "PER" : 0, "RSSI" : 0, "SniffIntervalSkippedPercentage" : 0, "SniffInterval_Bin_10_500ms" : 0, "DSniffOffset" : 2, "SniffInterval_Bin_12_>750ms" : 1, "ConnectedClassicDevice" : 0, "SniffInterval_Bin_05_45ms" : 0, "IsHFPActive" : false, "TriggerReason" : "Anomaly", "WiFiPowerState" : 2, "IsLEAStreaming" : false, "SniffIntervalSkipped" : 0, "NumberOfRSSIIncreasedMoreThan30dBm" : 0, "MaxHIDLatencyInMSec" : ">750ms", "NumberOfAppleMouseOrTrackpadConnected" : 1, "StatisticsCollectedInSeconds" : 1, "SniffIntervalServicedPercentage" : 201, "_input" : "HIDLagDetected", "SniffInterval_Bin_09_150ms" <…>
2025-07-21 17:06:38.302 Df audioaccessoryd[4247:454ff01] [com.apple.bluetooth:BTServicesDaemon] A2DPSessionState" : 3, "NumberOfRSSIDecreasedBetween26To30dBm" : 0, "ConnectedLEDevice" : 0, }
2025-07-21 17:06:38.302 Df audioaccessoryd[4247:454ff01] [com.apple.bluetooth:BTServicesDaemon] Diag: Bluetooth HID lag banner not shown due to throttle
2025-07-21 17:06:38.303 Df bluetoothd[154:b9c] [com.apple.bluetooth:BTServicesClient] Invalidating
2025-07-21 17:06:38.529 Df bluetoothd[154:454e48b] [com.apple.bluetooth:Server.Core] Classic [0x10]: time   5, coex   0, rssi -44, tx [S=  1:F=  9], rx [S=  0:F=  0], Pkt Tx{0 0 0}{0 0 0}{0 0 0} Rx{0 0 0}{0 0 0}{0 0 0}
2025-07-21 17:06:38.529 Df bluetoothd[154:11d8] [com.apple.bluetooth:Server.Core] Desense: WLAN Status: ON, isWiFiAssociated: No, wiFiAssociatedBand2GHz: No, wiFiAssociatedBand5GHz: No
2025-07-21 17:06:38.529 Df bluetoothd[154:454e48b] [com.apple.bluetooth:Server.MacCoex] Desense Detection: Current Minimum NF Value for Core0 is -113 and Core1 is -112, current state is Off, current number of connected USBs is 2 and USB Detected is True
2025-07-21 17:06:39.026 Df sharingd[4170:4a85b] [com.apple.bluetooth:WirelessProximity] Nearby clear duplicate filter cache type 1
2025-07-21 17:06:39.026 Df bluetoothd[154:454e48b] [com.apple.bluetooth:WirelessProximity] clear dup filter cache for process sharingd (4170) with scan request of type 16, blob: {length = 0, bytes = 0x}, mask {length = 0, bytes = 0x}, active: 0, duplicates: 0, screen on: No Scan, screen off: No Scan, locked: 1,  rssi: -90, peers: (
) nearby scan mode: 10, advbuf: 0, priority critical: 0, range: 0, usecases:
2025-07-21 17:06:39.027 Df bluetoothd[154:454e48b] [com.apple.bluetooth:WirelessProximity] About to clearDuplicateFilterCache for type: 16
2025-07-21 17:06:39.027 Df bluetoothd[154:454e48a] [com.apple.bluetooth:Server.XPC] Received XPC message "CBMsgIdClearDuplicateFilterCache" from session "com.apple.bluetoothd-central-154-3"
2025-07-21 17:06:39.031 Df bluetoothd[154:454e48a] [com.apple.bluetooth:Server.App] clearDuplicateFilterCache for session "com.apple.bluetoothd" type 16
2025-07-21 17:06:39.303 Df bluetoothd[154:454e48b] [com.apple.bluetooth:Server.Core] Le [0x44]: time   3, coex   0, rssi -40, tx [S=  0:F=  0], rx [S=113:F=  0], 1M {rx 0, tx 0}, 2M {rx 0, tx 113}
2025-07-21 17:06:39.529 Df bluetoothd[154:454e48a] [com.apple.bluetooth:Server.Core] Classic [0x10]: time   3, coex   0, rssi -44, tx [S=  0:F=  0], rx [S=  0:F=  0], Pkt Tx{0 0 0}{0 0 0}{0 0 0} Rx{0 0 0}{0 0 0}{0 0 0}
2025-07-21 17:06:39.529 Df bluetoothd[154:11d8] [com.apple.bluetooth:Server.Core] Desense: WLAN Status: ON, isWiFiAssociated: No, wiFiAssociatedBand2GHz: No, wiFiAssociatedBand5GHz: No
2025-07-21 17:06:39.530 Df bluetoothd[154:454fa0d] [com.apple.bluetooth:Server.MacCoex] Desense Detection: Current Minimum NF Value for Core0 is -113 and Core1 is -112, current state is Off, current number of connected USBs is 2 and USB Detected is True
